module,version,random_average,naive_25,naive_50,naive_75,naive_100,naive_v0_99,jfr_24,jfr_49,jfr_74,jfr_99,jfr_v0_99,warm_24,warm_49,warm_74,warm_99,warm_v0_99,ag_24,ag_49,ag_74,ag_99,ag_v0_99,random_times
20,0,286.7342020000001,260.19919999999996,289.66880000000003,289.66880000000003,275.78880000000004,248.70100000000002,266.73519999999996,259.171,266.2092,259.5305,262.73349999999994,266.1039,253.8159,259.5686,260.0965,258.2387,286.09790000000004,289.17420000000004,NA,NA,258.83449999999993,253.64450000000002;310.2656;286.57259999999997;283.95799999999997;260.19919999999996;441.66779999999994;255.2801;261.3394;261.02139999999997;271.19669999999996;298.0596;314.1866;311.07939999999996;259.0847;271.3655;309.6683;263.3633;274.1528;274.8456;274.8363;297.81969999999995;286.2708;265.3886;286.7403;302.11199999999997;252.66459999999998;307.0414;269.45669999999996;284.9105;332.08449999999993;260.43640000000005;270.55549999999994;278.80330000000004;257.9985;257.7919;260.0388;269.9788;257.33669999999995;274.5349;262.5811;275.1481;289.66880000000003;277.88009999999997;274.3395;276.8695;399.4923;256.33410000000003;279.2768;274.001;268.56010000000003;302.1595;298.62;319.34850000000006;300.21299999999997;276.1354;297.7216;283.7663;255.7831;288.8442;263.0629;274.5334;278.7917;253.22129999999999;255.95889999999997;265.3512;261.36629999999997;253.7176;282.5974;270.12829999999997;248.70100000000002;263.6133;283.29879999999997;255.555;496.1097;305.60069999999996;257.17949999999996;280.4486;284.8918;298.38789999999995;292.1834;264.49739999999997;311.94129999999996;303.2711;286.5318;279.4013;273.423;319.96889999999996;303.3202;283.7307;272.5312;275.78880000000004;327.0482;328.3693;286.0929;312.867;285.82550000000003;289.1391;296.5419;255.48369999999997;428.45390000000003
20,10,142.711508,140.8704,143.4998,143.4998,149.6865,135.5586,137.4276,136.6,137.8673,136.0096,136.7436,140.6051,144.8447,141.14310000000003,142.5894,142.3526,139.6236,137.6822,NA,NA,135.1778,137.4536;135.232;145.02740000000003;144.77970000000002;140.8704;139.80740000000003;137.2821;140.0461;135.3555;145.1505;143.7222;144.0847;137.9187;145.0827;139.4644;137.90250000000003;139.98430000000002;142.8315;139.2364;142.4131;142.96480000000003;143.11849999999998;137.1628;140.5265;139.4343;137.01909999999998;140.11519999999996;139.8162;139.9847;142.0304;142.63120000000004;140.8254;136.91889999999998;143.26309999999998;138.805;153.4759;143.6183;139.9742;143.483;138.5314;142.9758;143.4998;143.2747;143.998;148.3283;143.3598;138.40980000000002;146.0564;141.19099999999997;142.6217;143.3607;151.171;144.00990000000002;146.65590000000003;150.15839999999997;145.8166;145.0865;143.3909;144.2167;144.2047;136.04379999999998;143.01389999999998;134.05270000000002;138.588;141.4357;143.23540000000003;133.76239999999999;145.32760000000002;148.57100000000003;135.5586;141.981;143.5556;136.0034;140.98350000000002;148.16910000000001;144.0994;157.513;145.17790000000002;154.8308;148.9913;148.3022;141.9049;144.1918;151.97039999999998;136.695;142.79829999999998;144.2804;138.88260000000002;138.9694;144.2013;149.6865;149.2727;143.18959999999998;144.17419999999998;142.35160000000002;148.99559999999997;152.9991;144.114;134.37130000000002;139.7751
20,20,134.64077000000006,144.1865,136.1187,136.1187,134.9203,125.6038,131.17669999999998,128.5313,129.6298,127.2089,130.8824,134.6991,128.4348,131.8554,132.76600000000002,134.6837,140.8511,135.2289,NA,NA,125.52789999999999,132.736;127.7585;145.2681;139.19719999999998;144.1865;140.39159999999998;132.834;142.43089999999998;128.32309999999998;144.7448;138.39260000000002;142.4274;132.0854;136.77579999999998;134.0824;130.74509999999998;131.2174;134.7468;133.20579999999998;133.397;139.2259;135.1428;132.3601;133.69039999999998;133.29899999999998;130.8376;129.8414;143.01760000000002;131.5211;136.33780000000002;133.8831;138.8392;133.33500000000004;134.84879999999998;136.987;137.88729999999998;137.38309999999998;135.1337;135.98479999999998;131.426;136.5204;136.1187;140.6762;133.4887;133.89939999999999;136.3125;133.1623;137.17159999999998;134.46880000000002;129.111;133.2222;136.1648;140.0855;139.4462;134.0147;140.0516;133.6404;133.8315;130.1914;133.65930000000003;130.3416;133.5707;126.76729999999999;129.2484;132.77100000000002;136.04410000000001;125.3852;131.77530000000002;135.2132;125.6038;132.6229;134.5176;131.2912;130.7973;135.8163;131.865;135.265;133.8078;136.8788;134.49169999999998;130.7131;135.1931;140.04249999999996;141.5294;126.30710000000002;135.6615;140.8184;138.288;130.80989999999997;136.58970000000002;134.9203;133.7095;134.5221;131.9249;134.1686;133.09609999999998;136.8287;132.81789999999998;128.92079999999999;131.9759
20,30,134.37638900000002,132.3805,138.0344,138.0344,133.3184,126.91710000000002,131.92639999999997,130.18110000000001,129.9525,130.74629999999996,130.9243,133.429,126.46700000000001,133.3275,132.3186,142.183,131.3137,129.5518,NA,NA,125.4691,131.22750000000002;128.8746;135.06130000000002;138.9533;132.3805;132.3254;129.3542;137.6352;130.3238;133.679;137.8498;135.40570000000002;132.3202;131.9827;135.0615;130.8558;133.02870000000001;130.5526;131.7498;134.6064;132.20870000000002;131.1327;131.5623;129.5272;129.7206;128.55849999999998;129.8244;137.99380000000002;134.9;134.4678;137.52849999999995;135.22560000000001;129.6904;132.1042;133.5237;129.9613;137.28650000000002;131.4267;137.42210000000003;135.662;136.85109999999997;138.0344;135.7632;134.15029999999996;133.7802;134.329;130.0661;133.3703;133.8245;131.3577;136.4878;140.77270000000001;136.98699999999997;142.234;137.0135;139.1726;133.0696;132.5083;138.9561;134.4001;129.12329999999997;135.4466;130.9899;131.13819999999998;132.67849999999999;140.0382;125.77819999999998;132.4452;137.08429999999998;126.91710000000002;135.3044;129.7795;129.8426;129.66989999999998;135.90879999999999;130.82029999999997;134.5264;135.2699;146.90429999999998;147.37619999999998;131.8759;138.03;139.56210000000002;151.03879999999998;129.93810000000002;135.65019999999998;142.73969999999997;141.4494;137.16809999999998;133.4385;133.3184;133.3151;133.40640000000002;138.6182;133.61610000000002;133.68779999999998;139.4472;138.3087;128.2302;131.6747
20,40,136.10441400000002,135.0915,133.93780000000004,133.93780000000004,132.5074,136.21550000000002,126.82909999999998,127.3015,127.9097,127.11250000000001,126.82730000000001,133.7386,127.5041,131.27500000000003,134.0668,137.28250000000003,136.1229,139.2655,NA,NA,128.48839999999998,136.37740000000002;131.0891;135.8752;131.6966;135.0915;135.5668;139.50349999999997;133.2186;134.94729999999998;140.1836;132.3709;145.6855;136.1868;129.0764;133.73950000000002;145.7826;135.506;131.9583;133.7673;135.50869999999998;130.52120000000002;130.3268;132.38959999999997;127.39150000000001;128.08740000000003;131.0204;134.2635;134.1754;134.9401;132.13770000000002;159.90050000000002;149.0141;136.76819999999998;147.5464;140.5554;137.4837;138.118;137.6696;137.21800000000002;136.76109999999997;127.62320000000003;133.93780000000004;131.1927;136.76770000000002;135.8234;133.36690000000002;132.8126;136.7118;135.00009999999997;138.5003;132.0307;132.9033;141.98000000000002;144.6103;134.227;148.38530000000003;133.2793;155.4322;140.6907;143.4463;128.46280000000002;141.941;138.56089999999998;141.45659999999998;134.128;138.43890000000002;128.3706;130.94729999999998;129.743;136.21550000000002;139.6864;130.58890000000002;142.85539999999997;138.0338;131.1971;128.1532;129.11430000000001;138.7404;129.93649999999997;142.0336;131.55110000000002;138.74099999999999;135.5361;136.9137;131.7996;135.6504;135.83270000000002;128.1197;144.81019999999998;135.07760000000002;132.5074;140.5574;147.27810000000002;134.3243;132.22799999999998;140.68619999999999;133.74689999999998;139.5553;129.7052;129.0745
20,50,230.90733600000007,220.19559999999998,249.46679999999998,249.46679999999998,219.32350000000005,219.3628,213.66690000000003,215.09179999999998,212.9225,212.2462,209.91790000000003,215.41929999999996,210.66110000000003,213.26610000000002,218.8449,210.96460000000002,259.96990000000005,231.61440000000005,NA,NA,209.9073,371.41079999999994;213.1678;251.5967;217.3272;220.19559999999998;225.4257;227.2482;256.62600000000003;214.2542;219.938;224.24900000000002;226.2842;211.7482;210.0944;218.9315;220.0922;212.99729999999997;219.482;227.11939999999998;215.82649999999995;212.9702;209.12599999999998;220.3021;226.4269;211.9684;218.5068;219.02890000000002;213.9865;219.3935;216.9523;254.7219;252.85649999999998;217.9464;237.99290000000002;222.13699999999997;236.09539999999998;217.2706;224.8537;222.1625;221.22;292.1645;249.46679999999998;284.9447;238.22100000000003;230.8863;250.8925;223.804;239.24919999999997;216.8345;224.2702;215.8122;223.9962;253.29959999999994;227.47990000000001;227.64259999999993;227.08369999999996;225.10250000000002;220.32129999999998;216.48749999999998;237.81120000000004;204.97709999999998;228.9552;219.94110000000006;237.85940000000002;218.42420000000004;257.3451;206.87559999999996;209.7323;212.21820000000002;219.3628;214.98829999999998;222.0608;226.52399999999997;265.77239999999995;224.48020000000002;222.704;220.22789999999998;227.0734;214.38170000000002;252.90179999999998;222.61949999999996;254.637;271.0287;242.99289999999996;226.56380000000001;234.92270000000005;318.5888000000001;209.2754;260.6304;243.9561;219.32350000000005;244.46529999999996;248.69709999999998;227.04520000000002;226.87879999999996;217.58749999999998;219.50829999999996;263.47290000000004;210.49860000000004;215.5318
20,60,241.45622799999992,234.15660000000003,257.23859999999996,257.23859999999996,231.4087,227.0054,225.16069999999996,225.8301,225.39390000000003,226.92189999999994,218.436,231.7264,222.5227,232.0616,227.07559999999998,230.84879999999998,250.071,240.86879999999996,NA,NA,220.32119999999998,225.7376;232.4753;255.4766;227.98989999999998;234.15660000000003;224.7745;235.3727;234.24640000000002;224.63529999999997;234.11150000000004;238.50520000000006;251.23909999999998;233.4983;233.12309999999997;232.9903;239.2093;232.72269999999997;230.0953;259.6166;234.1861;226.9661;221.90290000000002;235.4414;257.2959;222.3043;226.85720000000003;230.24009999999998;229.92400000000004;248.89640000000003;229.43580000000003;251.3504;291.453;225.03259999999997;269.8891;235.69570000000002;234.96120000000002;237.6035;250.6891;243.07569999999998;226.70839999999998;260.5686;257.23859999999996;266.084;242.50400000000002;245.23340000000002;238.2782;249.81899999999996;238.4795;226.88909999999998;242.29840000000002;230.2804;250.11729999999997;265.806;255.7313;227.3169;239.3749;234.33399999999997;244.1352;233.814;276.6576;217.85680000000002;265.9418;256.6317;263.01230000000004;225.95119999999997;235.7534;219.04149999999998;224.24439999999993;220.92630000000003;227.0054;226.9108;239.21330000000003;253.5684;251.7928;231.1451;231.0992;249.56839999999997;267.3714;223.5636;250.55449999999996;238.28070000000002;254.94409999999996;295.2568;255.6133;233.84860000000003;243.1564;277.82160000000005;224.2722;246.8822;257.4869;231.4087;251.551;267.8148;233.9617;264.7525;223.22499999999997;231.0686;252.61860000000001;224.2323;221.4289
20,70,104.57341699999999,103.2758,114.9299,114.9299,99.94200000000001,106.6731,96.2839,94.8994,97.1412,94.6258,96.56290000000001,104.51310000000001,97.4011,102.3115,101.2962,102.06660000000001,102.33409999999999,105.3193,NA,NA,96.3469,101.491;98.9493;101.2575;104.0908;103.2758;99.49439999999998;105.9435;102.8711;99.69049999999999;102.71799999999999;103.7518;104.8286;98.4494;114.7053;105.6986;103.9279;97.3809;104.75919999999999;107.38380000000001;106.3277;105.5906;102.97540000000001;106.5776;95.71399999999998;93.9588;103.45810000000002;99.2097;102.88289999999999;103.12920000000001;104.2649;109.3546;111.7086;102.40460000000002;101.60009999999998;96.5481;123.5873;130.5396;110.50970000000001;115.3984;95.1641;98.71999999999998;114.9299;121.28989999999999;97.49609999999998;98.5009;100.5582;105.05;118.3749;111.0159;100.9334;107.5452;115.25219999999999;112.61839999999998;112.3704;107.57310000000001;114.28929999999998;101.87310000000001;110.0522;104.4066;109.64769999999999;94.46130000000001;96.7758;95.32229999999998;107.42559999999999;102.7142;109.9297;96.91820000000001;107.3458;100.3502;106.6731;103.7755;102.89869999999999;104.8095;104.07639999999999;102.7998;104.9571;106.3546;103.3905;101.9709;105.71589999999999;99.1115;106.36609999999999;103.56450000000001;110.7017;96.2549;110.4392;103.273;95.20260000000002;103.39949999999999;106.02919999999999;99.94200000000001;105.8923;101.46770000000001;106.5887;101.41;100.2814;103.53190000000001;102.31490000000001;98.1346;100.7021
20,80,123.93737800000002,127.80369999999999,123.61459999999998,123.61459999999998,126.38399999999999,133.0523,117.03280000000001,113.638,114.3485,113.01610000000001,114.7055,121.73940000000002,118.35480000000001,118.84320000000001,119.90310000000001,122.1154,118.9777,137.8675,NA,NA,114.54329999999999,119.9037;120.7628;124.5866;123.49879999999999;127.80369999999999;130.70880000000002;125.75789999999999;124.0316;120.26940000000002;123.5278;123.3434;138.40420000000003;118.2723;125.366;128.84349999999998;122.4128;111.38450000000002;128.40680000000003;123.5546;129.8949;129.49620000000002;122.291;127.6054;115.0544;114.28290000000001;122.4759;116.41390000000001;122.57059999999998;123.95570000000001;118.1071;134.764;122.14120000000001;121.9568;129.7767;113.6873;131.872;114.69130000000001;128.62019999999998;128.7402;114.2451;116.7431;123.61459999999998;126.9462;132.38550000000004;116.5573;126.40130000000002;124.09140000000001;139.7011;123.7594;115.7294;125.21520000000001;128.5315;131.911;117.01410000000001;124.98459999999999;125.36499999999998;119.49090000000001;127.4959;126.5512;120.0148;117.0857;119.16550000000001;123.3606;138.6349;120.07570000000001;129.7932;114.3066;119.96979999999998;118.5685;133.0523;127.3857;124.67599999999999;124.39260000000002;125.513;121.75959999999999;125.4516;132.0501;120.8539;123.63479999999998;125.56619999999998;127.43169999999999;120.4549;149.30689999999998;112.90570000000001;117.72129999999999;145.9742;136.94310000000002;113.63349999999998;119.84360000000001;131.7019;126.38399999999999;124.9139;117.1931;114.44149999999999;121.9967;115.6573;120.29599999999999;123.71499999999999;112.8074;119.13430000000001
20,90,103.37526699999997,109.1378,108.9128,108.9128,103.1687,108.8398,95.8971,96.1783,95.16510000000001,94.42599999999999,96.7619,102.1581,94.85849999999999,100.7572,101.24659999999999,99.2154,97.94659999999999,99.6722,NA,NA,96.3324,105.61200000000001;98.71109999999999;105.3398;102.19169999999998;109.1378;104.40570000000001;111.136;114.6868;97.3494;103.1886;108.37599999999999;94.5499;95.66249999999998;112.422;102.7723;100.54490000000001;93.3049;107.7071;107.9723;108.9257;107.35499999999999;106.54230000000001;106.1226;97.478;97.3527;108.5018;100.74340000000001;105.6275;104.5626;104.35069999999999;107.38149999999999;108.1832;106.1411;99.2662;94.0681;107.4444;98.7353;110.1485;107.18129999999998;93.69200000000001;99.5133;108.9128;106.268;94.4767;100.1554;97.52120000000001;107.68329999999999;108.4123;105.68849999999999;98.83689999999999;104.88659999999999;105.89590000000001;107.36970000000001;100.1918;105.1624;107.69179999999999;101.7288;96.67320000000001;111.40899999999999;102.5395;94.846;97.162;93.86850000000001;107.34459999999999;103.8807;113.6198;94.3117;103.7335;105.8056;108.8398;105.4769;108.7618;101.07629999999997;103.35419999999999;104.98939999999999;106.1987;108.19500000000001;104.77999999999999;102.5204;104.9959;101.722;97.018;107.3887;93.76;96.7535;106.6027;107.3165;94.19380000000001;105.7894;108.51229999999998;103.1687;109.66059999999999;96.3636;96.44879999999999;101.3914;93.5521;109.64029999999998;108.44720000000001;96.1961;103.94839999999999
20,100,368.76460399999996,350.986,350.1233,350.1233,345.7255,374.6709,345.9044,343.1943,341.5568,349.39380000000006,351.4646,343.9625,343.0235,344.5935999999999,345.31960000000004,343.70090000000005,413.99750000000006,392.8466,NA,NA,346.2338,345.0915;407.66869999999994;409.82000000000005;343.8745;350.986;347.7512;357.8587;357.67859999999996;387.42189999999994;376.5839999999999;368.9485;368.9348;385.4962;344.4425;362.8197;426.63669999999996;342.4523;357.8769;361.61049999999994;412.79029999999995;343.4768000000001;342.74479999999994;355.6112;356.6495;346.473;345.3582;402.0016999999999;344.1752;350.7364;369.3148;407.9604;471.946;342.9467;386.3822;345.3109;366.04960000000005;371.9189;385.61179999999996;354.2155;340.3508999999999;356.23839999999996;350.1233;352.5171000000001;409.4392;361.6906;372.99309999999997;399.8115;359.61500000000007;365.2745;357.49210000000005;350.31690000000003;369.9847;364.0199;405.6046;343.6055;433.6804;348.27209999999997;387.8828;370.3912;396.86940000000004;346.95109999999994;352.10339999999997;375.7969999999999;411.87819999999994;384.92589999999996;372.72589999999997;350.6305;349.94939999999997;342.31539999999995;374.6709;354.8158;349.0496999999999;361.5315;394.1183;357.5597;354.6926;354.8089;370.11940000000004;348.5768999999999;412.21290000000005;357.2935;406.31579999999997;404.0362;348.16179999999997;344.922;413.39039999999994;424.43730000000005;346.18420000000003;354.19960000000003;380.13929999999993;345.7255;364.1974;364.57120000000003;339.3306;375.41830000000004;362.68449999999996;374.37760000000003;358.89379999999994;343.102;347.8457000000001
20,latest,248.79434000000003,252.1447,247.41369999999998,247.41369999999998,249.75889999999998,246.72269999999997,248.20899999999995,249.31849999999997,248.2563,248.20119999999997,246.46080000000006,247.4694,247.88329999999996,247.6216,248.0344,249.08599999999996,251.06240000000003,248.75109999999998,NA,NA,248.2133,246.60750000000002;247.10109999999997;246.53429999999997;245.71759999999995;252.1447;247.96209999999996;253.61569999999998;251.81980000000004;248.2418;248.3589;250.24019999999996;252.76089999999994;245.85790000000003;253.1607;245.83780000000002;247.17289999999994;247.599;249.18430000000006;249.39689999999996;246.91659999999996;248.72560000000004;249.91860000000003;249.11439999999996;247.08000000000004;252.04189999999997;247.96639999999996;245.43;248.0523;249.0041;250.39929999999995;247.1554;249.21179999999998;251.56459999999996;247.904;249.29450000000003;250.51190000000003;249.74659999999997;248.7955;249.19549999999998;248.7491;248.6074;247.41369999999998;248.1503;247.10360000000003;250.9538;249.31009999999992;249.11419999999998;247.41320000000002;247.58480000000003;249.53619999999998;249.7548;250.83140000000003;247.70929999999998;247.03700000000003;247.3594;252.8274;248.8871;245.71480000000003;248.0769;248.7067;247.78879999999998;246.39550000000006;247.73320000000007;247.36290000000002;246.90469999999996;250.6037;249.49489999999997;251.2427;249.18829999999994;246.72269999999997;248.36100000000002;247.70659999999998;247.73560000000006;249.60360000000003;250.6465;248.8596;247.2645;248.49999999999994;246.37739999999997;249.75640000000004;250.99689999999998;249.28379999999999;248.09629999999999;245.98629999999994;249.40419999999995;248.03030000000004;247.7898;249.11709999999997;252.07119999999998;247.45139999999998;249.75889999999998;247.4264;247.9423;252.301;249.2407;250.0044;248.8878;250.4;250.6876;248.12469999999996
29,0,44.532130000000016,42.0238,42.0238,42.0238,42.0238,42.0238,45.0431,46.9594,44.5075,44.1854,43.0616,47.785000000000004,44.992,48.64189999999999,46.946,50.1836,44.4173,47.2969,NA,NA,45.5686,44.62060000000001;43.7774;44.918000000000006;44.090900000000005;42.224599999999995;45.444700000000005;43.9059;44.653400000000005;44.0828;44.5579;44.017799999999994;44.182599999999994;44.5717;44.434200000000004;43.3388;44.8219;43.8753;42.0238;43.5382;44.908699999999996;43.907300000000006;43.726;42.8592;43.7389;45.1006;43.37349999999999;44.041999999999994;43.8722;44.642700000000005;43.336200000000005;45.5075;44.313900000000004;45.6249;44.4446;44.4927;45.67850000000001;44.593999999999994;44.02810000000001;45.3574;44.9585;43.8929;44.9201;45.7102;43.715500000000006;45.3181;44.5624;43.1856;44.297700000000006;44.3434;43.6015;44.7204;43.5953;44.4853;45.2142;43.995799999999996;45.16820000000001;44.1115;44.7297;45.1666;46.3057;44.7556;44.072599999999994;45.3745;45.4092;44.6479;45.4909;46.2313;45.9286;45.02589999999999;43.1606;45.7806;45.0163;44.952400000000004;45.542699999999996;45.7301;45.22710000000001;42.96509999999999;45.7363;44.343700000000005;42.2382;45.1904;45.1682;45.4362;45.49850000000001;45.751999999999995;45.7769;44.5811;44.674400000000006;43.1059;44.4341;45.1279;44.111900000000006;44.5183;44.585499999999996;43.0725;45.063599999999994;44.781800000000004;44.13849999999999;45.3027;44.635000000000005
29,10,45.238699000000004,43.512600000000006,43.512600000000006,43.512600000000006,43.512600000000006,43.512600000000006,44.74980000000001,43.7989,42.7832,43.9922,44.593300000000006,44.85969999999999,45.8233,45.171899999999994,44.0459,45.8888,46.10849999999999,48.413000000000004,NA,NA,49.0051,44.4025;44.23989999999999;45.415499999999994;44.5784;44.200500000000005;43.262299999999996;44.2616;44.83239999999999;44.7748;45.2881;45.498400000000004;44.0542;44.7986;46.2544;46.0123;46.35;44.8589;43.512600000000006;44.982699999999994;43.8672;44.2122;45.126599999999996;45.0516;45.147400000000005;45.560599999999994;44.5238;44.8481;45.9762;45.1808;45.5015;44.419399999999996;44.8952;44.17750000000001;45.205400000000004;44.92280000000001;45.569100000000006;46.0509;44.115300000000005;45.5498;45.2702;45.6311;45.110299999999995;51.6937;45.512;44.375;44.8745;45.185;45.0308;45.112899999999996;44.992599999999996;44.4445;45.1766;42.8348;44.8923;43.8576;45.2843;44.7252;45.699;44.107;43.5826;45.6237;46.562200000000004;44.845;45.1832;45.1194;46.631499999999996;44.9828;45.28209999999999;46.225699999999996;45.28320000000001;45.1545;46.119699999999995;46.9585;45.1776;45.742399999999996;44.8639;45.154300000000006;44.3184;44.270399999999995;46.2569;45.018100000000004;52.80820000000001;45.1478;47.0487;45.417699999999996;45.542100000000005;47.1944;45.26050000000001;45.1898;45.2821;46.93300000000001;46.150400000000005;46.2961;46.4612;45.539300000000004;43.8716;43.1674;44.1289;44.519999999999996;44.2657
29,20,45.00139600000001,42.09369999999999,42.09369999999999,42.09369999999999,42.09369999999999,42.09369999999999,45.574,43.697599999999994,43.646,43.1801,43.2762,45.1238,43.455799999999996,45.49850000000001,45.6225,45.077,45.215700000000005,47.0076,NA,NA,45.02300000000001,45.4702;42.2277;45.283;43.464299999999994;44.5492;45.3576;44.8047;43.8774;46.1638;45.0876;44.709500000000006;42.4495;44.427200000000006;44.8008;44.2947;44.8558;44.9076;42.09369999999999;44.6062;45.4198;46.8328;46.8091;44.9108;46.39920000000001;45.9895;52.3362;44.76649999999999;43.935;45.184799999999996;45.17450000000001;44.90820000000001;44.0416;44.054500000000004;43.03699999999999;44.575100000000006;45.0206;44.9062;45.4853;44.7983;43.2263;45.151799999999994;45.581500000000005;45.6927;45.497600000000006;45.719;45.6528;45.812400000000004;44.49870000000001;45.26219999999999;44.9867;45.4502;46.3357;43.9985;46.3908;44.918800000000005;45.691;43.265100000000004;44.2928;44.347699999999996;46.045700000000004;47.3188;45.2423;46.4942;45.46490000000001;45.9601;46.015699999999995;45.5577;46.42040000000001;46.704;43.484700000000004;44.723200000000006;44.866;45.2414;43.8981;46.2282;44.9294;45.5865;44.9955;45.0799;44.8732;43.6927;44.971199999999996;42.6242;44.2622;44.114900000000006;44.261300000000006;43.1455;45.409499999999994;43.6952;44.815000000000005;44.8848;44.3634;44.006699999999995;44.4174;44.766600000000004;44.6704;45.9241;45.0456;45.36;46.7912
29,30,45.052715,43.181099999999994,43.181099999999994,43.181099999999994,43.181099999999994,43.181099999999994,43.7658,43.751799999999996,43.6498,44.32019999999999,43.5829,44.789100000000005,43.9238,45.309799999999996,45.0323,44.98179999999999,56.496500000000005,48.9684,NA,NA,44.9401,46.581799999999994;45.439800000000005;46.409400000000005;46.1793;45.8438;45.7765;43.8198;42.948100000000004;46.5868;46.0321;47.0834;46.9679;52.4234;46.0457;47.6498;48.1242;45.892;43.181099999999994;45.003800000000005;45.9771;46.1177;46.4315;44.9585;44.0642;45.3972;46.421;46.9535;45.153600000000004;45.3069;45.3571;46.48909999999999;43.9309;45.1792;44.3733;44.041399999999996;43.868399999999994;43.7096;44.9964;44.1981;45.56150000000001;44.327600000000004;44.3952;44.5398;43.2366;44.3459;43.567800000000005;44.2835;44.447500000000005;43.7654;44.1502;44.978100000000005;45.07300000000001;44.986799999999995;44.7989;44.661199999999994;44.19029999999999;44.330200000000005;43.077200000000005;43.335499999999996;44.874500000000005;45.255700000000004;44.5076;45.167699999999996;45.8417;44.2061;43.28620000000001;44.5835;43.340700000000005;44.3124;43.7573;44.7975;45.1627;44.5924;43.787800000000004;44.012299999999996;44.920199999999994;45.4174;45.09100000000001;44.9518;43.5934;44.012299999999996;44.7936;45.792;45.2881;44.4934;45.6733;52.3065;44.6153;44.2119;42.73479999999999;44.3621;43.384299999999996;46.63170000000001;45.438;44.6676;44.7447;45.442;44.4814;45.1348;44.6382
29,40,44.82575800000001,44.0289,44.0289,44.0289,44.0289,44.0289,45.4279,43.480000000000004,43.9639,44.0988,43.187099999999994,45.1429,46.0579,45.242200000000004,46.3597,45.5488,47.5945,47.77100000000001,NA,NA,45.13590000000001,45.8639;45.59010000000001;44.603699999999996;44.4093;42.3249;45.5751;44.447500000000005;44.03;45.4317;44.4143;45.03;44.25;44.8143;43.7355;44.318599999999996;44.705799999999996;44.547;44.0289;45.573299999999996;43.8537;52.87899999999999;44.737300000000005;45.373;45.47709999999999;45.1816;44.776599999999995;43.9645;45.4011;45.322900000000004;46.340599999999995;45.2486;45.028099999999995;45.2436;43.4676;43.1047;45.0276;44.9478;44.354600000000005;45.003099999999996;43.7517;44.831199999999995;44.3116;44.325900000000004;43.8937;47.004900000000006;45.7706;44.5371;45.735200000000006;44.672;43.0526;44.96829999999999;44.35680000000001;45.3805;44.8054;44.63570000000001;46.2561;43.8089;44.054899999999996;43.554500000000004;44.5421;44.385099999999994;43.819100000000006;44.5386;44.627900000000004;43.7132;43.341899999999995;43.8641;44.423199999999994;44.9218;43.088100000000004;52.140699999999995;45.836099999999995;43.1647;43.3294;43.8624;44.6361;45.00149999999999;45.3598;45.96210000000001;44.7461;44.1818;44.334599999999995;45.2958;45.7535;46.09060000000001;44.80980000000001;44.601400000000005;45.4465;44.5565;41.9568;46.1943;45.0762;45.014300000000006;44.8628;44.998099999999994;44.3956;43.892900000000004;44.877;45.950199999999995;44.8485
29,50,44.90197099999998,43.0771,43.0771,43.0771,43.0771,43.0771,44.5972,42.9695,42.8007,43.65080000000001,43.68489999999999,44.3453,43.3779,44.627500000000005,45.930800000000005,45.2591,45.1567,46.91619999999999,NA,NA,43.0761,45.3034;46.06570000000001;44.433600000000006;43.952299999999994;44.0759;44.526700000000005;43.21;44.2908;45.0833;46.594300000000004;45.3248;42.896300000000004;45.9277;44.895799999999994;44.811899999999994;45.2606;44.5995;43.0771;45.4227;45.0967;45.0597;44.6717;45.5827;43.5067;44.45779999999999;44.499199999999995;43.5448;43.4633;45.32379999999999;43.7107;51.8249;44.2857;44.3603;44.5223;44.016999999999996;44.8851;46.51989999999999;45.0782;43.780699999999996;45.0291;44.8897;44.0739;43.8151;43.9405;45.6125;43.799400000000006;42.925200000000004;44.4666;43.879400000000004;45.151;46.5242;45.9521;43.6589;44.7228;45.583400000000005;45.366299999999995;46.7912;43.5505;44.6011;44.7555;45.972100000000005;45.3364;45.268699999999995;45.9756;44.9217;45.499900000000004;44.0899;45.65;44.8926;43.4439;45.3527;44.7076;43.317400000000006;44.5182;44.4289;45.5356;42.4768;44.7616;44.608900000000006;43.112;44.5488;45.460499999999996;46.016600000000004;43.932;44.658100000000005;44.967999999999996;45.654399999999995;45.6371;43.9826;43.210300000000004;44.296;45.621599999999994;44.853300000000004;45.1169;45.9216;54.6019;44.07209999999999;45.3468;46.21589999999999;45.180099999999996
29,60,45.104262,43.82169999999999,43.82169999999999,43.82169999999999,43.82169999999999,43.82169999999999,45.8444,45.6719,43.4334,44.5369,44.40110000000001,46.5728,45.8322,44.58409999999999,47.00489999999999,45.297799999999995,45.6241,46.571,NA,NA,44.285799999999995,45.3724;45.967699999999994;46.481899999999996;46.9614;46.0209;44.894299999999994;44.9054;43.352199999999996;44.8807;45.4463;45.4557;44.820499999999996;45.367000000000004;45.628699999999995;44.596000000000004;45.557900000000004;44.782199999999996;43.82169999999999;44.2727;44.8469;44.3702;45.4765;45.632600000000004;45.0347;41.998799999999996;44.036500000000004;44.3937;45.743300000000005;46.05950000000001;45.078900000000004;45.014799999999994;45.39660000000001;45.0096;43.6387;44.955799999999996;43.6401;46.555;45.3396;46.334999999999994;44.224700000000006;45.9409;45.5698;45.4779;41.9333;44.8968;45.19709999999999;44.067099999999996;45.227700000000006;44.0436;46.716499999999996;45.36840000000001;43.3154;46.5686;44.7556;45.81589999999999;46.053399999999996;43.97;45.1451;43.484700000000004;44.8986;45.1978;44.6589;54.9563;44.841499999999996;44.54369999999999;42.832499999999996;44.8071;45.09309999999999;44.7196;43.225100000000005;44.6785;45.3729;45.8529;44.2856;48.518;46.5912;46.2304;44.592600000000004;45.362;45.2773;43.968599999999995;44.9738;46.6652;46.8765;46.2662;45.1802;45.601;45.7111;43.107899999999994;44.8733;45.861799999999995;43.329499999999996;44.304700000000004;44.0891;44.5209;45.6971;44.294;45.0236;43.6267;45.0045
29,70,45.618248000000015,43.6605,43.6605,43.6605,43.6605,43.6605,46.790800000000004,44.9731,44.8733,45.5142,44.056000000000004,46.4529,44.866299999999995,46.0131,47.815,47.3738,47.967600000000004,49.503299999999996,NA,NA,44.8001,45.080799999999996;44.5112;46.0768;44.798;46.861000000000004;47.15219999999999;44.26389999999999;43.329299999999996;45.3043;45.859;46.4983;44.7137;46.913399999999996;46.4259;45.97559999999999;44.8074;45.0739;43.6605;46.4498;45.908500000000004;45.959900000000005;45.6661;45.3503;47.082699999999996;45.8951;54.352399999999996;45.52380000000001;44.1943;45.322;43.90820000000001;45.5199;45.923700000000004;46.4764;44.710699999999996;44.1671;46.151799999999994;44.4868;46.3699;44.567299999999996;46.0616;45.3298;45.249300000000005;46.1471;46.034299999999995;44.87400000000001;44.543;47.2157;44.768800000000006;46.041;45.3691;44.960499999999996;45.834900000000005;43.9158;45.2946;46.662;46.052099999999996;44.5591;47.3764;46.494499999999995;44.953599999999994;44.1411;47.6898;45.50000000000001;45.3051;44.4696;42.989599999999996;43.82029999999999;45.34740000000001;44.6653;46.442;44.6536;46.8234;45.4306;48.3694;47.387100000000004;46.625699999999995;45.5723;45.4481;45.525;45.3578;46.5308;52.225300000000004;45.1354;46.0132;45.13849999999999;45.7605;44.3799;44.3934;45.1259;46.2594;46.379400000000004;43.6564;45.2203;43.7612;46.27159999999999;45.10850000000001;43.886900000000004;45.1085;45.44239999999999;45.435
29,80,47.670505000000006,45.4831,45.4831,45.4831,45.4831,45.4831,46.5039,44.4213,47.771699999999996,47.8848,46.15790000000001,46.4098,47.202,45.8518,49.437799999999996,45.60959999999999,47.4054,49.5566,NA,NA,46.820499999999996,48.24260000000001;49.4897;47.8989;48.890600000000006;48.14920000000001;47.7268;46.14560000000001;47.26390000000001;47.992999999999995;48.6289;48.890100000000004;47.369299999999996;46.9111;47.3022;46.1819;45.491699999999994;48.2497;45.4831;47.87329999999999;48.582499999999996;47.1485;48.41140000000001;47.9042;49.2304;47.3969;46.0194;44.961600000000004;47.07;48.507400000000004;48.363400000000006;47.5574;46.0459;47.1063;46.3604;45.88980000000001;47.669799999999995;47.7304;48.8478;46.8268;47.6656;46.648;46.584;47.70439999999999;47.41330000000001;47.471399999999996;46.831999999999994;48.956900000000005;46.3205;47.4289;46.89059999999999;47.5623;49.2648;47.842600000000004;48.391200000000005;47.1933;47.2704;52.4173;47.2446;45.6379;44.819900000000004;47.1473;45.990899999999996;49.008;47.59;47.1588;47.6559;47.9984;48.4886;48.6967;47.276999999999994;48.2866;49.876400000000004;49.4289;47.894299999999994;47.47800000000001;47.9669;47.6019;46.615300000000005;48.01049999999999;47.7842;45.2483;47.2078;48.488800000000005;48.5895;49.33539999999999;49.68920000000001;48.3212;47.7981;46.8755;45.3632;49.889900000000004;47.741299999999995;47.8729;47.474999999999994;47.497699999999995;48.8835;47.546400000000006;48.0702;48.7717;49.0585
29,90,46.70671200000001,45.2674,45.2674,45.2674,45.2674,45.2674,46.07,46.59669999999999,44.936299999999996,45.41219999999999,45.8549,45.772600000000004,47.492200000000004,46.473600000000005,46.94179999999999,45.04690000000001,47.0153,50.374300000000005,NA,NA,45.3256,48.2849;49.649100000000004;47.504200000000004;45.21209999999999;46.8673;45.585;45.442899999999995;44.69109999999999;44.959399999999995;47.321;45.789500000000004;46.3664;46.4803;45.8103;48.1032;46.2915;46.4045;45.2674;47.9895;48.8317;49.6667;44.5874;44.2964;45.77890000000001;46.9106;47.1922;46.773900000000005;45.9834;45.8483;47.2522;46.6772;47.3805;47.003;46.336600000000004;52.93520000000001;47.303799999999995;46.4748;46.660799999999995;45.4831;46.0516;44.7207;45.4966;47.051100000000005;45.683099999999996;46.2988;46.1626;47.4106;47.25170000000001;46.783199999999994;47.5797;47.2054;48.218599999999995;47.861;45.840900000000005;46.6919;46.60230000000001;46.7424;46.21119999999999;45.9477;46.0233;46.11670000000001;46.357699999999994;47.9824;45.799800000000005;45.82280000000001;48.053200000000004;45.466899999999995;47.3243;48.3126;46.548399999999994;46.16030000000001;45.786100000000005;46.1874;46.504400000000004;45.9431;47.4569;46.1755;47.170700000000004;45.9086;46.1455;47.121600000000015;45.4906;45.2474;47.0201;45.5337;45.547;45.93900000000001;46.464600000000004;46.507000000000005;44.837900000000005;48.0773;47.33810000000001;45.2935;47.8313;48.0847;48.0954;46.2968;53.516400000000004;46.6425;47.332300000000004
29,100,56.247462000000006,55.113600000000005,55.113600000000005,55.113600000000005,55.113600000000005,55.113600000000005,52.6994,55.02499999999999,53.624700000000004,54.36149999999999,54.7821,54.777499999999996,54.906499999999994,54.305099999999996,55.3168,54.6342,54.94449999999999,58.499300000000005,NA,NA,54.0869,54.91810000000001;53.4105;56.251000000000005;55.852700000000006;55.8689;54.6602;55.257200000000005;55.6319;55.0671;56.56000000000001;58.13459999999999;56.681700000000006;53.9645;58.6144;55.772999999999996;55.8416;54.83970000000001;55.113600000000005;56.635000000000005;54.0636;54.848200000000006;53.4199;55.6358;55.3476;55.4544;56.1189;55.05330000000001;55.174800000000005;56.224599999999995;55.9729;58.7926;56.807399999999994;57.6874;57.0932;55.0887;56.1901;56.1991;56.6601;56.81859999999999;55.404;58.0159;58.161300000000004;57.252900000000004;56.6095;57.8045;57.6899;56.9383;60.65559999999999;57.156000000000006;56.9406;58.4226;55.8643;55.979499999999994;56.9852;58.5709;59.9685;56.1635;54.66080000000001;54.75110000000001;58.16159999999999;59.25760000000001;59.5223;58.2868;56.4574;54.8394;54.140699999999995;55.791;58.7014;57.3494;55.677600000000005;58.50359999999999;54.87140000000001;55.2778;54.93820000000001;65.6283;57.730599999999995;54.287;54.899699999999996;54.586000000000006;55.0013;54.9721;55.0351;55.6852;53.737;55.6852;57.0336;56.5116;54.221199999999996;53.0453;56.0334;55.9673;54.21339999999999;56.1579;56.302600000000005;56.4101;54.5021;56.24300000000001;54.3828;56.845;56.1314
29,latest,76.786288,74.6439,74.6439,74.6439,74.6439,74.6439,73.60600000000001,80.3551,74.95530000000001,74.9374,75.226,78.4502,82.0205,79.8864,79.0444,80.304,75.7575,78.1357,NA,NA,73.8878,76.48169999999999;74.7893;80.6953;76.76429999999999;77.5729;76.93150000000003;75.38389999999998;72.48310000000001;76.04240000000001;74.52029999999999;76.4066;77.3594;75.6859;75.83940000000001;74.59020000000001;74.97409999999999;76.1678;74.6439;77.11410000000001;76.4109;75.5539;75.2723;73.7558;76.4298;74.3527;77.99719999999999;73.661;79.7561;75.9704;74.7156;74.8706;74.6892;75.4405;78.61680000000001;74.4785;79.9599;79.26259999999999;79.80619999999999;79.19820000000001;78.8169;76.50670000000002;76.70830000000001;74.1087;75.7412;74.4787;74.6602;73.68880000000001;75.17320000000001;74.8864;75.90469999999999;75.0147;76.49080000000001;78.69129999999998;76.9339;78.7676;74.4605;76.384;78.18130000000001;76.0163;76.46709999999999;77.4246;76.3014;76.4716;75.6026;77.7492;75.0731;79.77459999999999;78.03399999999999;78.5957;80.0652;76.9205;74.9787;74.4719;74.29310000000001;74.7019;77.5007;75.0987;78.4844;74.4159;75.81970000000001;76.8161;79.5394;77.6092;78.52420000000001;77.8117;77.25819999999999;77.3844;78.8866;78.71809999999999;75.7311;81.6588;78.81;83.3579;81.2513;78.316;78.10159999999999;77.7585;78.24430000000001;79.03729999999999;79.311
33,0,215.61222299999997,207.5312,209.30010000000001,210.93759999999997,207.3227,207.3227,211.04000000000002,212.9987,211.2509,213.7272,207.7037,212.2904,210.4467,210.7449,210.9669,211.3867,219.7846,214.3197,NA,NA,209.8127,213.8943;209.20250000000001;209.8974;209.99009999999998;208.3741;209.3503;209.4618;210.8197;208.2299;209.00830000000002;212.4344;209.8826;216.5149;209.43220000000002;211.2571;210.85320000000002;210.225;209.74;210.6037;210.3728;213.9017;211.37930000000003;210.0168;208.9452;207.5312;210.3707;209.48629999999997;211.9263;212.1406;209.2493;209.58129999999997;211.1414;210.0697;210.2663;211.3542;211.2046;214.0591;210.30729999999997;209.2493;212.0069;209.30010000000001;210.1184;211.2209;212.23729999999998;213.0424;216.8231;211.76620000000003;209.3023;210.51869999999997;212.1253;210.95349999999996;210.4418;209.0759;208.98960000000002;211.2772;210.2688;707.7583999999999;212.0398;207.8347;209.1526;210.3388;210.03029999999998;210.3698;209.0808;208.86430000000001;209.3455;211.92260000000002;211.0163;210.87380000000002;210.93759999999997;209.0453;209.5721;209.39919999999998;209.9445;211.2799;211.3372;215.3198;210.27120000000002;209.1417;209.3391;214.2392;210.0312;215.37359999999998;209.47449999999998;212.16940000000002;211.89690000000002;209.82659999999998;211.5473;211.24779999999998;211.2228;208.68940000000003;213.0987;209.90970000000002;209.7341;208.61339999999998;208.40630000000004;210.77630000000002;210.4028;207.3227;211.83100000000002
33,10,216.05125699999994,207.1181,208.5888,211.67770000000002,207.48180000000002,207.48180000000002,208.40550000000002,206.6422,206.6902,206.4117,208.1992,209.69379999999995,210.6375,206.8519,208.296,208.5999,229.38389999999998,211.2518,NA,NA,208.6045,206.35189999999997;206.71429999999998;207.8308;205.7129;208.5718;208.1169;207.8263;208.25300000000001;207.9272;208.7101;208.3467;209.1863;207.9227;207.59369999999998;208.7324;208.8284;208.8195;208.0312;205.9427;209.79219999999998;206.9798;208.26760000000002;206.84210000000002;207.97639999999996;207.1181;207.28719999999998;206.9167;207.62670000000003;205.9395;207.3863;211.99230000000003;207.9528;208.8739;208.1402;206.6709;206.9076;207.5953;207.3669;206.64239999999998;207.9933;208.5888;207.64010000000002;217.5025;209.42290000000003;210.0439;205.2353;206.3627;213.6691;210.0944;218.3792;207.06879999999998;212.0428;215.70510000000002;210.7982;222.37279999999998;209.087;211.0276;208.6436;211.3117;224.79880000000003;244.3256;229.65460000000002;210.35590000000002;219.37149999999997;241.7881;217.071;217.1797;212.1726;212.4591;211.67770000000002;209.01670000000001;210.37789999999995;213.753;208.08659999999998;209.95540000000003;210.3409;212.68050000000002;209.28709999999998;216.90249999999997;211.2571;208.0077;207.31280000000004;209.6216;210.94189999999998;211.85500000000002;210.1621;211.0903;207.89149999999998;212.239;211.9596;206.9244;213.45619999999997;210.56419999999997;208.80499999999995;217.96730000000002;227.0483;216.1418;705.6067;207.48180000000002;210.85270000000003
33,20,152.85730099999998,152.0958,153.6957,156.0707,151.2575,151.2575,151.5439,151.0696,151.3533,149.8618,152.7445,150.9967,150.93769999999998,150.1824,150.562,150.773,164.3334,155.2025,NA,NA,152.3604,151.9169;150.6649;153.2654;153.67399999999998;150.48680000000002;152.86520000000002;153.91969999999998;152.3451;156.14020000000002;153.9665;152.7015;149.7124;153.89180000000002;153.1499;150.6449;154.72560000000001;152.7325;154.72910000000002;153.62290000000002;155.29989999999998;152.1804;152.564;155.2552;150.27810000000002;152.0958;152.2056;155.6384;154.9176;151.63799999999998;153.55200000000002;153.1834;151.37650000000002;149.8795;152.0545;154.7829;150.8606;152.261;150.91479999999999;151.84199999999998;154.97379999999998;153.6957;154.4866;155.6926;150.8136;153.0204;154.48860000000002;152.8334;152.75320000000002;151.38469999999998;154.0731;150.9491;152.9312;153.3274;151.2568;152.5919;150.16750000000002;151.2295;153.9451;153.2764;152.2939;157.1916;154.19580000000002;153.79450000000003;153.0223;153.13819999999998;151.83030000000002;153.06960000000004;153.1164;156.8635;156.0707;152.6694;151.81220000000002;151.07100000000003;152.04989999999998;153.05400000000003;155.49099999999999;152.8535;153.7658;150.83960000000002;150.52970000000002;154.4623;151.7585;149.9575;152.123;152.13490000000002;151.78910000000002;153.2001;153.2647;151.4857;156.4977;152.894;151.9211;152.74479999999997;154.58309999999997;152.5027;152.0795;151.7289;153.70899999999997;151.2575;151.087
33,30,166.10088300000004,162.7197,164.7926,165.9059,162.5883,162.5883,164.0251,161.943,164.98140000000004,162.685,162.0082,164.424,164.2525,163.9404,162.39600000000002,162.9022,165.4758,168.8349,NA,NA,163.7905,163.7921;167.1157;168.0662;163.7547;168.1616;163.6347;165.4304;163.86169999999998;163.72699999999998;164.47129999999999;166.4193;167.62259999999998;164.3785;162.9612;164.4847;166.1462;170.5271;166.7542;264.62660000000005;164.5641;164.1702;163.2946;165.2551;165.8147;162.7197;166.0774;164.49339999999998;165.75209999999998;165.27810000000002;166.1153;165.48879999999997;163.5326;165.6677;165.2012;168.1488;165.49390000000002;166.9264;164.4821;163.921;167.68740000000003;164.7926;163.3067;164.4105;164.9344;165.2788;164.7256;163.7783;163.0209;167.48250000000002;165.0897;164.293;164.7158;165.3194;165.4571;164.9391;162.9287;166.15019999999998;165.81779999999998;164.4792;168.28;164.3413;165.30540000000002;161.53449999999998;166.7774;164.9993;164.7171;164.7868;163.4836;164.87609999999998;165.9059;162.5127;166.37670000000003;167.3024;166.6782;164.37699999999998;164.4734;164.4093;163.8458;163.1254;164.3759;164.3822;167.7219;165.4154;166.2481;164.63699999999997;163.6892;164.3526;164.4802;164.5016;165.1977;164.2652;165.5547;163.9947;164.7423;165.4897;167.2617;165.5448;164.251;162.5883;166.3451
33,40,168.633936,166.58200000000002,165.90730000000002,168.8542,164.23299999999998,164.23299999999998,164.48,165.90910000000002,167.2959,166.7067,167.6592,165.7286,167.3211,167.5342,164.8646,165.9738,169.2696,169.9393,NA,NA,165.48560000000003,165.73510000000002;166.0568;167.9338;167.02;165.46720000000002;166.67929999999998;260.3135;166.3492;165.8053;168.98200000000003;172.2742;166.5896;169.9622;168.0059;165.4701;169.2964;172.1007;169.754;166.0084;164.8392;169.2638;168.1191;172.3342;166.36679999999998;166.58200000000002;167.82559999999998;170.0126;166.9022;165.5215;168.6582;166.93829999999997;167.33890000000002;167.6133;171.4005;168.2975;170.5905;168.2299;169.4995;169.71910000000003;166.9547;165.90730000000002;170.1156;164.75979999999998;164.9516;165.6177;167.8904;169.2072;165.9485;165.65239999999997;166.705;168.93959999999998;168.8854;170.3517;169.2892;168.1191;167.5688;166.80079999999998;168.3524;168.6043;169.5854;166.6559;166.7882;166.1591;166.87510000000003;168.2764;167.16779999999997;168.24920000000003;165.007;171.7051;168.8542;165.8517;167.1069;166.21229999999997;168.9827;166.63029999999998;167.1119;166.99269999999999;167.772;168.7198;166.1741;166.68939999999998;167.505;166.03880000000004;168.3018;167.1696;167.7695;170.55769999999998;169.3326;169.6234;168.40279999999998;165.8395;169.0072;166.2911;169.1103;166.83329999999998;166.9797;167.6954;166.60389999999998;164.23299999999998;166.0539
33,50,163.90557700000002,163.94680000000002,159.7413,161.33999999999997,162.06230000000002,162.06230000000002,157.7672,158.779,158.9224,157.37709999999998,160.37169999999998,159.3056,162.1556,159.2192,158.7817,158.9989,161.6686,164.2044,NA,NA,160.94469999999998,161.8914;162.8847;158.3136;262.0262;158.93599999999998;158.80419999999998;159.3151;161.8175;157.7123;160.7262;159.687;160.57139999999998;162.668;160.7582;157.48129999999998;158.9985;160.023;158.4928;158.9932;156.4279;158.4063;159.7707;163.3744;161.85860000000002;163.94680000000002;159.5481;163.49200000000002;161.63909999999998;163.4766;162.2089;165.06220000000002;162.37600000000003;164.9923;164.0431;161.77929999999998;162.31810000000002;160.2182;161.59609999999998;162.7527;159.7228;159.7413;160.3454;161.6762;161.295;162.41320000000002;161.07039999999998;162.30059999999997;159.9848;163.24970000000002;161.01409999999998;159.91629999999998;165.7111;162.0463;158.74190000000002;159.8184;160.65429999999998;162.1412;159.0238;159.6101;160.66809999999998;161.6522;162.8236;160.4993;164.2243;159.8113;160.1297;161.79689999999997;161.49939999999998;161.9909;161.33999999999997;161.0462;164.10209999999998;163.3545;164.27769999999998;164.5066;163.7246;162.6316;161.5553;164.7634;163.05120000000002;161.7739;162.1242;164.08769999999998;159.183;166.64129999999997;163.1137;163.6283;163.5397;162.66789999999997;165.14209999999997;168.3275;266.8261;161.97889999999998;161.1033;163.2616;167.4149;169.2316;165.4324;162.06230000000002;163.70350000000002
33,60,166.80100200000004,164.3709,164.4171,164.81599999999997,164.4137,164.4137,164.01630000000003,169.6673,163.9147,165.2203,163.421,163.47310000000002,163.7299,165.76190000000003,165.2964,163.25010000000003,165.9684,168.2717,NA,NA,162.7581,169.42720000000003;171.0326;171.0172;167.6575;169.4793;168.002;169.9366;166.4033;171.1391;168.29340000000002;171.37200000000004;167.45420000000001;166.2961;164.6081;165.4655;165.762;165.2629;164.4463;164.8777;164.56740000000002;166.64849999999998;164.861;163.68820000000002;165.24989999999997;164.3709;163.3117;162.24259999999998;165.8634;162.9522;164.63920000000002;164.6704;163.27859999999998;164.0675;163.31849999999997;162.3278;161.33589999999998;163.6729;164.784;164.4186;164.1699;164.4171;163.662;164.59879999999998;162.9156;167.34550000000002;167.19;164.7794;163.696;164.76160000000002;166.29;165.88510000000002;165.2953;165.57920000000001;166.28359999999998;167.7688;167.80689999999998;164.7993;167.8136;165.37;166.15210000000002;166.82500000000002;165.4568;165.98850000000002;168.35150000000002;165.0903;166.5676;165.6961;164.6915;263.5131;164.81599999999997;164.97019999999998;164.8284;164.97390000000001;163.4626;166.3215;163.9529;162.73770000000002;165.15550000000002;163.729;164.6711;166.4205;163.6567;170.55790000000002;164.8956;166.12460000000002;167.511;169.2123;166.8044;169.1859;167.20309999999998;164.78719999999998;164.89669999999998;164.2584;165.1784;166.3106;169.0921;168.0954;169.92390000000003;164.4137;164.9906
33,70,166.01433099999997,164.9563,163.8351,255.8555,163.28900000000002,163.28900000000002,165.6174,167.7823,169.3067,164.3123,164.3481,166.7362,165.3149,164.59200000000004,163.5308,163.80890000000002,166.2876,169.1345,NA,NA,163.3143,165.8535;162.7532;164.38259999999997;162.92579999999998;163.3739;163.8408;164.3079;162.7404;166.9395;165.21939999999998;163.1075;166.4785;165.08419999999998;166.4428;164.1754;164.79969999999997;167.8014;162.4349;167.1489;164.2546;166.7226;166.9896;166.74509999999998;164.73819999999998;164.9563;163.70680000000002;164.6316;164.87940000000003;164.53930000000003;164.2187;164.0582;164.3535;170.78519999999997;163.8646;164.877;164.4163;164.51459999999997;166.3411;169.21900000000002;165.3782;163.8351;165.39339999999999;166.2246;164.13840000000002;165.7631;164.2265;167.4802;164.8773;167.3891;165.5907;165.8752;164.4105;164.19239999999996;165.2757;167.16770000000002;167.12419999999997;164.39819999999997;166.804;170.6704;165.8087;166.0546;165.25230000000002;166.07659999999998;164.31859999999998;166.544;164.99;163.99669999999998;163.9918;167.3152;255.8555;164.7572;164.85609999999997;164.71640000000002;165.6446;165.0415;165.5402;166.74869999999999;165.36449999999996;163.883;163.2905;163.3536;162.2526;164.4904;166.6429;165.16140000000001;166.0824;164.67919999999998;163.47840000000002;165.66109999999998;163.33350000000002;163.65050000000002;166.38139999999999;162.85260000000002;164.28199999999998;163.6849;162.4776;163.7613;163.88430000000002;163.28900000000002;167.15040000000002
33,80,168.63970999999998,170.86730000000003,167.5592,171.25,165.556,165.556,166.0476,169.8743,170.3432,164.84980000000002,166.464,167.0842,167.8249,168.5346,166.50130000000001,167.1422,166.3639,169.8348,NA,NA,165.15409999999997,167.2561;166.8784;169.25099999999998;167.005;168.36489999999998;166.0481;167.1682;169.4188;167.80970000000002;165.59390000000002;169.7677;168.26;167.17000000000002;168.0138;166.0021;165.6035;166.978;168.3589;169.0908;165.6386;169.7248;166.7169;166.76599999999996;168.35770000000002;170.86730000000003;168.82260000000002;169.9231;169.16219999999998;271.7912;168.6791;166.96040000000002;167.06170000000003;167.55360000000002;167.97930000000002;166.9349;165.8822;166.59050000000002;169.5417;169.9312;167.98039999999997;167.5592;169.9282;169.49919999999997;168.69650000000001;167.41199999999998;165.1101;166.9204;166.8787;166.20139999999998;165.6816;167.2813;166.67989999999998;165.28619999999998;165.5631;166.6287;166.1223;168.2388;168.77430000000004;167.3517;166.62600000000003;166.954;165.9492;165.4731;168.0745;169.6125;168.6603;168.78220000000002;167.5928;168.9073;171.25;170.1028;169.9322;167.9566;168.7525;167.59660000000002;167.3997;167.03629999999998;167.28640000000001;167.5614;167.3603;168.1903;168.6724;167.96510000000004;168.1197;169.4443;165.6855;167.9691;166.8546;167.4549;165.4075;165.88920000000002;167.1021;166.56579999999997;169.28789999999998;165.42520000000002;167.36919999999998;165.23129999999998;166.2974;165.556;167.89889999999997
33,90,170.4751739999999,178.4582,167.3499,165.957,165.86350000000002,165.86350000000002,169.62359999999998,168.7275,166.4248,168.0991,165.8291,166.2207,169.0213,165.18420000000003,165.9825,166.671,168.8635,171.8057,NA,NA,164.86380000000003,167.4297;166.2087;170.9922;168.1995;169.9317;167.3087;173.68490000000003;169.47949999999997;169.57080000000002;170.278;168.29450000000003;172.4341;172.3795;171.15;170.9871;168.4649;169.95649999999998;171.2833;169.33710000000002;173.18370000000002;273.0972;174.5886;171.6633;175.5286;178.4582;183.85359999999997;182.9081;175.3125;166.3321;168.57500000000002;166.12369999999999;164.4025;167.8998;169.1583;167.3866;164.6832;166.754;167.196;167.7458;167.06680000000003;167.3499;165.99040000000002;165.73000000000002;167.30010000000001;167.23160000000001;165.8435;166.78969999999998;165.07440000000003;167.7051;167.8544;165.91039999999998;166.77109999999996;165.8501;166.9248;168.6125;169.20860000000002;166.56029999999998;167.5322;167.0295;167.2678;169.29299999999998;167.8949;166.4124;166.25969999999998;166.48930000000001;166.6935;166.2102;170.6193;167.147;165.957;166.8832;167.08549999999997;166.8645;167.35110000000003;165.84109999999998;167.2116;166.9101;165.94779999999997;166.08229999999998;165.9835;166.5389;168.1526;169.1556;169.8774;166.865;169.077;170.1279;168.3959;169.84629999999999;264.3907;167.11399999999998;167.3141;166.9991;166.9715;166.9537;167.0948;166.61630000000002;166.3382;165.86350000000002;166.8632
33,100,167.47797300000002,166.7876,167.45100000000002,170.04,167.9867,167.9867,166.62340000000003,166.0761,167.7506,166.6071,165.7087,166.1575,166.536,166.4467,166.4513,170.8136,169.6505,171.1676,NA,NA,174.57620000000003,166.8476;166.4337;167.9868;166.0196;166.2286;166.44;164.9636;165.4504;169.6167;166.81369999999998;168.1626;168.6226;167.1135;167.78480000000002;165.4048;167.7844;167.58190000000002;166.61960000000002;169.8465;165.7201;166.331;166.85360000000003;166.3406;167.2874;166.7876;166.9296;167.8932;166.4616;166.75900000000001;166.74779999999998;166.4244;167.70909999999998;168.7806;167.4443;166.5998;167.9106;166.48059999999998;167.0668;167.78640000000001;166.37389999999996;167.45100000000002;167.24120000000002;167.47339999999997;167.65349999999998;169.9312;173.4862;171.9732;168.0468;169.5457;173.5205;171.64249999999998;167.8052;165.7538;167.32370000000003;167.5314;166.1356;167.7977;167.0488;166.4756;168.4113;168.8391;167.7234;168.15300000000002;166.46750000000003;167.3902;166.32440000000003;166.4597;165.3191;165.894;170.04;167.9688;166.71479999999997;167.68259999999998;170.0257;168.64950000000002;167.3714;166.1376;166.8938;167.5555;167.14030000000002;165.59509999999997;166.5259;167.5994;168.4264;166.1091;165.5082;166.72160000000002;165.6513;166.0599;166.91539999999998;166.37560000000002;167.89479999999998;168.855;166.31850000000003;168.3903;167.92720000000003;167.48440000000002;169.8893;167.9867;168.1551
33,latest,211.53768600000004,191.5259,255.0962,237.3987,198.3612,198.3612,229.8376,256.1415,198.69420000000002,239.41160000000002,197.02960000000002,197.0455,246.84480000000002,205.916,260.088,191.7625,204.64739999999998,192.1616,NA,NA,190.7463,200.46859999999998;197.1549;197.79160000000002;202.3382;194.0028;199.1924;200.43869999999998;201.2765;195.2068;194.4941;193.61169999999998;190.0046;194.67189999999997;202.7342;193.33270000000002;209.29829999999998;197.1024;196.31969999999998;198.332;202.83580000000003;192.0389;196.4219;202.91610000000003;200.4314;191.5259;194.10590000000002;189.5623;228.6059;233.00030000000004;229.56240000000003;232.85020000000003;196.2543;193.46659999999997;193.1606;192.80259999999998;249.8756;250.69510000000002;247.42719999999997;194.1399;190.4526;255.0962;196.55349999999999;242.42600000000004;190.5097;193.7446;191.8921;193.4408;195.4201;197.5876;213.20049999999998;226.6583;195.0852;193.7817;216.1904;194.2235;203.05519999999999;230.0414;192.041;188.9009;195.12130000000002;198.2409;193.2724;211.54129999999998;197.1154;234.6091;217.6006;193.51509999999996;227.56959999999998;195.0;237.3987;230.1103;188.9816;191.3159;198.47700000000003;193.42679999999996;243.9809;244.6922;240.5894;254.83659999999998;196.9083;245.8163;237.73219999999998;254.466;263.95480000000003;238.2197;246.7448;246.5312;197.01049999999998;194.8199;235.2998;198.53230000000002;229.7979;254.66039999999998;203.7876;257.01509999999996;260.5381;192.2269;249.8757;198.3612;194.3225
1117,0,289.65915900000005,258.0234,255.67119999999997,255.67119999999997,291.8058,253.62310000000002,260.93989999999997,256.5578,258.14639999999997,259.5657,256.2558,275.2587,277.8413,275.6196,270.38559999999995,269.4923,298.90569999999997,291.9763,NA,NA,285.50379999999996,264.1173;260.4296;262.57370000000003;253.62310000000002;260.60030000000006;260.68190000000004;256.322;254.6205;259.3772;261.7169;264.3797;256.24569999999994;268.9047;257.1857;263.6898;259.8606;261.3588;259.96389999999997;258.3277;258.0234;256.2817;254.59269999999998;262.07439999999997;262.4192;256.5863;264.437;260.54240000000004;259.4225;284.2024;264.73030000000006;257.0241;259.89020000000005;255.67119999999997;265.61150000000004;278.37149999999997;282.7034;264.24080000000004;281.4019;264.3863;263.6257;272.7749;281.92130000000003;289.5535;285.744;283.6731;282.10859999999997;284.8472;843.1036;998.6454;817.9914999999999;530.7786000000001;268.169;264.5818;264.70910000000003;255.2606;261.2319;259.9847;260.1407;263.2511;264.00530000000003;260.7314;269.1681;264.5771;265.318;262.33360000000005;263.1847;263.1846;255.8461;258.16949999999997;260.38879999999995;262.9348;266.1222;265.8873;263.0263;261.9504;269.4169;264.60720000000003;258.62379999999996;267.2721;259.9027;261.8722;270.76500000000004;265.8227;273.8626;259.5303;270.3061;259.8935;263.79319999999996;267.8523;500.1386;263.5186;291.8058;286.4779;264.8166;284.3187;285.3816;275.72020000000003;268.0838;269.4046;287.21209999999996
1117,10,644.4990479999998,626.2158999999999,620.884,620.884,648.6981999999999,621.3916999999999,627.6816,617.9833,608.5662,610.4317,617.9759,648.048,655.4193,659.3533,653.5142,636.1159,669.7735,693.8763999999999,NA,NA,669.0709999999999,626.6662;627.7175;622.1927;621.3916999999999;629.0994000000001;653.2991;632.2528;620.1811;632.379;635.7201;627.9371;623.1251;638.3012;625.0666000000001;631.2361000000001;626.6317;633.117;623.1629;619.2579;626.2158999999999;630.9494;628.4736;650.5306;630.6119;623.0501999999999;626.8908999999999;635.9135;634.7552000000001;630.6934000000001;631.9318000000001;624.6495;632.5262;620.884;641.0289;657.9493;663.3771999999999;624.3428;626.9918;629.2855;637.2962;628.7420999999999;638.3382000000001;649.0132;637.9788000000001;630.8004000000001;628.1014;627.7157;645.6602;625.3506;642.4658;639.9359999999999;621.9395999999999;622.52;628.3203;634.9022;633.3713;649.1854000000001;644.3049;658.2293999999999;654.2479;651.3178;667.5016;647.979;632.9057;654.9355;653.4251;649.3702;665.5459;656.8915999999999;651.36;656.9794;658.4438;651.4058;660.6068;667.2082;686.8749;663.8466000000001;672.8058000000001;662.2891;653.1329000000001;644.9295;659.9150999999999;663.1962;659.2462;644.2368;663.0591;667.8874000000001;667.8729;693.3815999999999;659.9428;644.8659;648.6981999999999;662.1243;659.6431;662.9474;680.2844;678.1935;679.7710999999999;659.0182;687.659
1117,20,566.4808449999999,531.4566,534.3998,534.3998,548.1132,556.6397,520.8937000000001,508.3872,515.7462,509.755,511.2767999999999,545.9335,547.4061,560.2049999999999,539.3737,541.8609,543.8351,575.7573,NA,NA,570.0174,555.8442;551.3603;568.3215;556.6397;577.0706;571.9753000000001;564.2384999999999;570.2045;575.5853;552.5322;546.238;558.1734;571.4286;552.0910000000001;558.1059;541.1433;538.7372;543.7938999999999;536.8529;531.4566;549.8371;547.2298;553.7617;528.6182000000001;533.8388;533.0488;534.7843;535.8171;536.5359;537.5329;528.9915;555.415;534.3998;2763.3173;545.1478000000001;538.9475;538.3063999999999;537.4261000000001;539.3942999999999;547.903;537.8498;529.7973000000001;553.2373;547.448;529.3508999999999;545.1320000000001;535.1034;534.2357;526.0009;540.9492;537.784;526.1564;529.6705;539.3883;545.1397;533.8142;531.6048000000001;526.3732;523.0248000000001;531.549;533.624;547.0302;543.3333;533.7211;540.1221;536.9067;533.4060999999999;521.3933;529.1123;538.6378;530.4039;541.0368000000001;530.3709;546.4729;529.9277;539.2006;535.0502;529.8005;538.9408999999999;537.5161;553.4994999999999;556.2016;536.0013;560.044;545.0591;555.9054000000001;560.5201999999999;569.4915;585.8086000000001;562.3218999999999;555.2261;548.1132;538.0977;543.1969;551.1822999999999;558.1383000000001;551.5867000000001;547.3311;556.8733;551.8228
1117,30,582.531313,538.3619999999999,529.2076999999999,529.2076999999999,566.0542,544.4744,516.493,518.7347,510.5614,505.91040000000004,517.1080999999999,554.6727000000001,562.1821,549.7897,540.3659,554.2484,553.9489,583.5788,NA,NA,558.9038,557.768;544.7952;545.6514999999999;544.4744;553.7425;549.1911;538.9905;541.1626;552.5174;544.3463;582.4638;561.691;556.7787000000001;563.7288;547.8776;536.0559000000001;1341.1141;543.7416000000001;532.2384;538.3619999999999;545.5106000000001;558.4182000000001;533.5905;542.6001000000001;533.6113;528.8293;549.4361;538.7937000000001;547.2150999999999;527.8796;536.6068;541.3314;529.2076999999999;525.0183;525.5745;542.1795;529.6201;529.2979;552.5159;543.26;545.4187999999999;548.4129;565.4204;530.7916;549.8042;548.8303000000001;546.3025;548.7233;536.5752;556.028;550.1436;539.6043999999999;544.5344;540.6028;540.4782;552.4164999999999;563.6505;542.0114000000001;565.0786;555.718;563.2817;560.2731;543.8648;556.6153;580.6315;562.0697;2077.9143999999997;1212.5706;546.6539;576.3140000000001;580.7352;586.9190000000001;560.107;573.1598999999999;580.452;563.6469999999999;565.523;559.8842999999999;541.8910000000001;567.8299;554.8036999999999;577.0581;548.6442;583.4522;552.8779999999999;567.9509;562.6725;585.4176;573.5697;566.8671;553.6357;566.0542;568.6744;547.3932;570.0988;611.5128;554.3744999999999;538.2614;563.4984999999999;538.2429
1117,40,716.2489110000001,680.9455,644.3533,644.3533,632.2074,630.1326999999999,622.1402,618.7678000000001,612.6412,608.9161999999999,610.8824999999999,640.8241,652.5714,651.9689000000001,655.4709,639.6301000000001,625.5796,700.9714,NA,NA,658.9371,644.6646000000001;656.461;637.2021;630.1326999999999;641.8718000000001;640.1252;651.2116000000001;644.5779;633.2067999999999;661.8328;666.4100000000001;651.6466;664.0875;620.6071;624.6683;615.7624000000001;622.9014999999999;637.0267;633.2286999999999;680.9455;647.8722;689.4141;701.5433;643.2897;647.9917;653.5774;667.1125;669.6214;637.5841;663.0083999999999;1476.2359000000001;1504.3399;644.3533;646.5265999999999;664.662;644.2236;652.4131;636.1882;655.0708999999999;644.9697;654.6262999999999;660.3306;670.2312999999999;654.3451;659.4646;655.1286;658.4087;3108.4527;645.8716;662.503;670.9485;652.164;670.1073000000001;665.5607;666.0556;656.6348;657.6043;655.4842000000001;669.3358000000001;662.908;644.3034;645.7464;640.8118;636.7921;656.6479999999999;675.5795;651.4138;662.5509999999999;672.2726;654.3245;2984.0377;672.6004;669.587;663.1688;677.9366;681.9067;683.6974;687.2581;653.4558;656.5719;645.3269;648.0811;647.5635;642.015;632.4332999999999;639.6518;634.6691;651.7066;627.0322000000001;624.9495000000001;637.0306;632.2074;632.7045;625.8983000000001;632.5701999999999;631.739;631.0591999999999;643.9295999999999;646.3299;642.5953999999999
1117,50,643.194124,651.7794,660.0672999999999,660.0672999999999,631.9861,631.2031,616.5644,615.9518,610.681,614.3106,615.528,654.6908,652.3794,655.8429,642.5411,636.0506,636.8933999999999,700.2587000000001,NA,NA,626.8466000000001,640.1488999999999;638.1703;639.5262;631.2031;648.1838999999999;644.7891999999999;653.2085000000001;627.7329;634.9948;641.2256;625.0335;624.6466;639.1021000000001;622.8191999999999;627.9337;638.3079;651.4964;638.0073000000001;633.3234;651.7794;648.7687000000001;648.4489;658.9239;637.8138999999999;627.1705999999999;662.4653000000001;638.2643;653.5453;650.0555999999999;663.5246;637.8314;652.0154;660.0672999999999;653.1151;660.7447999999999;646.8747;632.7091;642.9608000000001;639.1776;640.5016;645.2527;662.3353999999999;671.6578000000001;643.1666;658.9273000000001;669.5458;659.7251;660.7799;658.6008;659.5785;669.7595;643.9621999999999;668.4827;681.8054999999999;661.5372;668.624;666.6573000000001;676.6662;654.7814000000001;654.6568;669.7715000000001;670.5035;684.192;683.789;652.1937;643.0972999999999;623.3954;634.0079;623.6831;618.7315;624.6081;636.1194;626.4111;625.9644;623.8198;631.8125;621.139;631.2395;616.6595;631.34;621.7806;626.1551999999999;620.8109999999999;622.5514000000001;620.4753000000001;624.7218;624.5926;639.344;630.3091999999999;629.8569;629.7876;631.9861;626.2405;621.8334;638.8626999999999;647.6809;632.2266;631.2433;646.0295;637.3311
1117,60,737.3780409999999,662.6045,627.2226,627.2226,650.8207,647.9413999999999,619.0773,617.6707,619.3299999999999,619.3216,621.3097,660.9449,655.5763999999999,661.2725,661.2113,651.3960999999999,653.1896,707.8742,NA,NA,627.2107,641.4376;629.0673999999999;641.1545;647.9413999999999;648.1029;647.2004;665.6666;640.3852999999999;655.5399;645.2379999999999;638.6056;649.3570000000001;647.7477;639.6333999999999;645.8819000000001;638.3734;644.9271000000001;633.633;655.3249000000001;662.6045;668.6442;679.2597000000001;672.3695;645.4339;664.5233000000001;652.0916;632.5004999999999;625.7981;625.3366;640.838;638.1011;634.2530999999999;627.2226;629.4347;634.2553;627.663;626.8289000000001;633.5535;629.2837999999999;626.7742000000001;626.8128;638.76;634.183;630.7624000000001;634.2352000000001;633.1894;646.1848;637.5227;626.6152999999999;634.7597000000001;652.6865;632.0914;2327.7104;675.0134;665.0778;1450.3481000000002;3017.5942999999997;3212.7394999999997;2900.5435;634.9407;633.4779;631.7934;636.9844;629.788;646.6783;628.1476;638.1478;628.7952;634.6972000000001;633.7657999999999;639.2279;643.7592999999999;630.4712000000001;638.4212;633.6094;641.3567;638.7971;626.2529999999999;633.0215;642.3490999999999;636.5449;639.7894;635.5862;640.7418;645.3433;655.3535;624.7745;660.5755999999999;631.8234;634.9968;624.1052;650.8207;618.4314999999999;622.7561000000001;645.2889;648.9746;640.3801;642.5197999999999;643.7136;641.9832
1117,70,703.28404,637.29,647.5763,647.5763,665.6995000000001,639.6347,626.3181,621.9513,619.2017000000001,621.3761,617.7502000000001,655.9002,655.5334,661.0147000000001,654.1895,659.0069000000001,637.7567,714.1567,NA,NA,641.0295,642.8651;641.1223;662.4218000000001;639.6347;642.0182;641.3875;650.1641;634.0484;641.952;654.2461000000001;671.7309;652.167;651.0526000000001;630.2088;646.5611999999999;650.6046999999999;645.3536;630.9781;637.4084;637.29;653.1919;638.7202;659.0679;633.2332000000001;645.6133;659.0624;639.2706;706.4212;737.3539000000001;714.8085000000001;647.6585;651.3124;647.5763;695.5126999999999;706.3729;716.4038;749.3669;709.9809;642.6120999999999;639.0885000000001;632.0318;634.6353;644.2887;636.2019;632.9075;632.4501;632.4621;630.9688;628.6476;630.2424000000001;638.1429;626.9114;638.8132;630.3292;641.4053;637.1338000000001;632.7116;636.3623;632.9991;628.3096;637.1496999999999;643.5976;633.19;623.2135;634.9730999999999;628.549;620.2096;624.4303;634.3446;647.1521;635.7059999999999;648.4197;648.8941;652.5898000000001;649.9362000000001;3160.2829;3057.9733;653.0347;672.3597;652.1365999999999;674.7482;669.6647;664.7839;680.7718;662.8036;666.6748;638.5836999999999;690.7455;674.8833999999999;681.5789;662.4363;665.6995000000001;681.3257000000001;641.3882;694.9369999999999;684.7132;703.4958999999999;689.7644;690.9331;676.5315
1117,80,668.7480140000002,628.2377,630.9195,630.9195,647.8486,695.7937999999999,628.3011,621.4767,619.4004,626.5482000000001,621.3686,661.9082,662.7576999999999,661.2248999999999,660.2529000000001,644.0296999999999,639.6475,707.6862,NA,NA,650.8136,663.5335;641.4962;678.5845999999999;695.7937999999999;665.9105999999999;692.8649;708.1539;678.2461999999999;728.6658;698.5753;685.6942;703.8805;686.7475;692.0705;713.804;704.7047;718.6441;678.1945;651.3724;628.2377;632.7194999999999;636.86;640.4054000000001;625.0053;627.5105;629.2524;625.2576;627.6867;648.1146;647.3516999999999;647.0971999999999;637.6222;630.9195;635.5227;626.0145;634.4528999999999;630.6896999999999;635.0256999999999;629.3467;637.5874;629.3498;642.8833;1533.9418;1494.5574;637.9793999999999;650.5701;654.2297;655.3507999999999;638.0627;658.53;656.3761;634.032;646.9232999999999;663.3441;665.5187999999999;655.5363;655.0585000000001;645.6817;665.8898;665.2842;702.295;640.0669;634.9512;626.4773;635.5355999999999;627.5134;634.2761;623.5096000000001;627.0065;632.6015;633.8415;640.3161;632.3239;642.6759999999999;624.4237;643.0414000000001;630.9366;629.7029;648.3652;636.7143000000001;638.1875;638.3474;643.6371999999999;653.8447;630.0388;637.903;630.1759999999999;657.0829;654.0572;654.0425;649.7637;647.8486;646.2293999999999;628.5015999999999;665.7152;668.7993;660.4176;652.4095;645.0766000000001;677.4311
1117,90,754.3478610000001,647.8901999999999,669.6596,669.6596,718.2674,653.8895,630.2429,623.5946,638.6594,639.802,629.7562,641.6422,645.6971000000001,663.9852000000001,645.4261,644.0385,640.6430999999999,712.2115000000001,NA,NA,650.2186,650.4445999999999;638.5876000000001;644.3166;653.8895;647.1608000000001;654.7633000000001;676.0218;637.7826;652.0714;659.6117;669.1087;646.9513;650.6345;638.9901;649.2591;656.9013;666.1486;647.9462;637.3577;647.8901999999999;648.9237;652.1419;659.9626;638.9155000000001;647.8411;671.0709999999999;661.1155;712.1242000000001;704.8689999999999;693.7329;675.6817000000001;677.1569000000001;669.6596;726.6966;718.4895000000001;726.6831;709.2631;706.5879;703.7614;697.0142000000001;692.6367;1482.2872;3157.4436;3180.604;1465.3213;641.1801;630.4365;1488.4035;1416.2269000000001;639.3832;641.1940999999999;638.4492;641.0701000000001;647.5831000000001;651.0304;652.8773;644.9215999999999;639.1518;649.2737;661.5264999999999;686.2011;681.1098;674.1953000000001;654.4305999999999;672.1265000000001;718.2754;681.0604000000001;663.7037;682.2285999999999;701.6097;677.3220999999999;691.9477;694.2070000000001;699.2455;711.4498;719.9395999999999;687.7402;695.6619000000001;679.1306;698.2045;661.5468000000001;662.8063999999999;681.8285;671.4207;662.3033;660.0622000000001;687.9655;698.0361;654.0054;691.7097;694.9937;718.2674;698.3682;678.1407;683.1705;671.3022000000001;680.8423;692.3526;717.9162;709.4278999999999
1117,100,739.566568,730.6698,658.7865,658.7865,645.8666,679.1276,626.6692,630.0995,630.9272000000001,638.6881,627.092,637.818,639.2551,643.9258,644.5694,625.9203,633.7923,706.9216,NA,NA,627.7203999999999,678.3501000000001;684.1645000000001;667.3302000000001;679.1276;708.1949999999999;703.9715;706.4229;687.7801;659.1916;663.3510999999999;662.1846;660.1062;682.7587;687.3462000000001;674.1645000000001;669.5679;705.378;706.595;705.1119000000001;730.6698;701.3343;715.57;718.8465;700.7781;704.5324999999999;676.7672;663.043;666.9232999999999;655.9635000000001;664.9736;673.9564;669.4943000000001;658.7865;660.4772;666.02;674.9254;671.1738;647.9669;657.1435;1524.2971;666.9817;666.1907000000001;658.1322;662.9848999999999;676.9124999999999;669.9408000000001;1496.9373;647.6549;646.7040000000001;656.5434;646.5256;647.636;671.5486000000001;656.8817;666.5604000000001;670.2358999999999;674.7895;647.4941;663.1424000000001;1459.2376;2203.3467;650.4205;669.2528;640.4094;660.3092;661.5653;636.2061;641.6381;645.0975000000001;1376.1758;660.9068;690.9081;667.9181000000001;697.1718000000001;655.9418000000001;646.375;653.9468;649.147;650.6310000000001;658.6512;643.9281000000001;662.1194;666.7089;673.5028;652.5851;666.1599000000001;658.1821;687.9701;666.2365;665.6236;665.2227;645.8666;639.0004;1433.3337999999999;2194.9829;683.5847;666.1336;672.8394999999999;673.3054;675.577
1117,latest,196.70115799999996,192.6483,191.7197,191.7197,195.21679999999998,201.47009999999997,201.2771,202.98000000000002,205.16140000000001,205.34390000000002,203.4894,190.46370000000002,190.92340000000002,196.4224,200.6301,193.98049999999998,193.1128,190.9259,NA,NA,193.9853,194.47160000000002;210.0494;195.49599999999998;201.47009999999997;197.95690000000002;197.94350000000003;196.5521;202.60610000000003;203.5803;200.0898;194.53650000000002;193.3728;195.30599999999998;189.7185;193.17680000000001;193.9645;189.29500000000002;193.0771;193.60649999999998;192.6483;194.09300000000002;198.29130000000004;196.8831;190.9301;188.8831;189.3911;198.9221;192.8172;192.63780000000003;192.90609999999998;193.60229999999999;197.4079;191.7197;191.2724;202.19809999999998;194.934;190.8279;194.7439;196.1338;200.7191;195.8303;202.348;210.42489999999998;195.2998;195.7632;194.1929;197.7613;199.0817;194.52919999999997;190.90760000000003;194.11610000000002;194.2611;192.81459999999998;198.5139;201.0315;196.2631;196.0052;194.9924;197.49419999999998;191.3641;194.2959;193.84199999999998;196.6697;196.8141;194.8634;196.9766;200.61380000000003;198.8002;198.2763;197.44650000000001;195.6943;207.6261;194.5924;195.10160000000002;192.36659999999998;196.7748;196.1213;202.82600000000002;197.47759999999997;203.54829999999998;223.94870000000003;201.16970000000003;193.51260000000002;192.1794;194.676;193.57659999999998;198.2221;204.7684;195.7073;199.2419;200.1639;195.21679999999998;191.32590000000002;194.3781;195.13639999999998;196.6978;197.0982;201.3668;202.7558;197.019
1122,0,89.6762,83.03569999999999,79.9462,79.9462,79.9462,79.1585,86.2134,85.9046,84.22829999999999,87.58340000000001,86.77969999999999,81.1679,82.6931,83.97879999999999,82.11420000000001,83.2927,83.27839999999999,86.8886,88.4701,85.99319999999999,83.6778,80.6814;307.11850000000004;82.9233;83.1279;82.2038;81.8055;81.7606;82.8298;80.68719999999999;81.8434;82.54820000000001;82.3302;83.2849;79.4709;83.80330000000001;81.9432;82.1148;81.4709;84.718;80.8212;82.0136;84.3738;82.06479999999999;83.03569999999999;82.91069999999999;85.1562;83.12389999999999;82.9246;84.3347;84.3594;85.912;84.29849999999999;83.73780000000001;84.3493;86.2325;84.9546;311.13620000000003;81.694;82.2063;81.8851;85.2089;82.7604;79.9462;81.9167;83.0913;80.46719999999999;81.5586;82.5644;82.06089999999999;80.1996;81.11749999999999;80.8057;83.44319999999999;81.0647;80.56909999999999;82.4939;83.8652;82.3099;82.54509999999999;83.3767;81.58670000000001;83.4999;85.0795;83.6986;84.8673;85.1337;85.8375;87.72710000000001;86.27900000000001;86.66839999999999;85.96090000000001;87.8793;85.6833;85.3338;84.2619;84.41470000000001;81.73910000000001;82.84870000000001;83.5171;82.00110000000001;79.1585;81.1943;82.3765;80.98339999999999;84.0287;80.4066;80.7724;79.5321;79.7737;83.534;81.3477;83.1361;80.521;83.24600000000001;82.7758;82.46610000000001;82.6594;83.55100000000002;310.45230000000004;82.1309
1122,10,86.63585400000004,85.9565,85.5693,85.5693,85.5693,85.0069,90.70949999999999,90.2191,87.13149999999999,89.4452,87.2543,86.2647,85.7277,87.74690000000001,87.544,86.7014,92.5611,91.0813,90.9136,89.8083,89.76769999999999,82.7031;84.8143;84.5327;86.7486;86.931;87.8973;86.84889999999999;85.0617;83.1445;85.6447;87.97040000000001;87.67;85.8803;87.88369999999999;86.0954;83.0837;85.66890000000001;86.15630000000002;87.2526;86.3069;84.54069999999999;86.1552;84.6219;85.9565;85.7604;87.4898;84.6896;86.0841;85.7217;86.9869;84.4024;86.1272;85.0864;85.0949;86.34219999999999;87.11789999999999;83.1884;83.60210000000001;85.3337;86.29660000000001;86.9987;87.7813;85.5693;85.7168;87.8087;85.0892;87.7935;91.14940000000001;85.87099999999998;86.1327;86.2692;84.7816;86.4692;96.34620000000001;88.1787;89.4084;86.5861;87.2235;88.3519;88.5338;85.8194;89.7074;87.7798;86.9574;85.18349999999998;87.07249999999999;87.6988;88.3755;87.1344;85.5321;85.97109999999999;87.1917;87.6023;86.875;84.75630000000001;85.5649;86.7068;86.13839999999999;88.8032;86.8591;85.0069;85.63159999999999;87.68650000000001;87.7195;88.89609999999999;86.1828;87.0034;84.11080000000001;84.78380000000001;88.58189999999999;89.5188;88.0059;86.49619999999999;89.3115;89.9422;88.6414;83.5685;89.6735;89.1011;85.04060000000001
1122,20,90.62154999999997,85.7714,85.561,85.561,85.561,86.35900000000001,86.7744,87.8041,88.3613,88.4924,88.1235,88.895,86.81889999999999,89.51230000000001,85.6689,84.9841,104.4485,94.6891,89.11780000000002,90.676,87.4366,87.1775;86.03059999999999;83.87969999999999;85.3313;85.6903;86.2841;86.5288;83.9786;83.8106;86.3897;88.6138;87.9028;85.8757;84.5875;90.6206;84.1081;352.90909999999997;86.9143;85.2227;86.37219999999999;85.29199999999999;85.56620000000001;85.4374;85.7714;86.725;92.5694;87.1276;86.9082;87.1987;88.66690000000001;88.59989999999999;86.5763;85.9034;89.1396;91.4229;91.6506;86.77080000000001;86.71690000000001;88.0791;88.536;91.84700000000001;91.4271;85.561;88.6278;90.5171;90.0583;89.09530000000001;90.6319;88.22909999999999;86.51330000000002;87.2913;87.3811;91.6267;93.25710000000001;90.5556;86.0509;85.18279999999999;88.41550000000001;91.9728;92.4752;88.8801;92.25049999999999;89.92;86.4017;87.3769;88.1531;89.6954;91.1209;87.11189999999999;87.7713;87.3209;89.9426;93.0766;87.9549;86.1062;86.4718;88.75370000000001;87.1927;86.1401;85.4384;86.35900000000001;86.2526;89.4375;89.0829;91.26160000000002;89.41239999999999;87.4386;84.5252;85.9499;88.0967;89.7424;94.2835;88.72019999999999;90.80600000000001;88.25919999999999;88.0694;87.0341;88.4548;88.63740000000001;83.6487
1122,30,87.53371699999997,88.454,83.7706,83.7706,83.7706,86.92110000000001,88.41130000000001,87.5235,87.7895,87.0407,86.4274,84.8559,89.7411,86.56819999999999,85.2811,85.8134,90.85790000000001,90.3244,89.16839999999999,88.93430000000001,87.5545,83.72720000000001;83.4665;84.338;84.7979;85.0301;86.1211;88.3834;86.1254;86.06530000000001;84.62800000000001;92.702;87.45779999999999;86.47399999999999;86.1282;90.5248;83.77669999999999;88.46099999999998;87.9328;89.566;87.7856;86.44030000000001;88.0634;88.4318;88.454;90.7861;89.7559;87.02109999999999;85.8605;86.009;88.2549;86.71199999999999;85.69630000000001;85.21759999999999;83.77890000000001;88.02950000000001;88.5952;86.8124;88.6219;85.8939;86.04429999999999;89.5457;90.9847;83.7706;87.4076;88.6618;88.63170000000001;85.6782;88.786;87.5706;87.2001;90.45230000000001;88.3496;89.8122;89.8434;87.49510000000001;87.1867;88.495;87.9264;88.5676;88.5766;84.6166;87.1438;87.3897;87.4544;88.5305;88.0857;89.25800000000001;88.3793;87.6419;88.6532;91.08109999999999;90.4724;88.9784;87.5534;87.2915;86.8912;92.35479999999998;87.19720000000001;88.4433;86.59440000000001;86.92110000000001;87.7464;88.4284;86.1401;88.6275;86.2425;87.40809999999999;84.92830000000001;84.4586;86.50649999999999;86.58290000000001;88.94030000000001;87.65629999999999;90.0513;89.4779;89.7065;85.0958;85.99680000000001;88.1125;87.4204
1122,40,86.67697399999997,84.3666,84.2431,84.2431,84.2431,84.35650000000001,87.06200000000001,88.8778,85.16149999999999,85.1653,86.0275,84.50919999999999,85.57560000000001,86.7636,85.6405,85.6112,87.3784,90.12469999999999,87.5831,87.20580000000001,87.09809999999999,84.5229;84.6392;84.9488;85.98280000000001;85.6328;87.12549999999999;87.282;85.9675;86.2799;87.5732;88.20179999999999;87.0163;84.814;85.83;88.8368;85.0002;87.9786;86.50199999999998;86.5652;83.47389999999999;88.09;86.4462;87.5977;84.3666;89.76050000000001;85.86359999999999;86.1393;85.61869999999999;85.5221;86.33510000000001;85.2763;83.56190000000001;83.92699999999999;87.1337;89.0321;86.8671;83.0565;82.62559999999999;85.7903;86.08680000000001;88.8631;89.1174;84.2431;86.4299;85.39630000000001;85.812;85.16909999999999;86.5624;84.7298;86.8731;86.86540000000001;84.556;86.2493;83.86359999999999;84.62539999999998;87.12209999999999;84.8691;85.68520000000001;86.8508;86.2922;84.8168;84.2845;87.57570000000001;85.3463;86.7111;87.1134;88.3603;89.37980000000002;89.2824;87.8396;89.718;87.49600000000001;88.80770000000001;87.7832;95.1627;92.4523;88.2989;89.9903;91.495;87.3613;84.35650000000001;87.3552;87.96620000000001;85.2369;87.3009;85.36019999999999;88.7248;84.8808;83.3766;87.2718;87.3213;87.78640000000001;85.55930000000001;87.4716;87.2603;89.0161;82.3053;85.36849999999998;91.4101;89.64750000000001
1122,50,87.30920700000003,87.73410000000001,83.4477,83.4477,83.4477,82.9176,85.7389,86.6616,86.4222,86.46350000000001,87.2146,85.38510000000001,85.2447,88.191,83.538,90.7773,87.31989999999999,90.6525,89.2087,89.1999,82.61189999999999,88.1326;86.5669;87.6152;88.6223;86.52420000000001;87.76400000000001;89.23339999999999;86.91569999999999;85.6807;89.1847;89.44069999999999;89.228;88.7153;86.2219;89.0242;85.9845;88.6077;85.543;86.7735;88.99010000000001;86.7942;87.3478;86.5732;87.73410000000001;89.3748;94.4967;87.29219999999998;86.7696;84.28399999999999;88.2919;86.2815;86.04400000000001;83.6137;85.4925;88.9034;88.3836;83.7301;84.44659999999999;86.36789999999999;87.11080000000001;90.9925;88.653;83.4477;86.5675;87.17750000000001;86.0512;86.9116;88.0243;86.29050000000001;85.7599;91.7235;85.54060000000001;87.285;86.4462;86.1287;88.8914;88.2218;86.8817;88.8644;91.6389;89.4996;87.5556;88.8057;87.4357;88.0934;87.0901;86.0019;88.5917;87.1439;86.8014;89.4213;86.5959;85.5606;85.821;85.69120000000001;85.84700000000001;86.8561;90.4555;86.49180000000001;87.8838;82.9176;88.38040000000001;86.7439;87.63479999999998;87.87639999999999;88.92330000000001;94.1934;86.2757;85.49549999999999;86.19819999999999;87.2407;88.16709999999999;86.2636;87.14320000000001;85.0981;88.77250000000001;86.1935;86.31909999999999;85.7553;82.0861
1122,60,89.61095900000005,86.9476,89.6078,89.6078,89.6078,86.34030000000001,89.76089999999999,88.8832,91.9441,89.59960000000001,88.7955,90.9898,93.125,88.7521,86.68629999999999,86.2687,90.4851,91.65110000000001,93.0103,91.6926,85.85069999999999,85.9267;87.1465;86.4746;89.76920000000001;89.4721;87.43860000000001;92.77590000000001;86.26910000000001;86.1423;87.2227;90.5203;90.95060000000001;89.67060000000001;92.2551;96.13239999999999;85.9707;91.0868;89.9203;90.1728;90.9736;88.6323;91.3236;92.8499;86.9476;89.2198;89.6965;87.58;88.5014;88.65429999999999;89.3717;87.8262;87.33259999999999;89.7968;87.694;88.6943;89.4999;90.9863;85.96759999999999;88.6852;88.1653;93.0147;91.7574;89.6078;88.75;89.4474;90.43090000000001;92.9939;93.9176;89.69720000000001;87.7706;91.7937;89.3471;92.4968;89.6443;87.8249;90.502;88.04230000000001;89.3788;91.8318;89.76740000000001;87.6837;91.06360000000001;91.11080000000001;89.2962;88.24549999999999;91.75299999999999;92.50729999999999;90.44800000000001;88.4213;90.0969;89.59880000000001;88.90549999999999;89.82079999999999;91.34190000000001;88.1866;87.05499999999999;87.9438;88.178;92.01229999999998;88.837;86.34030000000001;89.1062;88.90620000000001;91.0589;90.1736;90.64529999999999;93.0672;88.78129999999999;86.3271;88.36009999999999;89.19739999999999;91.5978;88.9341;93.72059999999999;92.2269;95.1594;89.32679999999999;89.3389;88.9213;85.6677
1122,70,91.00631099999998,89.978,93.2449,93.2449,93.2449,94.00729999999999,92.4,92.023,89.44749999999999,88.3193,91.89659999999999,84.5371,85.28200000000001,87.5712,86.8404,84.20349999999999,88.08189999999999,92.4444,93.6006,90.9781,85.376,87.66579999999999;87.42790000000001;89.3967;90.8903;90.78110000000001;90.9854;89.8496;94.1739;89.0096;89.4095;90.99369999999999;92.77199999999999;92.2997;87.6819;91.2109;90.05799999999999;95.1373;91.73950000000002;90.5734;92.7265;89.187;90.93169999999999;91.37660000000001;89.978;89.68269999999998;90.9077;90.027;89.96019999999999;87.8218;95.0522;91.0616;90.6854;90.5404;89.46889999999999;90.08500000000001;90.3519;87.0147;86.2617;91.7787;88.8377;96.1215;89.5848;93.2449;90.5266;91.5347;90.27;90.7199;96.9369;93.30109999999999;93.9059;89.5969;90.5618;90.4735;89.5167;91.9679;91.50710000000001;89.4377;92.5805;92.2106;91.58219999999999;91.70400000000001;92.21000000000001;96.5661;88.5738;91.75300000000001;90.4257;90.7924;94.41810000000001;88.34479999999999;88.1658;88.0452;88.90979999999999;89.5994;89.4529;89.36;88.6675;90.00070000000001;93.0857;93.3736;92.32;94.00729999999999;94.2956;95.09789999999998;94.7962;92.50370000000001;89.3168;87.5087;88.3531;89.7713;92.3221;92.5635;94.2007;89.9847;93.7022;92.4315;94.4344;87.5835;90.52009999999999;91.5918;88.5027
1122,80,89.78834100000002,88.3575,86.88320000000002,86.88320000000002,86.88320000000002,85.25200000000001,91.617,89.13719999999999,89.6406,89.3867,89.9428,85.6452,85.0821,90.0363,84.5548,84.2817,89.5712,93.1472,96.0309,91.5976,86.1006,92.08359999999999;88.28290000000001;91.15559999999999;95.06;88.52940000000001;89.03450000000001;89.8836;89.7607;90.711;92.5599;92.5556;91.22229999999999;91.5108;90.275;90.1644;85.5063;92.261;92.8211;90.47959999999999;88.4994;86.9569;89.5318;90.5996;88.3575;90.594;89.3694;88.9887;89.412;86.6675;88.06790000000001;88.4725;89.9572;88.29939999999999;89.243;94.7291;94.7512;87.00219999999999;86.5337;88.1791;91.0376;92.6169;92.9519;86.88320000000002;89.3531;91.54069999999999;89.5417;87.38650000000001;91.04359999999998;87.9197;87.3404;89.1497;87.9282;88.7046;86.9328;88.1185;93.27850000000001;93.0598;88.9548;90.13389999999998;93.17320000000001;88.437;87.43790000000001;87.85300000000001;94.6171;86.14840000000001;89.0848;90.1013;92.29679999999999;88.49699999999999;91.2502;87.70410000000001;91.4504;91.142;91.1263;89.7234;93.334;88.02260000000001;88.787;89.74499999999999;88.7209;85.25200000000001;88.429;91.99799999999999;91.3672;90.3221;89.2148;89.82249999999999;87.62610000000001;85.7007;89.1589;88.1123;92.06049999999999;92.4357;91.2787;91.2046;94.4218;86.957;89.1656;88.10210000000001;85.60659999999999
1122,90,91.48368499999998,92.6279,88.2123,88.2123,88.2123,86.3225,91.6805,91.86760000000001,93.23509999999999,90.3527,89.6715,85.8146,85.9264,89.54849999999999,89.38759999999999,85.5723,88.73830000000001,93.7793,93.3853,90.9033,85.32069999999999,89.13040000000001;90.7005;89.85239999999999;90.71940000000001;88.87010000000001;90.9128;91.00770000000001;89.57140000000001;88.7704;90.3315;91.08;92.68190000000001;89.00470000000001;89.0455;92.483;86.5081;89.4975;91.2843;94.4848;96.0512;89.65299999999999;92.5086;93.8566;92.6279;91.8449;93.02459999999999;90.60579999999999;95.6661;90.0007;93.4525;94.09060000000001;89.9132;89.251;89.5446;90.691;91.49610000000001;89.8708;90.49289999999999;91.5036;88.6126;92.63550000000001;96.2974;88.2123;93.3609;94.8717;88.30940000000001;90.6848;91.39239999999998;89.1128;90.3661;90.91660000000002;90.92750000000001;90.93299999999999;92.3807;90.5061;91.6734;92.7179;90.5883;94.25099999999999;96.13069999999999;88.60810000000001;91.4242;93.8441;92.05080000000001;91.18279999999999;96.0075;91.937;92.306;89.67150000000001;92.2598;91.5781;91.0699;90.941;91.6111;90.6476;89.36090000000002;93.3805;89.7551;92.33179999999999;92.3852;86.3225;91.547;93.18639999999999;92.2465;94.7522;89.77699999999999;88.6514;88.1348;87.667;89.8767;90.2097;94.7099;89.446;97.06309999999999;93.85929999999999;93.8647;93.8463;97.1815;95.3048;91.4055
1122,100,92.93916400000002,91.61210000000001,92.8607,92.8607,92.8607,88.9836,96.1755,91.6789,93.8151,92.2656,92.0102,85.2304,84.4127,88.60079999999999,86.75699999999999,85.21,89.50410000000001,94.6711,96.0084,90.71430000000001,87.2526,89.8101;93.7874;92.57509999999999;100.3665;95.6809;96.402;103.01079999999999;100.0866;95.7427;100.3244;99.6771;101.41409999999999;99.10310000000001;96.96010000000001;97.06580000000001;95.31530000000001;98.33439999999999;96.0955;92.8365;90.21090000000001;88.7974;92.29769999999999;93.9183;91.61210000000001;92.201;91.969;88.66649999999998;89.90970000000002;89.8637;92.1446;89.436;89.33579999999999;90.1498;90.9718;91.0431;92.434;90.06389999999999;92.34890000000001;92.18430000000001;90.3672;92.2595;94.1522;92.8607;90.3449;92.0295;90.9145;91.77090000000001;94.4057;89.957;93.554;96.8023;94.81960000000001;93.8595;91.86619999999999;93.19369999999999;96.0019;91.5197;92.24879999999999;95.7997;95.16229999999999;95.11410000000001;95.5786;93.974;90.7884;91.061;91.0317;91.79769999999999;91.3663;89.9325;90.3686;92.1747;95.1467;93.63589999999999;90.9641;90.4565;91.9011;94.1317;92.6673;92.17679999999999;92.6375;88.9836;90.71979999999999;92.00489999999999;93.2808;91.2174;93.7571;92.6308;88.03640000000001;87.3733;89.43369999999999;90.84049999999999;91.45009999999999;89.83610000000002;92.0972;100.64200000000001;97.3236;89.4163;92.9665;89.9058;87.0586
1122,latest,6.848155000000002,5.393199999999999,7.033099999999999,7.033099999999999,7.033099999999999,6.685199999999998,7.102199999999999,6.558399999999999,7.151399999999998,7.2275,6.978399999999999,7.9751,8.0135,5.485799999999999,5.1615,6.4594000000000005,6.3536,6.7103,7.0999,7.1836,6.311999999999999,7.047200000000001;7.4476;5.9886;7.908299999999999;6.3647;6.133100000000001;7.0216;6.8971;5.9384;5.6095999999999995;7.249599999999998;5.840100000000001;5.2438;5.8655;5.3054999999999986;7.859999999999999;5.6082;5.9887;6.869899999999999;5.6465000000000005;6.3903;5.6319;6.346699999999999;5.393199999999999;6.6561;5.7418;6.812599999999999;8.2554;5.6049;6.7248;5.3425;7.8435;8.2431;8.518600000000001;6.9205;7.9093;6.631500000000001;6.234000000000001;7.4887999999999995;9.6179;5.768700000000001;6.9265;7.033099999999999;6.4724;10.937399999999998;10.0631;5.7777;6.5874;8.8091;8.5486;4.8682;6.906299999999999;7.878400000000001;5.851;6.588500000000002;7.4338000000000015;5.586499999999999;9.0485;7.587400000000001;5.486199999999999;7.723;6.989599999999999;6.576999999999999;5.6362;9.3943;5.765200000000001;7.5521;5.972099999999999;5.4943;6.238999999999999;7.231;5.2360999999999995;5.3751;7.1729;7.341399999999999;6.8339;6.476000000000001;7.104700000000001;6.488;7.091199999999999;6.685199999999998;9.3518;7.949299999999998;6.214999999999999;9.763600000000002;6.184699999999999;9.206;7.3906;5.6431000000000004;5.165499999999999;5.960200000000001;5.4686;6.8562;5.354899999999999;12.117499999999996;5.8545;7.510299999999999;5.9127;5.188299999999999;7.044199999999999
1216,0,569.0035670000001,454.20349999999996,582.307,664.635,478.2609,387.1876,NA,NA,NA,NA,NA,606.7003,670.7851,643.1167,639.5061000000001,626.2014,646.7875,NA,NA,NA,658.1514,454.20349999999996;495.5815;436.44169999999997;445.6088;429.1666;461.5443;469.90070000000003;500.8212;569.4984000000001;547.4736;577.379;579.3975;577.8842;578.9381;578.3413;567.2582;647.2293;576.8824999999999;536.4936;606.6041;633.2715;559.9915;565.7492;567.4196000000001;461.8999;541.1519000000001;2281.3316999999997;429.4755;407.142;429.9676;417.6562;387.1876;424.3106;458.33680000000004;439.59209999999996;475.26509999999996;444.3897;449.93210000000005;477.227;451.8769;440.70859999999993;471.6312;468.77570000000003;438.95390000000003;473.07869999999997;503.0344;582.307;541.1496999999999;581.8098;623.9933;593.1064;546.9511;615.9945;540.7558;588.7663;578.6295;621.1578;593.5327;536.3223;1862.1141;544.4586999999999;684.3676;539.3556;626.7017999999999;701.4364;664.635;768.9996;702.3743999999999;747.9476999999999;723.9731;750.2378000000001;718.5941;681.0292;690.7049;712.0074;693.7161;617.9189000000001;584.4358;558.6345;533.4806;520.8413;539.6800000000001;470.2192;480.359;519.3915;488.94530000000003;448.5869;512.2275;432.4429;442.3781;449.5493;451.0677;434.8968;421.0914;450.0213;494.73229999999995;484.9434;478.2609;478.3904;514.7269
1216,10,646.8574369999999,390.2182,418.9186,481.6503,846.2165,456.8157,NA,NA,NA,NA,NA,484.7754,531.6276,519.7593999999999,512.8505,528.3412000000001,574.8807999999999,NA,NA,NA,731.9264999999999,390.2182;533.3773;452.68309999999997;469.51430000000005;475.8084;486.9664;484.27270000000004;418.2566;436.7445;440.3935;446.32579999999996;444.3076;439.6405;510.56980000000004;422.82169999999996;411.0423;519.4945;462.1513;392.8624;471.81090000000006;509.7482;393.4189;500.0863;527.3693000000001;380.54999999999995;408.8911;464.9533;477.7092;443.4379;398.92859999999996;430.9661;456.8157;432.8675;486.0041;472.83760000000007;593.2927;484.8256;436.1018;461.9392;447.64570000000003;441.92449999999997;425.9411;467.3527;505.8848;492.88100000000003;460.00359999999995;418.9186;413.999;450.3127;450.0774;461.14820000000003;450.82919999999996;417.9655;402.682;431.73130000000003;462.8667;483.60010000000005;597.8681;541.3682;562.8055;518.9289;1089.2921999999999;744.007;747.9462000000001;569.7328;481.6503;601.5797;529.0192;660.8534;486.77680000000004;2383.8733;2437.4619999999995;647.5338999999999;2377.5209999999997;653.3466;880.0645;724.6943000000001;718.1758;750.6582;3463.5622000000003;2033.0875;815.2439999999999;811.5855;809.3129;717.1940999999999;698.8234;606.5608;684.9541;562.6003000000001;593.3344000000001;576.1606999999999;574.6962000000001;539.4863;549.2653;565.716;612.1882999999999;727.9999;846.2165;1588.8701;647.9583
1216,20,879.4154700000003,584.5025,1443.9241,883.8443,1236.5,1225.6363999999999,NA,NA,NA,NA,NA,568.5658000000001,558.8709000000001,552.6287,560.5507,577.398,760.538,NA,NA,NA,772.7068999999999,584.5025;1541.6317000000001;719.7298;666.7505;748.6465000000001;564.7827000000001;621.0769;576.7011000000001;622.6449;699.5755;1194.8608;719.7453;605.4648;697.1105;554.9318;557.1219000000001;722.0926;656.5056;636.3862;775.0995;762.3128;587.3852;690.982;879.4492;635.481;685.7952;781.2361;744.4867;771.3758;790.1405;859.1216;1225.6363999999999;920.7248000000001;933.0636999999999;982.4373999999999;1020.5638;927.193;984.0156000000001;938.8688;974.5609999999999;1405.3512;1336.0169999999998;1087.4898;966.8212;929.6493;1020.1906000000001;1443.9241;1506.5173;2442.4074;1113.1011;892.461;869.9555;998.9012;838.479;792.5584000000001;1008.0296999999999;1222.3896;770.6610000000001;923.2701;697.3285;3768.8665;1038.5904;992.4712000000001;768.2108000000001;1010.4825;883.8443;756.6631;766.5092999999999;856.1302000000001;730.8048000000001;706.3737000000001;763.2402;1018.3022;587.5677;659.1845000000001;712.7235000000001;974.8619;637.7597000000001;732.2280000000001;568.4261;548.2768;611.7997;560.486;549.3972;548.5633;653.4416000000001;698.9077;545.9399;545.0569;545.241;816.3354;579.7926;2279.3857;598.8318999999999;890.4286;694.4222;662.0036;1236.5;887.0902;730.7113999999999
1216,30,1089.0794410000003,655.7057,973.9792,1039.7206999999999,1587.3357,1041.2984000000001,NA,NA,NA,NA,NA,557.0638,591.7737999999999,546.3616,537.6537000000001,604.2891000000001,698.2859000000001,NA,NA,NA,757.9548,655.7057;854.7241999999999;811.7450000000001;764.9409;702.3219;741.5075;640.9155000000001;704.6431;870.0418999999999;749.6382;753.6447999999999;965.3217999999999;834.5576000000001;846.1853999999998;2096.1036000000004;2077.6811000000002;830.6225;957.6057000000001;920.8000999999999;988.3039;1033.1059;953.2818000000001;1007.6677;913.3212;2758.2254999999996;1494.4298;936.9344;898.7359999999999;1715.2401;1076.3252;936.6985999999999;1041.2984000000001;985.9743;1188.5391;1192.4944;1214.219;786.3104000000001;1058.7008999999998;795.0989;998.7113999999999;974.9656;1021.4614999999999;1019.4253;920.1637000000001;1457.2248;889.6732999999999;973.9792;841.4369000000002;863.6303;928.2747999999999;795.5227;1051.0878;684.1514000000001;895.1251;4102.8542;2631.6752;4328.9397;721.7269;637.8822;722.4313;850.44;2864.3712;580.1694;585.2691;534.8561;1039.7206999999999;583.4699;885.4484;562.1444;954.6946;533.4044;1383.9622000000002;918.8965;589.0568000000001;627.4624;692.7299;670.9744000000001;1179.3514;944.4709;872.6559;670.1869999999999;700.2312000000001;738.172;753.4545;1975.2698999999998;2097.6399;722.3094999999998;2866.9344;646.8503000000001;1297.5234;744.4289;1079.4042;820.8494000000001;790.5930000000001;808.8445999999999;757.7138;1140.0964;1587.3357;1306.2067000000002;1336.3953999999999
1216,40,944.3669089999996,713.1523,728.6718000000001,782.2486,1247.8200000000002,836.1061,NA,NA,NA,NA,NA,521.2565,643.4087999999999,552.2615000000001,534.1685,559.5587,487.55219999999997,NA,NA,NA,729.6373000000001,713.1523;1031.5677;879.6828;793.8406;844.0232999999998;918.4905;1142.0991;984.8173000000002;769.1666;812.8769;888.7236;1047.2636;1223.5774999999999;1034.1241999999997;1187.536;900.6497;1044.1299;1345.9207999999999;1342.9011;1000.6453;1132.5306;933.7266000000001;1182.9235;939.6822;1009.0555;2360.3965;1047.0164;1267.9137999999998;921.7715;864.7538;909.9624;836.1061;844.4373;858.5923;740.3157;964.7499;671.2653;605.2497;690.4768;844.2178;786.1871;680.1066;809.1721;634.5138999999999;2146.7159;827.5137;728.6718000000001;827.6555999999998;573.9623999999999;635.7031;840.5344;562.9609;2493.9089;560.831;640.1610000000001;1505.2049;662.8806000000001;644.9179999999999;654.5967;642.3018999999999;1050.4356;875.7389999999999;1122.2576999999999;700.6814999999999;770.7293;782.2486;868.1238;739.2375000000001;815.2306;803.7485999999999;791.4705000000001;826.1495;894.5264;787.9490000000001;825.7011;831.8447;811.7329000000001;821.0891;857.9849000000002;877.5267000000001;856.9007000000001;844.5455000000001;934.4645;894.1468;826.9146999999999;797.5283999999999;1013.9235;870.4892;908.3044;935.7248;1447.1327999999999;976.2931;1013.5043000000001;1000.4082;1621.1749;1022.0836;945.5482;1247.8200000000002;986.2434999999999;1050.2998
1216,50,1008.830488,809.3839,669.3868,959.0684,732.0505,578.8153,NA,NA,NA,NA,NA,501.275,562.0537,508.3573,469.2165,549.0869,482.38530000000003,NA,NA,NA,502.3384000000001,809.3839;1429.0599;1456.6142;2748.2082;1025.5457000000001;1118.2046;1542.0152;861.2953;1261.0016;1231.4712;1369.9038;1089.8079;4016.9237000000003;899.7074000000001;886.8512;1118.4412;842.4283999999999;815.8316;700.0579;2264.8035;3613.6472;609.339;616.8031;635.8805;645.5893;550.3797;2178.7168;566.2429;688.0522;686.824;549.5695;578.8153;593.6497999999999;616.0185;561.4495999999999;679.831;714.3507;588.65;581.5561;640.3977;798.9067;676.7099;610.5161;668.4446;619.0287000000001;680.0959;669.3868;738.9664;679.6754000000001;695.5279;690.0053;699.349;732.1281;674.726;794.7293999999999;1014.3143;788.5926;907.6454000000001;726.6373;777.0732;813.1081;1124.0696;1523.2915999999998;1258.6032999999998;953.0934000000001;959.0684;1046.2451;949.8278;920.0107;1055.0178;1048.2124;978.7185;1064.5486;854.7675999999999;1055.4313000000002;1164.6123;1033.5683;938.379;933.4848;981.8702999999999;941.2031;1004.1457;1353.8527;2853.7569000000003;925.2352999999999;977.2426;968.5887;917.4293;811.7837000000001;948.5426;907.9630999999999;872.3382999999999;1057.1402;850.5163;788.1296;799.7814000000001;795.3987999999999;732.0505;623.2153000000001;2073.0275
1216,60,984.959676,548.3675000000001,1141.7314999999999,969.2259,2235.6866,834.6114,NA,NA,NA,NA,NA,573.8715,704.5906,607.1657,588.5309,614.7194,646.4177999999999,NA,NA,NA,503.9036,548.3675000000001;732.3049000000001;656.1119;578.9504999999999;626.1641;568.6871;578.8907999999999;535.219;556.433;487.3144;626.6709000000001;861.6603;711.0553;679.67;727.3214;752.547;695.2878000000001;640.3786;667.2631;643.8453000000001;856.8603;689.1899;748.0935;664.6125;694.7958;764.9294;775.5642;935.4923999999999;720.8869;742.8663;908.6348;834.6114;902.1786999999999;930.7827;1121.4546;990.5496;1052.877;1466.4992;1140.7021;1081.6868;1264.1302999999998;1231.558;1067.1480000000001;1152.6233;2234.6094000000003;1140.7758;1141.7314999999999;1228.1485;1127.2888;1146.125;1160.7053;1164.4051;1239.6798;1095.0495999999998;1142.2755000000002;1309.2581;1369.5378;2631.5488;1511.5748999999998;1712.3145;1059.5608;2995.6528;1143.1813;2453.1229;1033.655;969.2259;850.2375999999999;899.7502999999999;846.3049000000001;2437.6311;4047.1413999999995;851.3422;809.109;656.1361999999999;2484.3984;636.4044;590.1423;557.8288;578.5129;566.1332;555.3982;715.6607;572.8267999999999;625.3616999999999;617.102;527.4553000000001;627.9235000000001;602.9136;556.7663;529.9249;560.6338;656.6211000000001;602.497;671.2712;689.0041000000001;667.0130999999999;622.2212999999999;2235.6866;715.1951000000001;711.1209
1216,70,842.1875409999997,653.5777,911.0761,596.1404,782.5405000000001,945.1908,NA,NA,NA,NA,NA,519.5989999999999,630.7507,544.0849000000001,565.6526,547.7037,510.8313,NA,NA,NA,534.3791000000001,653.5777;865.6389999999999;750.1132;1072.6508999999999;909.6660999999999;841.7222999999999;854.1454;726.3651000000001;708.6393;813.0324;915.3048;1114.5985;816.6273000000001;818.1794;866.1827;894.6051;854.5234;936.1894;891.1085;897.5596;884.5869;777.0427;869.0686;873.6242000000001;874.9305999999999;853.1794;957.6184000000001;882.8244;809.5171;857.0085;1003.116;945.1908;927.5907000000001;895.9902999999999;1040.0376999999999;811.6088;760.9716000000001;898.2710000000002;997.3549;937.3457;1205.2362;932.3339;805.2596000000001;770.1125999999999;835.2496000000001;2438.5942999999997;911.0761;779.8261;684.6995000000001;830.5149999999999;690.7278;682.2668;614.2582;552.8317999999999;575.4218;679.9349000000001;622.1357999999999;624.7854;564.2515000000001;524.8591;558.1164;726.6717;553.5017;567.1005;896.2731999999999;596.1404;625.0498;645.8149999999999;1136.2538;646.5160999999999;717.1786999999999;689.6437000000001;724.6261999999999;608.8525;739.3229;2167.7991;735.3216;719.8708;761.9209000000001;818.4434;830.9951000000001;875.6729999999999;914.5856;997.2181999999999;766.9881;855.4433;1010.0433999999999;758.9158;929.1369;894.7916;838.0833;883.6225000000001;876.6687999999999;783.2121000000001;786.2069000000001;935.6127;758.0627;782.5405000000001;793.3485000000001;931.5023000000001
1216,80,1008.0617679999999,834.6846,1046.6298,882.3838,870.8164999999999,556.675,NA,NA,NA,NA,NA,494.65850000000006,551.9747,524.8844,517.362,521.7597000000001,480.34889999999996,NA,NA,NA,496.0962999999999,834.6846;1122.0439999999999;956.8530999999999;846.4396;1004.8335;3189.4610000000002;1147.3804;2611.081;961.1832;2388.6695;961.3382999999999;1053.8389;988.3075;1012.1948;982.4737;937.7441;915.7632;2666.7767;2455.2122;781.3722;2622.2192999999997;926.3544999999999;1188.2975;764.9875999999999;813.7307999999998;907.2058000000001;665.3177999999999;704.4513999999999;665.202;602.1097;2404.6134;556.675;564.2426;622.5286;640.9723999999999;887.16;824.5448999999999;810.6973;645.8039;835.3767;848.2397;1260.5994;1168.6585;720.4306;787.7107000000001;715.2797;1046.6298;747.1641;712.6550000000001;747.4920999999999;784.4372000000001;776.6248;774.4116999999999;756.0228;784.1408;927.036;821.5796;859.3489999999999;788.8268;802.9386999999999;827.4037999999999;942.9248;896.6687;806.8634000000001;926.4737;882.3838;792.5509999999999;764.074;906.4039;817.8587;945.5963999999999;732.2416000000001;1000.1916000000001;821.619;1038.8391000000001;1010.8794;1099.5122999999999;1071.5364;911.3189;960.6669;1122.152;1091.7795999999998;1026.5187;1008.3087999999998;1096.0255;853.1093;973.1269;849.5320999999999;1065.192;896.7927999999999;925.4715999999999;997.8886;947.4528;1008.4140999999998;1018.1895;940.3203;877.6697000000001;870.8164999999999;873.0645000000001;907.9744000000001
1216,90,1007.2085599999997,631.6114,611.4375,1094.3773999999999,626.6094,684.1057000000001,NA,NA,NA,NA,NA,484.29819999999995,548.0286,494.20730000000003,468.50480000000005,516.817,438.4211,NA,NA,NA,544.0435,631.6114;2717.2203;899.1302;792.4107;689.0964;717.4958;857.7443000000001;675.9621;633.5726999999999;599.8716;787.3191;707.3899;600.4694999999999;641.4352;611.2375;657.9260999999999;883.2992;3919.0967999999993;570.4434;645.7766;630.5631;639.126;714.475;664.6062999999999;819.4877;676.9160999999999;698.6763000000001;686.9173000000001;679.8227999999999;658.6265000000001;654.9729;684.1057000000001;658.7866000000001;655.3308;710.2091;669.4467999999999;654.3417999999999;645.9916000000001;671.0769;667.2543000000001;800.7283000000001;737.2029;639.2393;631.5766;615.4955;676.965;611.4375;2444.0927;627.1905;1809.0359999999998;724.5308;1256.9490999999998;1055.149;912.8171;975.6416999999999;1012.3326;1033.5720999999999;1053.3433;1010.7728;1036.0998;965.5618999999999;1369.7645000000002;1182.9789;2270.2826;960.8374000000001;1094.3773999999999;1150.7309999999998;875.9574;1021.3979999999999;959.0864999999999;1455.1147;983.5913;1022.062;987.016;1033.3926000000001;2945.4065;2565.3917999999994;2473.2173;1138.6759;1492.8274999999999;1903.8375;781.6072;1204.2637;1067.5146;827.3897;1041.1963;878.3107;1369.5086000000001;940.0416;1222.6977;932.9195;679.3136;677.4138;683.2630999999999;767.7776;901.2402999999999;942.6472000000001;626.6094;606.6201000000001;2275.5976
1216,100,1141.6590310000004,617.0127,1984.5160999999998,896.8062,514.6893,824.7686,NA,NA,NA,NA,NA,412.6393,450.96419999999995,402.9602,408.7276,446.3183,431.3232,NA,NA,NA,379.4759,617.0127;1394.7545;1667.7039999999997;589.8601;634.1700999999999;1263.1573999999998;1317.2087000000001;606.2888;1697.6731;627.6864;969.3409;823.5944;667.8753;717.7133;740.0229999999999;834.2316;2576.6961;793.1852999999999;792.1320000000001;1484.5997;3413.6646;726.1648;800.0453;814.0968;3765.8496;1339.9523;846.6353;701.5597;762.9947000000001;758.0940999999999;790.3564999999999;824.7686;806.6704;806.3107;872.8832;867.547;1140.056;940.0577000000001;1533.8842;1797.0482;879.7944;1007.9848000000001;1846.3835;1946.5525000000002;1063.5643;2041.0874;1984.5160999999998;1793.2646;988.2971000000001;3260.7797;1172.1654;1179.7376;1200.9661999999998;1571.4806999999998;1136.625;1151.4258;1163.5278;1184.1616;1186.0763000000002;1454.2111;1814.6003999999998;1238.4201;1077.1181000000001;1013.5952999999998;1183.7426;896.8062;880.8215;901.3287;1131.5974;1142.1419;944.2389000000001;1634.494;2285.4394;836.4664;842.3150999999999;985.6568000000001;1398.3184;1017.3454;1139.8031;1322.8996;805.1205;952.9646;698.7293;572.5035;2496.6183;555.6637;776.6917;540.4282000000001;672.0727;550.3131000000001;506.25700000000006;871.394;1120.5293000000001;1250.5356000000002;1165.1344;575.1219;506.8286;514.6893;511.32800000000003;499.6811
1305,0,120.54822099999996,119.73280000000001,120.19880000000002,120.19880000000002,120.19880000000002,119.27860000000001,NA,NA,NA,NA,NA,120.4682,120.912,121.4132,121.4587,120.46379999999999,126.2992,NA,NA,NA,123.08059999999999,119.73280000000001;120.45389999999999;119.33599999999998;120.1935;120.0861;120.2839;120.3864;120.95219999999999;120.1053;120.9693;119.8667;120.11229999999999;120.9223;119.8913;120.28420000000001;120.02260000000001;120.1301;120.76259999999999;120.45360000000001;120.59189999999998;120.23979999999999;119.5133;119.60389999999998;120.17849999999999;119.73379999999999;120.04309999999998;120.1704;120.5223;119.57770000000001;119.8293;120.7774;120.2434;121.00619999999999;120.19880000000002;121.6939;121.6385;121.1388;120.82010000000001;120.9991;120.5848;121.43209999999999;121.395;121.2893;121.98470000000002;122.03399999999999;121.82850000000002;122.14799999999998;121.2354;120.35650000000003;120.25130000000001;120.7122;119.99180000000001;119.7357;119.5608;120.1611;119.55340000000001;119.8365;120.1618;120.0551;120.68999999999998;119.7433;119.8765;119.8982;119.50439999999999;119.27860000000001;119.84750000000001;120.3905;120.05869999999999;119.6135;120.60579999999999;119.76;120.8454;120.42720000000001;119.70559999999999;120.3869;119.69829999999999;119.79339999999999;120.4195;120.7096;120.077;120.30290000000002;134.8933;120.00110000000001;120.8874;120.33000000000001;122.1406;122.0127;120.3104;121.88160000000002;121.22310000000002;121.4127;121.2693;120.47399999999999;119.61329999999998;119.75439999999999;119.83909999999999;119.55420000000001;119.6674;120.179;119.97240000000001
1305,10,132.68466499999994,131.499,131.7521,131.7521,131.7521,132.0652,NA,NA,NA,NA,NA,134.1232,133.33530000000002,132.4442,132.3795,132.6248,134.36249999999998,NA,NA,NA,135.4147,131.499;132.10339999999997;131.56959999999998;132.09230000000002;131.54500000000002;132.17090000000002;131.5943;131.40769999999998;131.8961;131.7464;132.2424;131.8516;137.2465;132.931;131.2337;132.0115;132.2311;131.44039999999998;131.6679;132.03150000000002;131.4242;131.6186;132.17139999999998;132.0503;132.017;132.036;131.4833;132.5575;131.885;131.6594;132.2752;131.8666;131.86950000000002;131.7521;131.5213;141.0904;131.8397;131.49130000000002;132.4811;132.4393;131.7612;132.1855;131.6236;132.2045;132.3677;131.6644;133.5439;132.57819999999998;132.0857;132.273;132.873;131.43529999999998;131.84969999999998;131.7179;135.13199999999998;131.91240000000002;132.0756;132.2307;132.0134;131.714;131.86029999999997;132.5877;132.99939999999998;149.20349999999996;132.0652;148.1164;132.0546;131.3921;132.515;131.8115;133.1026;131.8459;132.2106;132.3474;132.1487;131.312;133.087;132.78740000000002;132.47019999999998;133.4543;133.7671;133.25469999999999;132.3524;132.95309999999998;131.94;131.6757;135.9098;131.5159;131.84900000000002;132.6479;132.6808;133.514;132.0704;132.9976;132.67680000000001;133.1694;133.1131;131.81119999999999;132.38879999999997;131.5238
1305,20,149.23776399999997,146.62789999999998,146.58769999999998,146.58769999999998,146.58769999999998,147.78319999999997,NA,NA,NA,NA,NA,149.2661,151.3817,148.8007,148.00420000000003,147.8738,146.9448,NA,NA,NA,147.67110000000002,146.62789999999998;149.58139999999997;147.7736;146.8373;147.2305;148.31889999999999;170.5652;146.9282;146.6153;146.98399999999998;147.8786;172.98080000000004;146.897;147.9853;148.6849;145.87949999999998;147.4586;147.791;148.6935;147.25939999999997;146.92139999999998;149.2862;146.74439999999998;147.06619999999998;147.7625;148.65279999999998;148.3027;149.0407;150.18329999999997;148.8173;147.14479999999998;147.65079999999998;147.75479999999996;146.58769999999998;147.91389999999998;147.4736;147.27859999999998;147.6628;147.3714;146.78879999999998;147.6613;147.4189;147.88909999999998;148.86040000000003;169.7699;147.65949999999998;172.51010000000002;148.1133;147.385;147.7756;147.769;147.31719999999999;147.3568;146.4468;146.5797;147.41230000000002;146.56349999999998;148.20199999999997;147.1077;148.13240000000002;148.20999999999998;148.55010000000001;147.2756;148.8228;147.78319999999997;147.1507;148.3447;148.03320000000002;149.2452;146.92829999999998;147.12699999999998;147.66570000000002;148.5792;147.0519;148.23399999999998;148.4842;150.33999999999997;151.3397;147.1644;148.6089;146.4855;147.7514;147.4487;167.4874;147.78240000000002;147.7287;148.8242;147.4857;147.0771;146.82619999999997;149.5291;175.8121;148.7318;147.3901;148.0102;148.91809999999998;147.29579999999999;147.5895;149.5229;147.8346
1305,30,154.60878599999995,147.9936,184.29399999999998,184.29399999999998,184.29399999999998,183.906,NA,NA,NA,NA,NA,148.7711,149.23469999999998,148.86149999999998,148.8744,148.10789999999997,147.0507,NA,NA,NA,147.28090000000003,147.9936;147.2724;147.3114;147.9545;148.1159;147.81689999999998;148.29309999999998;146.5201;148.04840000000002;149.1807;151.2643;149.70129999999997;149.96699999999998;150.5903;173.5227;147.8684;149.6882;153.0574;149.5381;148.55939999999998;149.5636;151.3122;151.2704;147.307;150.7507;179.29469999999998;151.3984;149.45399999999995;150.54719999999998;151.50209999999998;150.97629999999998;150.9277;149.4569;184.29399999999998;150.82039999999998;149.22500000000002;149.67430000000002;151.14870000000002;149.923;148.6947;148.7945;152.4017;149.62189999999998;152.82080000000002;146.64439999999996;178.04840000000002;149.5368;147.7448;150.1126;151.03750000000002;147.94639999999998;151.00509999999997;151.70589999999999;175.9309;148.774;150.1877;152.7633;152.2308;149.63809999999998;149.9554;147.9306;200.40470000000002;152.13129999999998;150.8696;183.906;148.9287;152.52499999999998;148.4293;149.9226;150.08210000000003;150.59820000000002;174.4355;173.04240000000001;149.5077;180.1812;146.86329999999998;150.45510000000002;150.5564;148.5882;148.58450000000002;146.5711;146.61289999999997;173.46280000000002;168.8775;199.95139999999998;146.75809999999998;175.26590000000002;147.0756;179.08930000000004;146.7012;149.03040000000001;147.18599999999998;180.37769999999998;147.09969999999998;151.5923;175.6329;150.07989999999998;148.82979999999998;147.1595;148.8758
1305,40,171.63940699999995,171.29149999999998,168.35670000000002,168.35670000000002,168.35670000000002,169.51670000000001,NA,NA,NA,NA,NA,170.38669999999996,171.02140000000003,172.3967,170.17340000000002,172.0648,173.8363,NA,NA,NA,169.62140000000002,171.29149999999998;169.3938;170.9543;169.5734;171.21929999999998;170.6741;170.37869999999998;170.5469;170.10969999999998;170.6983;170.045;199.9258;169.7602;169.9429;170.86350000000002;198.1864;173.45119999999997;171.7667;200.4122;169.17039999999997;199.8876;170.071;169.0983;169.61329999999998;170.20280000000002;170.3422;169.4565;169.2076;168.7844;170.9043;169.29479999999998;170.173;198.5127;168.35670000000002;170.5981;168.87420000000003;169.46570000000003;169.3236;168.7664;169.6011;169.1598;169.558;169.4755;169.58190000000002;169.2686;169.6899;169.29250000000002;170.2762;169.00359999999998;170.24769999999998;168.8522;170.2963;170.2184;171.0965;170.1135;168.74110000000002;170.3417;169.10319999999996;169.70499999999998;169.91669999999996;170.1607;169.04659999999998;170.1793;169.03499999999997;169.51670000000001;169.62320000000003;169.48380000000003;199.6338;169.79279999999997;169.8974;169.7547;169.37580000000003;169.6901;169.5647;169.50510000000003;171.0343;170.2331;168.7262;169.7746;169.82920000000001;169.8059;169.77919999999997;168.8484;168.97109999999998;168.8949;168.8152;172.1307;169.8791;168.46810000000002;168.7341;168.785;169.54989999999998;170.5495;170.7373;170.93250000000003;170.54489999999998;170.3148;171.3718;169.8635;170.2708
1305,50,170.54279800000003,168.6763,169.2862,169.2862,169.2862,170.2745,NA,NA,NA,NA,NA,173.04039999999998,169.86159999999998,169.9501,169.97,170.2533,168.7618,NA,NA,NA,168.7917,168.6763;168.9523;169.2487;168.69389999999996;168.4474;168.61870000000002;168.6565;168.5274;168.8646;169.8675;168.7055;169.6141;167.95909999999998;170.22480000000002;168.3325;202.0548;169.31869999999998;168.9877;169.6626;168.2968;169.9552;186.33819999999997;170.70170000000002;182.8277;175.707;173.69350000000003;169.8076;169.14100000000002;169.949;169.3644;169.66109999999998;172.4034;168.99059999999997;169.2862;168.9974;168.2555;169.9056;169.4015;169.37780000000004;169.88529999999997;169.84269999999995;168.7855;169.6473;169.5424;169.56739999999996;169.16809999999998;169.214;169.7222;170.3854;169.71000000000004;169.4505;170.3227;169.70909999999998;170.06279999999998;170.3307;169.95250000000001;169.89319999999998;170.2991;169.9255;169.4751;169.5166;170.9629;169.72529999999998;169.286;170.2745;170.7036;169.8249;169.79990000000004;171.0513;170.0616;170.313;169.40820000000002;168.3703;169.406;169.6898;169.8961;169.26549999999997;170.4592;169.15229999999997;169.8999;170.48180000000002;169.9049;168.5035;169.7937;169.42640000000003;195.7724;167.9066;169.8734;169.2498;169.5241;169.4596;170.08499999999998;169.7719;169.50459999999998;169.3175;170.70489999999998;169.6362;169.32410000000002;168.93149999999997;169.67519999999996
1305,60,165.28213,164.0027,164.4499,164.4499,164.4499,165.2206,NA,NA,NA,NA,NA,165.5014,164.602,167.1481,168.2861,164.4643,165.0246,NA,NA,NA,162.98959999999997,164.0027;165.0016;164.6298;163.5686;163.72240000000002;163.94330000000002;163.57399999999998;164.68959999999998;164.27329999999995;165.1457;163.2283;164.4878;164.6867;164.05909999999997;165.8501;163.54919999999998;165.17829999999998;165.197;166.40769999999998;164.97390000000001;164.52139999999997;164.29549999999998;165.5646;164.8294;165.1322;166.0481;164.8826;165.0977;165.65609999999998;165.85129999999998;165.2381;165.0777;163.7934;164.4499;164.3151;164.66450000000003;165.51870000000002;165.03929999999997;164.56259999999997;164.0969;165.9895;165.72889999999998;164.64139999999998;164.1336;163.7437;165.28640000000001;164.41219999999998;164.4193;164.4508;164.7132;164.6862;165.2985;165.4127;164.6114;164.7758;164.90279999999998;164.822;163.75529999999998;165.6191;165.64839999999998;163.6721;165.1791;164.5933;165.3904;165.2206;166.42020000000002;164.2586;164.54770000000002;166.8718;166.2962;191.1914;164.2312;166.02439999999999;166.7968;167.43;164.8979;165.14860000000002;166.003;164.3782;164.5446;166.6763;165.0533;166.2647;166.1964;165.82869999999997;164.9404;165.60639999999998;166.86040000000003;165.13580000000002;165.85109999999997;164.69550000000004;165.77710000000002;166.1387;163.79489999999998;165.79;163.6929;165.4562;165.94889999999998;164.5655;164.98829999999998
1305,70,167.87442699999997,165.75580000000002,166.0358,166.0358,166.0358,168.518,NA,NA,NA,NA,NA,164.5047,167.6646,165.3175,166.81889999999999,165.8024,167.17289999999997,NA,NA,NA,165.409,165.75580000000002;166.03019999999998;167.57999999999998;167.511;166.0196;167.0122;166.0047;165.5722;165.93439999999998;166.689;168.0116;167.46529999999998;166.1186;167.4264;167.4633;166.341;167.14569999999998;167.46859999999998;166.8483;165.31949999999998;167.24429999999995;166.0195;167.48479999999998;164.8655;166.4907;165.8134;168.5322;167.12369999999999;167.1481;166.8378;165.7492;167.67899999999997;165.0493;166.0358;166.7917;165.5362;165.71499999999997;167.798;166.8053;166.6001;166.63289999999998;165.88209999999998;165.92759999999998;166.43759999999997;166.8555;165.8763;164.71999999999997;166.08100000000002;164.9514;166.4862;167.89010000000002;167.56109999999998;166.00439999999998;166.9378;167.26239999999999;167.99920000000003;165.5282;168.8641;166.6021;166.13060000000002;167.3974;168.89669999999998;167.9473;169.15540000000001;168.518;167.7483;168.2138;204.2957;169.18319999999997;168.99670000000003;170.17489999999998;169.9884;168.6049;169.00329999999997;167.04289999999997;169.7693;170.541;168.67329999999998;166.8731;167.5793;169.4062;167.3533;167.4257;168.2192;169.85840000000002;169.0137;168.13770000000002;171.82350000000002;169.08429999999998;167.8553;169.75330000000002;170.5523;171.12619999999998;169.2113;168.2074;169.4374;169.0657;169.52849999999998;169.7535;168.35930000000002
1305,80,168.639867,167.31210000000002,168.9868,168.9868,168.9868,168.1515,NA,NA,NA,NA,NA,165.0052,168.67649999999998,166.5764,165.4068,165.031,165.4227,NA,NA,NA,165.35569999999998,167.31210000000002;167.4662;168.74419999999998;168.21460000000002;168.1834;169.7222;168.6044;170.9068;169.3992;168.70029999999997;170.0414;168.1262;168.1925;168.25010000000003;168.7028;168.5706;168.98129999999998;168.67790000000002;170.3553;170.95419999999996;169.02870000000001;168.13550000000004;167.9411;168.77859999999998;167.29299999999998;170.84629999999999;170.09319999999997;168.46679999999998;168.90439999999998;169.3209;168.6554;169.0393;168.55669999999998;168.9868;168.16609999999997;167.9848;169.1645;168.86309999999997;168.689;168.06640000000002;167.75300000000004;168.29130000000004;167.04629999999997;168.8746;168.12939999999998;167.50320000000002;166.66899999999998;166.0432;166.7947;168.2796;167.4794;168.2543;167.1991;167.46949999999998;167.6599;167.72229999999996;167.7005;167.8202;167.6031;171.0301;167.6438;166.7325;168.2125;167.4438;168.1515;166.8289;166.5279;169.0891;169.02509999999998;167.9803;168.23359999999997;167.1198;170.0964;168.1335;166.75669999999997;167.3224;168.14639999999997;168.0182;166.374;203.40109999999999;168.65779999999998;167.3901;167.4251;166.8245;167.6901;168.006;166.7885;167.98969999999997;169.27200000000002;168.1754;167.4327;166.80579999999998;169.53929999999997;168.9638;168.69580000000002;168.0614;171.0026;167.5131;169.0875;169.019
1305,90,325.30344799999995,321.6758,324.46389999999997,324.46389999999997,324.46389999999997,325.4855,NA,NA,NA,NA,NA,318.1277,318.46410000000003,318.0934,320.12469999999996,319.5006,325.0017,NA,NA,NA,321.0471,321.6758;322.2386;324.4527;324.1032;323.8665;322.15999999999997;325.6223;331.27029999999996;325.24520000000007;321.4987;323.8296;323.423;322.2018;323.935;320.668;323.7565;322.04949999999997;322.1921;323.2279;322.55129999999997;323.87010000000004;324.25430000000006;325.49879999999996;322.3057;330.2037;327.58000000000004;321.8365;324.57090000000005;323.8773;321.9935;321.5688;324.95939999999996;330.0535;324.46389999999997;321.5513;323.7849;325.27680000000004;333.5816;322.54140000000007;324.7681;322.5247;320.6657;327.2161;323.175;328.6734;330.98370000000006;325.1001;325.7019;320.3745;323.5197;323.1987;329.42650000000003;320.701;329.5458;322.7631;321.8671;325.39470000000006;325.47630000000004;327.84020000000004;323.3446;323.00780000000003;321.49890000000005;321.20349999999996;326.3173;325.4855;320.83489999999995;321.9402;323.283;323.07860000000005;321.608;326.4043;324.4211;324.2527;324.1863;324.18050000000005;323.6146;331.56809999999996;325.1323;322.1438;322.50840000000005;325.3445;324.96549999999996;322.4372;324.3851;322.094;325.6548;430.706;324.7568;326.7675;321.87510000000003;320.2848;322.60429999999997;325.0575;331.8112;322.0834;323.753;324.3236;324.29879999999997;323.27699999999993;321.19359999999995
1305,100,191.83601099999996,190.325,191.8668,191.8668,191.8668,189.9537,NA,NA,NA,NA,NA,185.1246,186.5865,184.8663,185.2437,187.3723,192.7899,NA,NA,NA,185.5636,190.325;189.6303;194.7529;189.81730000000002;192.22379999999998;188.88359999999997;189.7428;192.2798;192.62609999999998;190.90120000000002;187.7366;198.4366;196.0021;188.9939;189.72820000000002;192.6504;190.796;195.8705;191.1845;190.05670000000003;189.89729999999997;194.2593;188.18060000000003;188.4114;190.31009999999998;190.12329999999997;190.1155;191.3502;188.8313;191.0743;189.71689999999998;192.6211;192.55359999999996;191.8668;189.8345;190.9703;190.30810000000002;190.1506;190.3736;195.589;188.77909999999997;188.2951;193.223;191.37369999999999;196.66859999999997;191.7018;190.135;192.7412;192.45280000000002;193.4167;194.67239999999998;192.11990000000003;189.7013;192.677;191.38909999999998;190.15019999999998;192.9602;189.6066;191.0366;192.7335;193.57059999999998;190.62529999999998;191.0129;192.9294;189.9537;188.4925;192.238;197.4313;194.19800000000004;199.0849;203.65879999999999;199.1396;191.0828;192.0522;197.33569999999997;191.44559999999998;195.1133;191.6732;193.6227;192.43899999999996;194.1598;189.8216;190.8624;196.5376;189.0505;196.5239;187.3552;190.6827;192.0363;189.93220000000002;187.26559999999998;192.48880000000003;191.63420000000002;192.18990000000002;189.09099999999998;191.07819999999998;190.41310000000004;189.1929;191.889;189.28680000000003
1497,0,10.444291000000003,9.613399999999999,9.3628,9.3628,9.3628,8.2864,NA,NA,NA,NA,NA,10.7941,11.001499999999998,11.52,15.203599999999996,11.609300000000001,14.243,NA,NA,NA,10.848299999999998,10.0632;9.2725;9.3544;9.679300000000001;9.4038;9.0345;9.237099999999998;9.103;9.563600000000001;9.5401;8.6259;9.292300000000001;9.9298;9.9589;9.613399999999999;43.057500000000005;10.861899999999999;9.3612;9.520700000000001;8.8769;9.7291;8.8431;9.056000000000001;10.1776;9.8525;9.0781;9.2293;8.9266;9.488;9.9551;9.664399999999999;10.5685;10.043;10.5825;9.847900000000001;9.7863;10.767900000000001;10.5741;10.542499999999999;10.5315;11.232800000000001;9.934999999999999;9.3065;9.7239;8.9747;9.2837;9.3628;8.484;9.3829;8.764999999999999;8.6914;9.4016;9.846200000000001;9.1707;9.7483;9.1068;9.0885;9.236999999999998;9.6029;9.518799999999999;8.9444;9.386500000000002;10.792;9.3802;9.1313;40.537400000000005;11.0256;10.7347;10.8585;10.1293;10.7516;10.6566;11.3916;10.750700000000002;11.437100000000001;9.7683;9.3511;9.040099999999999;8.934299999999999;9.0678;9.226199999999999;8.2864;8.549299999999999;9.7029;9.2517;10.0218;12.9744;8.674199999999999;9.4864;9.748000000000001;11.522200000000002;10.5248;11.0805;9.7407;10.4535;10.5333;10.6115;11.1444;10.981599999999998;11.3887
1497,10,11.444887999999997,9.378599999999999,12.4812,12.4812,12.4812,12.030399999999998,NA,NA,NA,NA,NA,10.452100000000002,10.658900000000001,9.6234,10.5811,10.202100000000002,14.221000000000002,NA,NA,NA,11.375399999999999,8.9542;8.9259;9.8624;9.0631;10.131499999999999;10.1584;8.998099999999999;9.0918;8.9114;12.0522;9.3131;9.3632;10.6179;9.6019;9.378599999999999;11.586200000000002;9.5443;9.7775;9.013499999999999;9.2509;10.3324;9.753499999999999;8.980699999999999;9.6752;9.9613;9.679300000000001;9.916799999999999;10.1756;9.4298;9.4511;9.7507;9.3309;9.8717;10.119;12.2109;10.703299999999999;9.5389;9.8605;10.4768;10.0835;9.8546;9.158;9.9957;9.761;9.8548;10.145399999999999;12.4812;14.9395;11.940299999999999;11.391300000000003;14.347900000000003;14.8503;14.528599999999999;15.338200000000002;13.427100000000001;14.796800000000001;13.399600000000003;14.5182;12.372900000000001;11.9419;12.329;14.581700000000001;13.129600000000002;12.0933;12.808;13.040300000000002;12.9367;11.150500000000001;12.528200000000002;12.5415;13.2529;12.7485;14.4113;14.022100000000002;11.7811;12.7174;12.307799999999999;12.3891;13.4846;15.8696;14.000200000000001;12.030399999999998;13.7053;12.670300000000001;12.0806;13.978299999999999;12.2871;11.7424;11.827200000000001;12.4151;11.522100000000002;11.782399999999999;12.448799999999999;10.4222;10.5837;13.2026;12.026399999999999;11.6916;11.141199999999998;10.866399999999999
1497,20,11.835899000000001,11.3963,12.904,12.904,12.904,13.313600000000001,NA,NA,NA,NA,NA,11.146,12.068099999999998,11.5503,11.158999999999999,12.1165,11.9757,NA,NA,NA,10.6876,10.070599999999999;11.043700000000001;10.718;10.6157;12.156199999999998;10.8171;12.733300000000002;11.9587;11.468399999999999;11.0764;9.8629;10.738900000000001;11.1963;14.9372;11.3963;12.747599999999998;12.756400000000001;11.7223;13.936500000000002;11.8645;13.257499999999999;10.7222;11.673200000000001;13.005899999999997;11.1073;15.1933;12.201;13.4403;13.4177;12.985000000000001;11.123499999999998;11.3963;11.4511;10.430700000000002;13.1458;11.225600000000002;11.335;10.782200000000001;14.7072;13.3601;12.5214;12.084200000000001;14.8859;10.6249;11.1697;14.3673;12.904;10.2251;13.817200000000001;14.662500000000001;12.732899999999999;13.9937;12.207299999999998;13.507200000000001;11.9778;12.5294;11.392100000000001;10.637800000000002;11.0231;11.1386;11.25;12.0952;11.418899999999999;10.657;11.602699999999999;10.4455;10.981000000000002;9.678899999999999;10.203;11.174499999999998;8.9193;13.414000000000001;10.6952;9.956000000000001;12.7334;12.1142;10.3501;10.2867;14.0692;11.299700000000001;12.2598;13.313600000000001;11.4247;13.091399999999998;10.905899999999999;11.4282;10.5572;10.7511;13.2686;10.599800000000002;9.9337;11.9567;11.0279;10.576999999999998;10.6887;11.6615;12.9621;13.7242;11.506800000000002;10.4265
1497,30,12.203997999999999,14.3524,12.645700000000001,12.645700000000001,12.645700000000001,13.2543,NA,NA,NA,NA,NA,11.736699999999999,11.533300000000002,10.735800000000001,11.1499,11.097999999999999,11.578999999999999,NA,NA,NA,14.3866,10.691;10.181000000000001;11.752699999999999;10.0483;11.0939;13.3194;13.021600000000001;12.3227;12.197799999999999;11.645900000000003;11.511300000000002;13.7034;12.7031;13.605699999999999;14.3524;12.7438;14.8175;12.067400000000001;11.8087;12.8903;12.395699999999998;13.1107;12.6152;12.2243;14.985400000000002;11.5985;11.1478;11.973200000000002;10.1013;11.284500000000001;10.557;11.5793;10.769499999999999;11.75;11.633500000000002;12.386000000000001;10.933000000000002;11.958700000000002;11.553899999999999;12.2453;11.329;13.156199999999998;13.603299999999997;11.543800000000001;10.695900000000002;11.0382;12.645700000000001;11.218900000000001;11.792399999999999;11.257;11.0303;10.5099;10.9212;11.810500000000001;12.2749;13.1993;11.7898;11.5068;13.2559;9.8889;12.6647;13.8249;12.2149;11.0443;12.639199999999999;14.3569;10.9221;11.410499999999999;11.576699999999999;11.9838;10.7159;13.0748;14.6561;12.3626;12.847999999999999;13.245199999999999;13.6584;11.232099999999999;13.871700000000002;13.188400000000001;11.9834;13.2543;15.087300000000003;12.097299999999999;12.935400000000001;15.564299999999998;15.0887;11.8214;10.874500000000001;12.3718;12.6715;12.0229;11.3241;10.8899;10.4928;11.509700000000002;14.2461;12.013599999999999;12.599499999999999;12.311499999999999
1497,40,12.332555999999995,11.8009,14.580400000000001,14.580400000000001,14.580400000000001,12.908100000000001,NA,NA,NA,NA,NA,12.655100000000001,12.455099999999998,14.811800000000002,11.256499999999999,11.5547,10.5258,NA,NA,NA,11.788400000000001,11.0995;11.164100000000001;13.0231;12.072600000000001;10.805200000000001;11.4954;11.451500000000001;11.160499999999999;12.5968;11.6638;12.076;13.288499999999999;11.161499999999998;11.721;11.8009;11.953;12.8452;13.857599999999998;11.7986;14.145600000000002;11.509599999999999;11.9018;11.1209;12.664700000000002;13.300699999999999;11.600700000000002;11.767900000000001;13.544900000000002;12.044900000000002;11.0985;10.4386;14.0016;12.8659;14.497399999999999;12.4057;11.496699999999999;12.167399999999999;12.4179;14.6246;13.9752;13.351;11.5509;11.5522;13.100600000000002;12.3529;12.4984;14.580400000000001;14.162600000000001;12.666299999999998;15.9427;15.2312;15.1445;13.697500000000002;12.3233;12.724099999999998;10.004000000000001;12.3703;12.1628;13.139899999999999;11.2649;12.5079;10.934700000000001;11.107899999999999;10.1484;10.7425;10.700499999999998;11.6924;12.159699999999999;11.148900000000001;12.9991;12.5458;10.703199999999999;11.2896;11.713000000000001;11.484000000000002;11.741900000000001;11.370000000000001;11.7856;13.344699999999998;12.6804;13.1241;12.908100000000001;12.8119;14.1557;11.8016;12.1059;12.5447;11.451299999999998;12.4876;10.2127;12.3288;12.1857;11.630100000000002;13.158600000000002;13.342300000000002;12.2639;12.489900000000002;11.846200000000001;12.0528;15.107000000000001
1497,50,12.639524999999999,13.196700000000002,11.619999999999997,11.619999999999997,11.619999999999997,12.5361,NA,NA,NA,NA,NA,12.3793,11.1129,10.021900000000002,10.6454,10.056000000000001,11.454999999999998,NA,NA,NA,10.657,13.555400000000002;11.9329;12.124699999999999;12.4274;14.3865;13.6267;12.562400000000002;12.101099999999999;12.8848;14.3506;10.961799999999998;14.850399999999999;16.2283;15.055199999999997;13.196700000000002;12.6798;12.022499999999999;11.994700000000002;11.9681;12.6191;12.827100000000002;11.820300000000001;12.1242;13.296599999999998;12.121;11.395400000000002;10.1829;11.436399999999999;12.093;13.530300000000002;11.573099999999998;14.0618;11.601299999999998;13.272300000000001;11.8563;10.8784;12.226300000000002;11.4153;12.7991;10.8292;11.3306;10.525599999999999;11.476200000000002;12.846599999999999;11.693000000000001;11.579;11.619999999999997;11.3978;11.092700000000002;20.237899999999996;11.020600000000002;11.3328;10.9483;16.4275;11.7012;12.6086;11.6114;11.3673;10.9022;11.6183;13.039200000000001;11.800600000000001;11.2789;19.435000000000002;14.7837;13.9197;16.175900000000002;13.554200000000002;12.9548;14.2727;13.9509;12.9962;14.9236;13.875499999999999;12.2055;15.0931;11.595899999999999;13.039200000000001;14.6855;13.5793;12.419600000000003;12.5361;13.6997;15.595099999999999;11.255500000000001;13.865600000000002;12.5169;11.522500000000003;12.1344;12.6425;10.9333;11.1217;11.471499999999999;11.946100000000001;10.636099999999999;12.034400000000002;11.6148;11.2147;11.1795;10.246099999999998
1497,60,12.050585000000002,12.242099999999999,10.396099999999999,10.396099999999999,10.396099999999999,13.1385,NA,NA,NA,NA,NA,11.1738,15.503900000000002,11.4571,12.013399999999999,10.1799,12.4133,NA,NA,NA,10.2639,10.1418;11.261299999999999;10.6061;9.9119;10.927899999999998;13.184199999999997;11.5947;10.977699999999999;12.275999999999998;10.9638;10.1218;10.621500000000001;11.5332;14.031500000000001;12.242099999999999;11.116;12.3355;11.2744;11.324;11.4147;10.9988;10.770900000000001;10.931999999999999;13.3209;12.980500000000001;10.8766;11.5658;12.0533;12.773900000000001;12.8617;11.203;13.0438;12.612499999999999;13.0012;12.2375;11.147300000000001;12.4764;11.3269;13.4432;14.5376;12.834900000000001;11.513599999999999;12.9352;13.209200000000001;12.204;12.4452;10.396099999999999;9.874099999999999;10.851700000000003;12.3555;12.2131;10.883999999999999;12.5698;11.496500000000001;12.2583;11.677200000000001;11.0056;12.0704;11.6796;13.398700000000002;12.0075;11.856199999999998;12.0663;9.9721;11.107399999999998;12.671100000000001;12.263099999999998;13.144600000000004;10.664100000000001;12.7459;12.862599999999999;12.119;12.3096;12.1901;11.6174;11.4744;11.678900000000002;12.5354;13.9838;11.9373;12.1015;13.1385;13.300699999999999;13.7368;11.858099999999999;12.675000000000002;13.067700000000002;13.0107;10.9208;11.787799999999999;13.8528;12.8532;11.7438;12.078000000000001;11.879;12.522300000000001;13.4421;13.5007;13.040600000000001;13.445
1497,70,13.391376999999995,14.332900000000002,12.9642,12.9642,12.9642,13.015300000000002,NA,NA,NA,NA,NA,13.1275,14.867999999999999,12.6385,12.905999999999997,12.4543,12.503500000000003,NA,NA,NA,11.1414,13.5662;13.4184;14.443399999999999;12.5385;13.867799999999999;12.665099999999999;13.098700000000001;10.7883;12.1414;12.8445;11.727699999999999;12.767600000000002;11.7425;13.052;14.332900000000002;12.6161;14.445400000000001;13.337;12.8521;11.9208;12.5277;11.632;12.6909;14.2442;11.322;12.1493;12.122499999999999;13.560299999999998;12.830900000000002;14.483699999999999;15.4951;13.9446;11.9573;13.448999999999998;13.5595;12.6249;15.593400000000003;14.482199999999999;14.623;15.8574;12.7346;15.081199999999997;15.2615;15.410500000000003;16.1397;14.4038;12.9642;12.823599999999999;13.662899999999999;15.117799999999999;13.8639;12.685300000000002;13.849800000000002;12.5443;11.8262;13.5292;13.86;13.270499999999998;14.056000000000001;13.6388;14.9863;14.317300000000003;16.5165;14.3046;14.243299999999998;12.900499999999997;13.396799999999997;12.9515;12.2685;11.2314;13.221400000000001;12.3631;11.7818;12.811100000000001;15.121800000000002;14.400699999999999;11.340499999999999;15.1387;12.626600000000002;11.732999999999999;13.774600000000001;13.015300000000002;15.2753;14.8878;13.390899999999998;13.960799999999999;13.1706;11.7982;12.944700000000001;13.1955;13.603700000000002;12.6336;13.809899999999999;13.503800000000002;13.180499999999999;12.7256;13.478;11.980699999999999;13.5621;13.5506
1497,80,13.701432000000004,15.4584,14.6345,14.6345,14.6345,13.2406,NA,NA,NA,NA,NA,13.751,12.2166,13.5726,12.614800000000002,10.967500000000001,14.871699999999999,NA,NA,NA,12.0647,15.9479;16.700499999999998;14.472100000000001;14.2283;13.323300000000001;14.648200000000001;14.4682;12.4356;13.572499999999998;13.019400000000001;13.5354;17.985599999999998;15.9354;14.404599999999999;15.4584;15.2965;16.2441;14.9327;17.1898;12.962000000000002;15.335100000000002;13.0976;13.102800000000002;13.141899999999998;13.455200000000001;14.058;12.6489;14.240899999999998;12.9653;12.66;11.419599999999999;12.161099999999998;12.497;12.3229;12.6568;11.4216;13.4484;10.8216;14.2256;11.2566;13.1893;14.176300000000001;15.1964;12.3462;12.0012;10.856300000000001;14.6345;12.965499999999999;12.815100000000001;12.409899999999999;14.560099999999998;13.117899999999999;12.9478;15.715499999999999;15.551599999999999;13.1702;17.0772;15.265;16.9091;11.392;14.537700000000001;16.7678;13.660800000000002;17.0018;16.8493;16.731200000000005;14.5567;12.642;15.891599999999999;11.8293;15.087399999999999;14.726400000000002;11.684999999999999;12.616100000000001;10.7469;12.2595;12.9788;14.3464;12.5039;11.0323;12.1498;13.2406;11.015799999999999;13.796899999999999;10.506900000000002;14.5101;14.424;13.552;13.278099999999998;13.886;11.4916;12.817;14.287599999999998;14.7261;12.3983;11.3167;12.4998;13.8077;13.516899999999998;14.4759
1497,90,465.3359119999999,473.91689999999994,463.5929,463.5929,463.5929,482.0965,NA,NA,NA,NA,NA,460.6568,454.37209999999993,454.26399999999995,458.7157,456.6965,527.3824,NA,NA,NA,447.1309,457.42789999999997;466.0523;467.4708999999999;476.17459999999994;507.36440000000005;462.624;465.57200000000006;487.7695;482.5193;446.8604;458.7979;472.097;479.0448;456.21500000000003;473.91689999999994;457.2816;450.2244;452.0694;463.3972;474.2129;531.8157;492.1032;447.01660000000004;459.8074;465.47400000000005;465.1812;459.894;449.7613;452.9728;457.3334;475.77099999999996;468.8664;443.45609999999994;465.9439;465.86620000000005;466.0697;475.92049999999995;449.3667;450.43899999999996;478.63859999999994;463.8766;471.25229999999993;472.3017;449.2892;455.7623;466.6151;463.5929;468.9026;458.7222;459.66650000000004;482.1365;477.78520000000003;458.26410000000004;467.4397;464.057;459.1640000000001;476.3052;445.96000000000004;463.2099999999999;465.53369999999995;463.7494;465.0159000000001;456.77;455.41079999999994;461.46979999999996;466.1468;452.8256;451.3492;474.4035;461.51570000000004;460.8413;462.0021;454.49379999999996;460.4366;461.5304;451.5416;489.36259999999993;456.996;462.0293;454.2954;454.28869999999995;482.0965;477.34270000000004;477.5227;465.9042;453.7494;461.991;458.6739;459.3325;466.7047;461.88860000000005;469.94550000000004;456.5731;483.3523;486.8713;460.25039999999996;471.5213;466.0985;463.7108;464.9604
1497,100,315.5816239999999,308.26619999999997,321.4694,321.4694,321.4694,312.36879999999996,NA,NA,NA,NA,NA,294.6258,290.9546,288.5562,288.05719999999997,288.0763,313.0086,NA,NA,NA,286.34950000000003,302.4749;315.75350000000003;325.6867;309.5915;307.24100000000004;316.86129999999997;308.4379;320.7842;314.5381;313.423;317.1245;305.11190000000005;311.18059999999997;300.7883;308.26619999999997;311.1449;306.0314;304.76890000000003;318.2338;323.23979999999995;306.731;316.8884;307.1424;300.6846;302.3595;323.27840000000003;316.7337;306.5958;297.07759999999996;307.2848;310.4634;322.56780000000003;303.1757;320.3231;324.3655;319.7647;323.7483;314.8837;323.9111;341.12239999999997;336.3643;326.6776;351.644;321.264;337.03279999999995;313.2252;321.4694;321.8497;328.65939999999995;326.15319999999997;330.44370000000004;335.4886;322.4887;335.295;337.4846;327.39639999999997;341.7654;357.37980000000005;334.75300000000004;326.53520000000003;356.03919999999994;316.2034;312.7007;319.3852;320.6546;302.6027;305.3792;325.889;316.50570000000005;308.8842;309.3999;301.8841;297.7297;307.811;304.9468;298.3451;311.5696;298.8651;300.20939999999996;289.08619999999996;300.745;312.36879999999996;296.21860000000004;321.5643;301.0156;293.9776;308.4882;301.0851;297.99240000000003;305.2483;323.4875;303.12109999999996;302.9558;320.71340000000004;304.0085;321.7078;320.2692;311.07710000000003;336.1545;308.7185
1683,0,22.229820999999998,21.197699999999998,21.197699999999998,21.197699999999998,21.197699999999998,19.5193,19.8063,19.388499999999997,20.503700000000002,20.7335,19.9243,21.420099999999998,21.450599999999998,20.8019,20.075000000000003,21.8066,29.2943,24.928300000000004,27.388799999999996,23.7253,20.343200000000003,23.4353;22.9501;22.4232;21.0308;21.886499999999998;20.608500000000003;21.0926;21.197699999999998;20.7622;22.442700000000002;22.831900000000005;21.6912;22.688699999999997;23.1807;21.504500000000004;22.3643;22.979899999999997;21.412599999999998;21.756399999999996;23.4497;22.683;23.2047;22.6999;23.8636;22.7437;20.9986;20.5772;21.5816;20.6066;20.6927;22.9962;22.227700000000002;22.4946;21.8955;22.1345;22.8547;22.6633;23.223900000000004;22.806600000000003;23.7447;20.587300000000003;20.768;22.1344;22.1447;21.7252;21.104600000000005;24.6669;24.407199999999996;23.201400000000003;23.6543;22.0614;22.544400000000003;22.1301;21.4063;22.2453;20.5416;22.9766;20.611800000000002;21.169600000000003;22.924799999999998;23.658800000000003;23.755200000000002;22.9347;22.2485;21.583;20.662100000000002;19.964399999999998;19.5193;20.093300000000003;21.847;22.813499999999998;21.462200000000003;21.9152;21.7157;23.198999999999998;21.387700000000002;22.4476;22.4288;22.8475;21.897299999999998;21.9321;22.5696;21.3501;23.284;23.6633;24.471899999999998;22.4251;24.7923;23.656200000000002;22.9065;22.637900000000002;22.669600000000003;23.815;20.434299999999997;21.163400000000003;21.9305;21.939899999999998;22.9121;22.3067;22.3521
1683,10,23.968636999999998,20.1213,20.1213,20.1213,20.1213,22.319100000000002,21.6273,23.442800000000002,23.902599999999996,23.623499999999996,21.4041,20.7431,25.2237,24.5133,25.382800000000003,27.528800000000004,21.022199999999998,23.955,27.8169,25.053799999999995,19.762299999999996,19.903399999999998;21.268400000000003;21.7867;22.441200000000002;25.0634;23.046;21.463299999999997;20.1213;20.0231;21.171200000000002;23.100699999999996;23.742900000000006;19.8755;29.772;20.6982;19.904400000000003;23.558;23.5285;20.5149;21.2541;20.959100000000003;22.422900000000002;21.106700000000004;23.740199999999998;22.816499999999998;20.9507;20.6828;22.979600000000005;21.5854;21.1884;20.862899999999996;22.085100000000004;22.0938;22.2105;22.5188;21.528200000000002;24.127000000000002;21.605800000000002;22.5646;23.841900000000003;22.1991;21.229799999999997;21.747200000000003;20.2478;22.2783;20.8436;20.8014;22.3585;24.107799999999997;22.2428;21.945299999999996;23.6833;19.235500000000002;21.387400000000003;22.1066;22.732300000000002;19.337;22.3198;21.834;22.0171;20.8191;20.2337;24.168899999999997;22.3926;23.1554;23.097499999999997;23.0948;22.319100000000002;21.700100000000003;23.2761;23.6707;23.207;22.5435;24.177500000000002;27.863;26.094700000000003;27.385199999999998;30.621599999999997;30.212699999999998;28.083899999999996;26.853299999999997;28.0834;29.361800000000002;30.825699999999998;31.420099999999998;33.0542;32.0667;30.6681;29.160800000000002;28.0466;28.466700000000003;28.203899999999994;29.7244;29.4051;29.410899999999998;28.7454;30.048700000000004;30.816100000000002;27.073500000000003;28.5485
1683,20,27.451607,34.3294,34.3294,34.3294,34.3294,27.709599999999995,21.828900000000004,23.1113,23.036,23.7381,22.750500000000006,23.2413,21.1426,21.2271,25.3823,22.7728,21.2528,24.272800000000004,28.2921,23.7478,20.5214,34.7993;33.553200000000004;31.331000000000003;33.3014;36.0316;35.2526;35.1459;34.3294;35.824000000000005;37.732400000000005;37.7934;30.671;30.544700000000002;33.3721;32.9079;21.5025;20.7327;19.6959;20.438;21.3636;21.0914;21.6704;20.352899999999998;19.009;20.6167;20.2135;20.800900000000006;20.5016;19.3181;19.379800000000003;21.0122;23.4454;20.908;21.072899999999997;22.2804;20.239800000000002;21.087100000000003;21.0584;23.561200000000003;25.0777;23.575900000000004;22.646200000000004;24.0793;26.0244;27.9479;26.968399999999995;24.788800000000002;24.8142;25.026600000000002;27.2351;26.780900000000003;26.9022;26.501800000000003;28.506999999999998;29.5195;28.064200000000003;27.4498;27.8142;31.330500000000004;31.134399999999996;31.5235;32.5346;34.0552;33.0788;30.7519;30.625000000000004;29.198900000000002;27.709599999999995;27.6034;29.965;31.758;31.2063;31.056200000000004;30.2968;32.2009;30.350699999999996;30.5963;29.926699999999997;29.794900000000002;32.1835;33.4584;32.3893;31.170199999999998;33.37069999999999;33.9353;32.3253;32.185900000000004;34.2067;33.347300000000004;32.6529;27.285800000000002;23.6537;23.5281;20.8274;21.8151;20.928400000000003;23.2423;22.3669;20.3388;19.5847
1683,30,22.30757899999999,19.1168,19.1168,19.1168,19.1168,20.095,21.398500000000002,21.6383,21.392100000000003,20.985500000000005,22.4265,26.658299999999997,26.511200000000002,23.9749,24.95,25.605199999999996,22.832300000000004,24.178399999999996,27.9468,23.979400000000002,18.8739,20.4301;20.7798;19.7356;20.1132;21.7495;20.7693;19.298099999999998;19.1168;20.8566;21.739200000000004;21.6277;20.6144;20.0113;20.5948;18.5759;19.3566;20.494;20.417;22.8924;23.525399999999998;23.0864;23.630699999999997;23.153399999999998;22.562;21.813899999999997;21.8967;21.026200000000003;26.4604;21.3917;23.179900000000004;23.3744;25.7386;22.670900000000003;25.4146;27.4288;25.389300000000002;23.5419;24.1917;23.968200000000003;23.997500000000002;22.3506;21.7383;22.2008;22.2052;21.1241;21.258300000000002;22.3042;22.0698;23.0795;22.505699999999997;21.9745;21.6414;20.575200000000002;22.4818;23.194100000000002;21.380699999999997;20.806400000000004;22.282200000000003;21.5477;22.6411;20.967200000000002;21.5604;21.1219;23.9559;22.945;20.5071;20.8976;20.095;20.662599999999998;21.6053;21.3766;20.9748;21.8478;22.1357;20.722899999999996;18.8457;19.6051;24.3238;19.8431;20.336499999999997;20.6273;22.0442;22.830099999999998;22.209400000000002;23.0154;22.2565;20.845;23.1755;22.552899999999998;23.4162;24.0146;25.3382;25.8708;25.026;29.130100000000002;26.1727;27.0769;26.6076;25.8138;22.428200000000004
1683,40,23.021497000000007,23.131100000000004,23.131100000000004,23.131100000000004,23.131100000000004,22.2843,19.606099999999998,20.483999999999998,20.783599999999996,22.0344,20.5419,25.969899999999996,22.7128,24.511500000000005,24.5655,24.5472,33.8632,24.2502,28.863300000000002,24.5425,21.597500000000004,26.399099999999997;25.707099999999997;24.9668;25.9853;26.8354;24.107699999999998;24.833099999999998;23.131100000000004;25.8874;25.7096;25.086800000000004;24.7642;27.362;27.496699999999997;22.1888;23.811600000000002;25.0775;24.984099999999998;23.0805;24.089000000000002;23.626;24.3383;22.0514;21.9114;21.8654;20.309;20.2166;21.143400000000003;20.599900000000005;19.676099999999998;21.242300000000004;21.2754;20.076;21.9959;22.673100000000005;20.6633;20.6941;21.3198;23.8756;24.015;21.674300000000002;23.8847;23.2774;22.899200000000008;22.5269;21.8174;22.5801;23.3696;23.317700000000002;22.074799999999996;21.8673;23.6658;21.6342;23.080999999999996;23.486200000000004;23.2034;22.4371;21.9852;21.365699999999997;23.332900000000002;23.369500000000002;23.529999999999998;21.3166;23.5225;24.0009;23.5487;23.573800000000002;22.2843;23.9649;24.6626;24.641099999999998;23.8506;24.771900000000002;23.356900000000003;24.035;22.516399999999997;23.3486;23.5518;22.0387;21.9151;20.5755;21.837200000000003;20.3277;22.7537;21.9592;20.825899999999997;20.646800000000002;24.5813;22.535800000000002;22.9787;22.4607;24.0494;23.926899999999996;21.376000000000005;25.199999999999996;21.446599999999997;22.691499999999998;23.6352;21.0959;20.893100000000004
1683,50,23.881435000000007,20.826,20.826,20.826,20.826,25.292299999999997,20.891399999999997,21.4141,21.1383,22.553399999999996,31.002199999999995,25.1436,24.059199999999997,27.594,27.821900000000003,25.215799999999998,26.182499999999997,24.951700000000002,29.0462,25.5201,20.4203,23.6655;22.633500000000005;23.7256;22.3211;22.995600000000003;20.895400000000002;22.006099999999996;20.826;21.9827;22.6218;21.6488;21.433999999999997;21.8763;23.0552;21.245200000000004;21.8486;22.6611;23.9912;26.604899999999997;25.5991;25.785100000000003;26.7219;24.8538;26.809900000000003;26.152;28.4227;26.2885;28.155;26.184500000000003;25.900599999999997;22.9521;23.7359;21.9302;23.023700000000005;23.215500000000002;20.4307;20.0547;19.8417;19.481;22.2258;19.4451;20.3793;21.707;22.135099999999998;21.404099999999996;21.2162;23.0383;21.6971;22.433600000000002;22.073700000000002;21.369799999999998;22.469299999999997;23.428900000000006;24.0745;23.8335;22.2255;21.7546;23.2557;23.577900000000003;24.5169;23.734399999999997;23.569900000000004;23.847600000000003;23.509300000000003;23.0342;23.0096;23.0248;25.292299999999997;23.8403;24.6232;24.7347;23.735200000000003;25.0974;25.0842;26.236400000000003;24.631299999999996;24.470999999999997;26.6234;26.2682;28.357300000000002;25.694000000000003;30.646699999999996;31.229200000000002;29.3068;27.8354;27.646200000000007;25.709699999999998;25.4668;24.6673;24.1297;23.292;27.123500000000003;25.727800000000002;23.570899999999998;23.394;22.72;24.8398;25.338;23.186400000000003;22.055500000000002
1683,60,22.978704999999994,19.224600000000002,19.224600000000002,19.224600000000002,19.224600000000002,19.3405,21.658699999999996,21.6878,21.9326,20.9868,20.255499999999994,20.78,21.7666,24.9159,20.513199999999998,21.2884,24.799599999999998,25.640900000000002,29.4555,26.072500000000005,22.878099999999996,23.401699999999998;20.876700000000003;20.2768;19.7481;21.6171;20.4066;20.4827;19.224600000000002;21.567700000000002;23.022499999999997;23.055;21.042500000000004;21.7179;22.704099999999997;20.6869;21.2314;21.1563;20.952599999999997;21.0352;21.460200000000004;21.0803;22.475700000000003;21.505100000000002;22.6423;22.2644;23.055;22.120400000000004;22.68;21.0912;21.533499999999997;23.9403;25.3014;22.964;24.4777;27.200300000000002;24.428399999999996;24.9752;25.874900000000004;25.656399999999998;26.224800000000002;23.5815;24.8515;27.3886;27.299500000000002;27.0901;25.849500000000003;26.488999999999997;25.6795;24.5017;25.1798;24.506500000000003;26.2378;24.6567;26.3415;25.1212;25.106799999999996;26.048500000000004;26.066699999999997;22.2497;22.8761;23.336;23.021700000000003;20.1471;20.403200000000002;20.4209;18.774700000000003;21.3831;19.3405;19.917499999999997;21.0257;20.041700000000002;20.741400000000002;21.031;19.656399999999998;21.6501;19.160899999999998;18.509500000000003;21.933899999999998;20.7881;20.3072;22.513600000000004;21.482300000000002;21.687700000000003;22.763099999999998;22.408499999999997;20.898300000000003;20.5105;23.381;23.188599999999994;26.1082;27.0374;28.0343;27.2653;20.8542;23.4185;25.699399999999997;27.5833;26.829499999999996;24.104;26.2321
1683,70,24.378610999999996,25.7982,25.7982,25.7982,25.7982,25.8822,26.0269,20.767899999999997,21.1002,20.600500000000004,22.8527,21.178500000000003,20.59,22.264999999999997,21.2102,23.6415,23.7708,25.0191,30.6433,24.913200000000003,23.2264,28.9033;27.6054;26.1392;27.4456;28.748600000000003;25.555200000000003;26.278100000000002;25.7982;28.337999999999997;29.1625;28.1351;27.7718;28.638199999999998;29.4666;25.8736;26.994499999999995;25.7564;23.7065;24.4306;24.695699999999995;22.9732;25.0855;23.2355;23.573900000000002;22.502000000000002;22.735200000000003;21.2134;21.601300000000002;19.503;21.0257;19.267799999999998;20.995400000000004;19.748600000000003;22.5226;24.4685;19.0908;20.0793;22.1053;20.294999999999998;22.4784;21.311100000000003;21.579099999999997;24.667700000000004;22.8425;24.9221;24.4209;24.6802;25.040799999999997;24.1017;26.0109;24.8923;26.2704;26.281400000000005;26.1095;27.3366;26.9293;25.9358;26.8649;25.4221;25.714;26.197199999999995;25.7058;25.1905;26.391;26.813200000000002;23.860599999999998;23.853299999999997;25.8822;25.8776;27.363799999999998;28.8501;27.7376;28.445700000000002;27.6652;26.5828;23.5484;23.915399999999998;26.904400000000003;25.5805;23.9324;23.411099999999998;24.246000000000002;23.8656;26.336399999999998;23.0768;20.9501;19.9591;22.9496;20.964100000000002;22.4463;20.7412;21.855400000000003;20.2949;19.7661;23.259700000000002;19.4233;22.2656;22.421;21.281599999999997;22.7727
1683,80,24.295798000000005,23.3851,23.3851,23.3851,23.3851,24.322300000000002,22.115499999999997,21.906100000000002,29.057099999999995,24.0947,21.364500000000003,23.730900000000002,22.6822,24.1085,22.7681,24.1972,26.452999999999996,23.9753,27.64,24.5013,23.5963,23.266299999999998;22.8823;21.7688;23.353199999999998;24.5809;23.2559;23.713299999999997;23.3851;23.202999999999996;27.187100000000004;23.774700000000003;24.9488;25.029600000000002;25.305999999999997;24.0849;26.183300000000003;25.8763;24.3286;25.3261;26.1025;26.9479;26.912300000000002;25.2053;25.2594;28.778899999999997;25.597900000000003;26.1946;32.0127;29.020000000000003;26.9851;27.426000000000002;26.488299999999995;27.3263;28.814;28.8347;26.497099999999996;25.5424;22.021700000000003;21.896300000000004;23.139000000000003;20.8136;21.493699999999997;21.7288;21.2805;21.6333;19.835500000000003;21.7562;21.785600000000002;25.817899999999995;22.1628;21.3886;23.763;21.443600000000004;21.205;22.253999999999998;21.189;22.354000000000003;21.9762;22.4263;24.386699999999998;22.343899999999998;21.8598;21.716299999999997;23.9495;23.5729;26.281899999999997;24.8881;24.322300000000002;22.778600000000004;24.66;24.4165;24.4119;25.4265;25.5727;24.908299999999997;24.898900000000005;22.860200000000003;24.917100000000005;25.123400000000004;24.142200000000003;23.235999999999997;25.031;24.801700000000004;28.5795;29.053599999999996;26.5484;24.1128;28.4638;26.0827;24.8805;22.8103;22.9655;23.3408;21.1397;22.3082;21.232699999999998;25.686899999999998;23.639599999999998;22.837400000000002;20.6268
1683,90,23.116739,20.3203,20.3203,20.3203,20.3203,24.866500000000002,22.5567,22.394900000000003,24.257199999999997,24.0116,23.028500000000005,23.6427,23.360100000000003,22.098399999999998,22.665,24.4174,24.4328,24.1757,27.796799999999998,24.1782,22.6708,22.2346;21.315300000000004;19.8893;20.531;22.130699999999997;21.6749;21.0081;20.3203;21.3326;22.8731;22.240699999999997;21.8681;22.8523;22.6049;25.5294;24.1988;23.2945;25.4989;23.316899999999997;24.1692;24.8769;25.481500000000004;24.4342;23.280900000000006;26.1473;25.9541;28.199200000000005;30.421899999999997;24.468400000000003;23.0459;22.132500000000004;22.1886;20.453500000000002;22.7297;23.605900000000002;21.1715;21.5706;21.463700000000003;21.606099999999998;23.706300000000002;20.500799999999998;22.545699999999997;22.7989;25.910400000000003;23.7832;20.726;22.9107;22.925600000000003;25.2778;22.274300000000004;21.2925;23.6742;21.359500000000004;21.3126;22.7241;22.0186;22.6726;26.2652;21.5207;24.963399999999996;23.4722;23.71;23.475799999999996;24.8079;23.867900000000002;24.7207;27.5929;24.866500000000002;27.2867;25.3002;23.7155;23.7259;23.408499999999997;23.5059;23.2497;20.9319;20.6948;21.9324;21.575400000000002;20.3321;21.054100000000002;21.5019;20.7646;23.078100000000003;22.821;21.4182;20.0592;23.0542;23.2905;21.1879;21.899;22.9407;22.5613;24.451999999999998;23.7115;22.9294;23.025800000000004;25.310299999999998;26.145900000000005;25.016299999999998
1683,100,23.632989000000002,26.5029,26.5029,26.5029,26.5029,20.6128,21.4324,22.7311,24.366400000000006,23.041200000000003,22.0914,22.517400000000002,21.529700000000002,21.3977,23.1997,22.256600000000002,21.4528,25.172800000000002,27.221100000000003,23.305,22.03,24.9658;26.364399999999996;25.0149;26.08;26.9941;26.7223;29.7321;26.5029;26.8926;25.5026;24.586399999999998;24.78;22.780099999999997;23.367299999999997;22.0493;21.851599999999998;22.311500000000002;21.1314;22.3401;23.6695;22.9391;22.807100000000002;24.523600000000002;22.654100000000007;23.8818;22.822;21.3223;23.4876;22.210800000000003;21.744500000000002;22.5935;22.701500000000003;22.7014;24.1443;24.764;24.383200000000002;24.5355;25.047600000000003;23.646600000000003;29.506600000000002;24.590000000000003;25.8795;26.1389;25.200000000000003;26.8316;26.117;27.589800000000004;25.2057;26.594700000000003;25.9042;23.094900000000003;23.3691;20.9512;21.8448;22.170699999999997;21.0021;20.113;20.1578;21.145200000000003;21.737800000000004;21.637700000000002;22.845699999999997;22.2549;21.9173;20.924100000000003;21.2258;23.227600000000002;20.6128;21.586100000000002;24.6881;23.048199999999998;23.9085;22.209300000000002;22.902;22.0989;23.6117;22.9092;23.038100000000004;22.3031;22.377899999999997;23.5497;23.7901;23.887999999999998;26.249100000000002;24.2246;26.244100000000003;27.216;29.613599999999998;25.061799999999998;23.7977;21.848300000000002;22.485;23.2943;20.3538;21.6141;21.19;22.5708;22.1653;21.5145;21.6071
1683,latest,55.735553999999986,53.3941,53.3941,53.3941,53.3941,55.581,51.2496,55.313300000000005,56.4455,54.0193,53.303000000000004,58.705600000000004,50.496700000000004,60.2196,60.546699999999994,53.6169,55.290699999999994,39.9237,43.990700000000004,40.5638,53.4338,45.8917;53.249;49.205799999999996;51.25320000000001;51.0511;48.002700000000004;52.3061;53.3941;53.95360000000001;59.2275;58.96360000000001;58.2238;52.689400000000006;55.3451;47.5806;48.577;51.194799999999994;48.4325;52.6341;56.8481;53.747699999999995;57.668000000000006;48.3381;49.611900000000006;59.06909999999999;47.893;50.80629999999999;47.452799999999996;52.509100000000004;53.9828;55.6262;48.8663;57.8244;58.8245;54.490399999999994;50.6275;52.501799999999996;53.29429999999999;55.24419999999999;59.8313;59.4023;58.68770000000001;55.9591;52.4442;54.9978;56.578599999999994;60.5083;55.128;54.16289999999999;56.5927;57.8331;62.738;59.9024;61.3035;58.982200000000006;58.2724;56.03699999999999;56.1161;61.75;54.2257;57.3189;57.21529999999999;59.46770000000001;53.5486;53.06399999999999;56.9695;58.987300000000005;55.581;53.9212;58.330200000000005;57.02879999999999;55.54969999999999;57.039899999999996;56.57599999999999;59.046400000000006;54.8913;57.0172;54.7451;52.96470000000001;56.155;55.86139999999999;53.5746;55.02929999999999;59.1596;52.3005;56.38449999999999;54.7872;54.643499999999996;57.1042;64.2626;60.579499999999996;61.9413;63.030499999999996;63.4249;62.17070000000001;61.58760000000001;68.65559999999999;59.561;61.25389999999999;54.969699999999996
1685,0,25.364894,31.0133,31.0133,31.0133,31.0133,22.237199999999998,18.9023,18.979099999999995,17.5457,17.371399999999998,19.2953,25.7553,26.800499999999996,25.169199999999996,23.811499999999995,23.085399999999996,28.033399999999997,23.6651,29.973199999999995,25.5812,23.4366,23.081199999999995;23.1329;24.957099999999997;26.801099999999998;24.425099999999993;24.017000000000003;24.8255;25.5794;23.357599999999998;26.612099999999995;23.069799999999997;28.0006;26.6971;24.1531;24.018099999999997;25.2064;31.0133;22.893499999999996;24.565800000000003;27.052999999999997;22.9668;23.5439;24.579099999999997;25.152599999999996;25.924000000000007;24.233400000000003;30.9468;24.9384;24.179300000000005;22.798;25.5878;25.057499999999997;24.3931;25.690499999999997;25.547599999999996;30.0455;24.772;26.761499999999998;23.7437;28.7609;23.0252;23.3957;26.0606;24.4104;25.427999999999997;23.7383;24.8534;24.4989;22.5385;27.112299999999998;23.3035;27.676299999999998;22.2571;24.1164;27.7397;25.5107;25.989800000000002;22.237199999999998;25.0347;24.0959;23.058699999999995;24.2083;25.7442;24.6362;26.5951;24.758499999999998;25.4345;24.7027;24.2449;28.092399999999998;24.2521;24.943099999999994;24.8708;23.338900000000002;25.0949;23.3975;24.9932;28.881;26.0265;28.4015;29.6635;23.1117;25.1918;23.2073;28.610099999999996;26.8549;24.930199999999996;26.3678;26.910400000000003;26.6719;25.518299999999996;23.869;25.6699;26.940400000000004;29.823;23.261100000000006;25.927;27.3171;30.909099999999995;23.955199999999998
1685,10,25.742429,30.5034,30.5034,30.5034,30.5034,24.2399,20.5376,20.733800000000002,19.8016,22.2049,19.7818,25.170300000000005,23.2785,26.546300000000002,24.264300000000002,23.1916,23.098100000000002,24.245,27.586,26.1913,20.970000000000002,22.611999999999995;25.877200000000002;23.577800000000003;24.694999999999997;28.146299999999997;25.195300000000003;25.674200000000003;27.290899999999997;22.1669;24.5192;24.653900000000004;29.194399999999998;23.239400000000003;29.1724;24.089100000000002;24.975099999999998;30.5034;23.679299999999998;24.1051;25.997600000000002;22.973;22.2173;23.7798;25.4208;26.1274;25.1857;27.188299999999998;24.3247;27.1645;25.170300000000005;25.458;25.8321;25.338100000000004;24.329699999999995;25.9839;31.6974;26.3969;25.986999999999995;26.427999999999997;26.323199999999996;26.0488;24.775399999999998;23.8324;25.2486;26.940499999999997;24.561300000000003;23.717;23.358600000000003;24.3851;27.260399999999997;23.602800000000002;25.554999999999993;26.021499999999996;22.7113;28.0004;24.4988;26.6603;24.2399;25.755699999999997;25.2035;24.6308;26.2822;26.1926;26.422200000000004;24.8912;25.768900000000002;24.657099999999993;24.8307;25.4259;29.3559;25.2513;24.3499;25.8432;23.6873;27.6262;23.1391;26.1642;29.772899999999996;25.999699999999997;29.3147;31.992600000000003;23.935299999999998;27.399299999999997;24.8879;28.9452;28.7433;25.559499999999993;23.2773;25.0745;29.6462;25.813900000000004;25.4256;25.675399999999996;29.2566;31.9057;24.499399999999998;23.863000000000003;23.9658;26.3295;23.372999999999998
1685,20,26.788413000000002,29.206200000000003,29.206200000000003,29.206200000000003,29.206200000000003,23.595200000000002,17.8041,19.6033,19.639000000000003,20.436,17.928700000000003,26.8153,23.784399999999998,24.9681,24.7789,25.0965,22.704900000000002,25.387599999999996,28.5587,27.380100000000002,22.504999999999995,24.290000000000003;26.740899999999996;25.831699999999998;24.6287;27.292499999999997;25.753700000000002;26.2764;28.504499999999997;24.1133;24.709899999999998;25.712100000000007;27.2588;25.534400000000005;27.661;26.0749;28.2099;29.206200000000003;26.5928;25.8437;28.0348;26.279799999999998;26.2104;27.5895;23.535500000000003;26.2364;26.655599999999993;31.7479;24.0822;26.4756;26.848500000000005;27.5759;26.6216;26.401799999999998;28.5702;28.034299999999995;31.4771;28.837599999999995;26.345299999999998;25.9684;27.193499999999997;25.9162;25.944599999999998;25.1012;24.645899999999997;25.579399999999996;25.259;25.1287;25.667699999999996;25.580900000000003;28.238400000000002;24.567700000000002;28.5809;25.9622;24.6678;28.201099999999997;24.717800000000004;28.0764;23.595200000000002;24.424599999999998;24.7517;24.5873;24.471600000000002;25.6659;25.2945;24.8155;23.906000000000002;26.678800000000003;25.7123;27.198100000000004;27.914300000000004;24.7521;25.480599999999995;26.147399999999998;24.9837;27.611300000000007;28.990699999999997;28.162599999999998;29.8282;26.3104;27.7136;32.3677;26.813499999999998;28.338400000000004;26.649599999999996;30.6266;27.3912;26.380300000000002;24.622999999999994;30.609299999999998;29.0282;28.5255;26.306099999999994;26.551699999999997;32.8413;33.5154;27.0437;26.586100000000002;26.6199;29.5872;26.647
1685,30,27.757533999999993,34.6837,34.6837,34.6837,34.6837,24.4751,18.5934,18.324300000000004,18.7557,18.813900000000004,18.4164,26.6351,26.3437,25.9557,27.812199999999997,24.1276,23.496499999999997,24.912399999999998,27.1974,27.5208,24.2432,26.948900000000002;27.893300000000004;27.039299999999997;28.3204;28.5039;28.6744;29.4094;29.491;26.468199999999996;27.458899999999993;27.996499999999997;29.824099999999998;25.7614;28.894399999999997;27.632600000000004;29.6607;34.6837;28.9151;27.4256;30.885099999999998;26.4371;24.6406;25.6434;24.657600000000002;28.001099999999997;24.708000000000002;31.076;23.575899999999997;24.9122;26.177300000000002;24.6441;24.829699999999995;23.7853;24.419800000000002;26.403999999999996;29.180899999999998;25.148199999999996;24.002899999999997;23.6301;25.9589;22.9825;24.762099999999997;25.6115;24.190599999999996;24.9302;26.0626;27.3294;26.200499999999998;24.845100000000002;31.2456;23.4294;27.603599999999997;24.351699999999997;24.9059;27.5638;23.914299999999997;27.2971;24.4751;25.1491;25.159100000000002;23.7611;24.932399999999998;26.4178;27.5342;26.063599999999997;28.048199999999994;28.3722;28.4544;27.212399999999995;34.11540000000001;29.130499999999998;29.774599999999996;29.289199999999997;29.4069;32.080400000000004;29.6451;29.2816;32.8683;29.987299999999998;34.97149999999999;37.1476;27.6353;31.234200000000005;30.162899999999997;32.8889;32.4886;30.127;28.7686;30.972900000000003;30.088700000000003;30.2703;30.030900000000003;28.527899999999995;30.329199999999997;33.23500000000001;27.3954;26.5079;26.335;29.1796;25.351200000000002
1685,40,27.776411000000003,30.324099999999998,30.324099999999998,30.324099999999998,30.324099999999998,30.521799999999995,25.2573,19.253999999999998,17.7017,17.3148,18.639399999999995,25.850799999999996,23.7216,28.2939,25.861599999999996,24.540899999999993,46.281099999999995,25.352700000000002,27.0407,27.949800000000003,22.4235,25.223099999999995;25.5144;25.0656;25.906099999999995;25.203799999999994;26.956599999999998;26.1218;26.471300000000006;25.4698;24.2656;23.1082;25.7851;22.259099999999997;25.708099999999995;24.3824;26.4647;30.324099999999998;23.0518;23.576299999999996;24.410999999999994;22.934099999999997;21.4788;23.0644;22.655;23.691699999999997;25.747600000000002;30.484200000000005;22.633300000000002;24.584200000000003;24.5268;26.4837;26.3805;24.4499;24.551299999999998;29.068;32.699;30.2038;28.6468;28.344300000000004;28.7284;27.946700000000003;26.532300000000006;28.43;29.686799999999995;29.9613;29.870900000000002;29.6211;28.6814;28.897799999999997;33.246500000000005;28.795399999999997;31.788399999999996;28.9433;28.356900000000003;32.0884;30.291999999999998;31.9541;30.521799999999995;30.514499999999998;30.823999999999998;29.9449;30.263399999999997;31.718400000000003;31.856299999999997;31.7942;30.6666;32.1355;31.843999999999998;32.037099999999995;36.422700000000006;27.632099999999998;28.961799999999997;29.163200000000003;27.533100000000005;30.8823;28.549500000000002;28.0816;30.5846;29.7772;30.0379;36.3654;27.918599999999998;31.2039;29.149299999999997;34.521100000000004;32.043299999999995;28.912499999999998;24.566399999999998;24.1126;26.2087;24.5644;24.0351;23.3705;27.719;31.960199999999993;23.266199999999998;23.4221;22.958599999999997;24.919800000000002;22.9587
1685,50,28.372067999999995,29.8021,29.8021,29.8021,29.8021,32.230599999999995,18.486900000000002,20.1604,19.385900000000003,18.311,20.298,25.3143,23.7344,22.8172,24.6862,27.238600000000005,29.8781,26.099899999999998,27.579199999999997,28.949399999999997,24.184899999999995,25.102600000000002;24.3343;24.8349;24.6511;25.798399999999997;25.3519;26.6453;27.414899999999996;25.1952;25.6894;26.5658;28.5438;25.3864;25.552799999999998;27.311799999999998;28.480999999999998;29.8021;27.1911;27.512099999999997;29.52699999999999;26.273100000000003;26.2785;27.886500000000005;27.087400000000002;28.198700000000002;27.927300000000002;32.207499999999996;25.826300000000003;29.5299;29.782600000000002;28.197499999999998;28.8755;29.846200000000003;29.366499999999995;29.5851;33.620099999999994;30.169399999999996;30.1116;27.903499999999998;33.3147;31.0878;31.4309;33.242000000000004;34.355900000000005;33.7813;34.5896;35.3673;34.0444;33.7189;41.278400000000005;33.3978;35.206;32.9775;31.077099999999998;33.5437;31.3574;35.6478;32.230599999999995;31.708900000000007;32.1311;32.064299999999996;30.6126;30.9132;29.2882;26.651300000000006;26.623199999999997;26.8076;23.522000000000002;23.4281;27.827299999999997;23.3363;22.9692;22.768099999999997;21.4029;24.7765;22.269399999999997;24.313599999999997;27.664199999999997;23.904799999999998;26.810899999999997;31.5815;23.055299999999995;25.185000000000002;23.734199999999994;29.055299999999995;27.1229;24.8099;21.7752;24.4169;29.4919;26.917199999999998;26.394599999999997;25.7827;27.602199999999996;32.802099999999996;25.956200000000003;26.424;25.3139;29.6054;27.172499999999992
1685,60,30.135236999999993,40.959799999999994,40.959799999999994,40.959799999999994,40.959799999999994,22.559299999999997,17.6548,19.534200000000006,18.186599999999995,18.494999999999997,20.0726,25.921100000000003,25.585399999999996,25.5306,23.994399999999995,27.4981,23.389300000000002,25.360899999999997,27.033,28.5474,26.254200000000004,25.717399999999998;26.7961;28.031399999999998;28.674;28.5799;28.8001;29.346500000000006;32.105900000000005;30.5719;29.163899999999998;31.3706;36.4597;34.661;32.5668;34.564099999999996;35.4948;40.959799999999994;34.335;36.1048;35.2713;33.21469999999999;33.42229999999999;35.2605;32.7914;34.697900000000004;33.9309;43.27259999999999;33.6318;36.48180000000001;36.2787;36.177299999999995;33.7685;31.95;33.574;33.028499999999994;37.1448;35.62899999999999;33.1722;30.137799999999995;29.8718;27.9069;27.4275;27.693099999999994;25.1369;24.756;24.350099999999998;23.715599999999995;25.0231;22.9361;28.283799999999996;22.504199999999997;24.324099999999994;24.0601;22.102899999999998;24.308899999999998;23.159699999999997;25.517199999999995;22.559299999999997;22.736;25.473799999999997;23.1497;22.831899999999997;25.4339;25.908;22.917999999999996;24.7727;26.099800000000002;26.302699999999998;27.0592;30.0123;25.823400000000003;28.577399999999997;26.0599;23.1391;28.748399999999997;30.5354;30.201500000000003;31.903100000000002;30.359399999999997;30.6985;35.7858;29.962099999999996;31.416599999999995;29.475700000000003;33.547;33.512499999999996;31.934499999999993;29.156499999999998;30.931599999999996;31.8221;32.735099999999996;31.7105;31.7856;33.0443;39.735299999999995;34.3351;31.977999999999998;31.600900000000003;35.2716;32.2618
1685,70,30.015173,29.0536,29.0536,29.0536,29.0536,27.689299999999996,18.1636,19.643400000000003,20.849700000000006,19.7621,19.267300000000002,24.643599999999996,24.527799999999996,23.2747,24.668799999999997,22.9803,27.5617,25.622700000000002,27.201999999999995,28.7342,27.677799999999998,32.3001;33.2597;32.35399999999999;33.7069;32.641299999999994;31.941200000000002;31.9846;32.4307;30.6417;31.316599999999998;26.134100000000004;27.7292;24.304599999999997;24.5422;24.790599999999998;25.552799999999998;29.0536;24.5875;23.6347;29.3664;28.1074;26.3482;27.8422;26.0328;28.1899;31.951200000000007;37.81909999999999;28.046400000000002;27.983600000000003;29.1597;27.329200000000004;27.5352;27.2731;27.227800000000002;35.1495;39.5433;32.152800000000006;29.1319;25.930499999999995;29.401999999999997;25.2299;24.6254;26.522599999999997;25.899;26.5312;28.8138;29.102300000000003;28.008999999999997;26.8479;30.7225;27.0417;27.010600000000004;27.542099999999998;27.1251;29.529400000000003;27.825300000000002;29.848699999999994;27.689299999999996;27.7369;32.1444;29.2417;29.0453;28.990000000000002;28.709799999999998;27.268299999999996;26.304799999999997;27.173500000000004;26.777099999999997;37.1594;39.9756;35.2956;37.037200000000006;36.0017;33.7714;35.3926;35.0796;36.2826;36.601400000000005;33.4897;38.266099999999994;32.4525;25.050299999999993;26.2688;33.4175;33.949;35.319;27.036300000000004;24.6329;27.1127;28.9011;28.1743;29.5968;32.359300000000005;38.89189999999999;45.7255;33.4979;28.053899999999995;26.4073;29.5992;26.9823
1685,80,32.13048599999999,33.468,33.468,33.468,33.468,35.9185,19.953200000000002,20.710000000000004,21.8298,20.8835,19.696700000000003,31.3362,24.859599999999997,28.147999999999996,26.3005,29.463,31.072299999999995,27.353000000000005,29.213600000000007,28.8247,27.7697,26.438;27.6304;27.8829;28.151600000000002;27.985400000000002;27.7324;27.742;28.6362;27.7442;28.0313;27.769299999999998;32.2385;27.642000000000003;29.8569;30.0965;30.7556;33.468;28.7369;32.9469;34.8045;30.8519;27.917900000000003;28.573;28.629299999999997;30.1445;30.5957;39.0897;30.7314;35.248;34.2449;30.087899999999998;32.1845;26.469300000000004;27.013699999999996;27.3241;34.199299999999994;28.7494;29.6624;28.009999999999998;34.7178;33.45089999999999;31.3628;27.602800000000002;28.2311;31.2179;35.871;35.638099999999994;35.444900000000004;33.1656;43.1566;36.2093;37.76259999999999;35.2769;34.6682;35.6047;36.810599999999994;38.1001;35.9185;34.79639999999999;35.5724;33.6512;33.3006;33.2852;32.441500000000005;34.5029;34.659499999999994;34.4354;42.47430000000001;41.5468;44.919200000000004;33.09140000000001;31.857799999999997;29.743399999999998;26.020200000000003;28.387399999999996;30.445800000000006;36.3206;33.9398;30.798099999999998;31.635800000000003;34.783100000000005;26.101599999999998;27.4292;26.2784;33.3333;31.597399999999997;30.363599999999998;34.3875;32.007799999999996;31.017300000000006;32.739399999999996;33.0496;31.6122;38.913599999999995;38.53359999999999;30.6149;30.615299999999998;36.2677;30.162699999999994;29.187899999999996
1685,90,31.195795999999994,35.6579,35.6579,35.6579,35.6579,28.19,19.608999999999998,16.7712,18.835999999999995,20.9645,18.749,22.849500000000003,22.614599999999996,25.9005,24.8113,21.0223,23.622699999999995,23.6841,28.5467,25.078300000000002,23.1669,28.1759;27.722699999999996;28.0006;25.975899999999996;30.2468;25.8416;27.842100000000002;31.375799999999995;33.668800000000005;28.7313;27.907099999999996;33.5812;27.9375;30.404600000000002;28.435899999999997;31.3695;35.6579;26.9185;34.7641;33.7175;34.159;31.8769;31.159;32.7705;33.1957;30.4262;39.957699999999996;37.9964;30.213100000000004;33.2614;34.0088;34.80400000000001;35.258;34.855199999999996;35.7968;42.872499999999995;38.610600000000005;34.8758;36.8104;37.3619;34.735099999999996;36.277899999999995;32.6769;32.4208;30.084900000000005;26.523300000000003;26.435000000000002;26.849;27.0951;30.8174;27.2389;30.452199999999998;28.8234;27.883399999999995;28.2663;25.8249;32.0317;28.19;32.073299999999996;27.9594;29.229300000000002;33.5877;31.533399999999997;29.0293;29.831400000000002;29.0315;30.58759999999999;25.424999999999997;26.8643;27.7779;26.975199999999997;26.094799999999996;25.104;26.6766;33.6397;29.421;29.344;31.485;31.847499999999997;31.3547;34.2428;23.668999999999997;25.339199999999998;25.7536;32.0593;35.6596;31.655399999999993;30.257899999999996;31.758999999999997;28.019900000000003;30.327399999999997;30.548699999999997;29.264899999999997;36.71589999999999;43.948600000000006;35.75019999999999;37.454899999999995;31.614800000000002;35.7231;33.7714
1685,100,30.230415000000015,40.21079999999999,40.21079999999999,40.21079999999999,40.21079999999999,35.43629999999998,18.2168,17.903,18.487,19.126300000000004,18.2407,24.0561,22.9112,22.450899999999997,22.5488,21.482899999999997,25.575399999999995,23.244099999999996,28.1629,24.8848,23.239599999999996,34.097;32.053;28.1708;30.444199999999995;34.1791;31.8803;25.0942;36.9387;33.1027;40.2501;37.732299999999995;43.269999999999996;38.7311;35.3876;38.77629999999999;37.2951;40.21079999999999;36.753299999999996;34.810599999999994;31.595399999999998;26.290799999999997;24.992700000000003;23.3309;23.8237;25.637200000000004;25.430400000000002;33.6912;27.734;37.314899999999994;32.7428;31.6365;33.978899999999996;40.337999999999994;35.0425;36.150800000000004;36.4845;39.3775;31.582800000000006;25.116500000000002;32.90219999999999;26.2827;23.7014;26.6299;29.691999999999997;27.221599999999995;27.6269;26.6155;26.105999999999998;25.706599999999995;27.670199999999998;23.9518;30.07249999999999;25.966200000000008;25.8918;29.645599999999998;32.6511;33.20869999999999;35.43629999999998;35.8929;36.0617;32.70499999999999;38.4445;33.6954;27.613;33.5102;33.196600000000004;30.442;28.4158;26.814200000000007;32.1683;27.0964;29.507499999999997;28.676499999999997;28.461499999999994;27.4358;26.47;28.338900000000002;27.993799999999997;27.3576;31.489499999999992;31.0687;24.4744;27.2399;26.025;29.908899999999996;28.4847;25.0283;25.6206;28.2975;26.892200000000003;25.255499999999998;27.32;27.1937;29.1036;29.7915;20.5419;21.3699;20.956599999999995;23.6023;24.631
1685,latest,47.04112900000001,49.5097,49.5097,49.5097,49.5097,57.025299999999994,36.8859,38.1256,36.9133,42.2602,45.92740000000001,51.258100000000006,44.7204,47.823299999999996,46.00469999999999,43.1323,47.078,27.9323,36.758399999999995,33.6712,48.0049,38.317399999999985;49.88299999999999;53.958200000000005;47.72;47.0877;49.7658;45.1047;47.4216;45.603;46.556700000000006;44.1127;48.5291;41.43500000000001;46.69839999999999;49.6873;47.059400000000004;49.5097;46.702;43.667;46.50580000000001;42.030300000000004;43.364999999999995;42.4426;40.812900000000006;43.1554;44.635;47.55210000000001;44.4549;43.0266;40.35369999999999;46.13589999999999;40.147099999999995;38.9281;40.3545;45.514100000000006;47.840599999999995;38.32669999999999;43.81929999999999;46.4003;42.08959999999999;45.6232;38.06459999999999;45.93769999999999;40.80890000000001;37.40420000000002;38.6606;41.4367;40.254099999999994;47.4594;45.23609999999999;43.300799999999995;44.525099999999995;44.5254;43.5686;47.276900000000005;41.329899999999995;51.286699999999996;57.025299999999994;43.0744;46.495200000000004;55.9837;51.00719999999998;46.682700000000004;49.76919999999999;49.9252;53.4278;44.1534;41.3839;49.9547;54.912000000000006;54.3868;44.49980000000001;53.4662;43.9262;56.8168;53.2037;50.9794;52.576899999999995;44.03650000000001;47.45909999999999;52.608200000000004;54.0493;55.4339;52.063599999999994;52.945299999999996;54.70510000000001;54.68209999999999;53.92829999999999;44.1335;58.728800000000014;55.444399999999995;53.023599999999995;46.91289999999999;47.31159999999999;55.653999999999996;44.50489999999999;46.0481;46.7575;49.638999999999996;46.9846
1694,0,127.467703,135.51410000000004,123.74309999999998,123.74309999999998,123.74309999999998,101.48229999999998,NA,NA,NA,NA,NA,102.6324,123.56559999999999,102.99980000000002,122.64110000000001,121.63529999999997,123.18260000000001,NA,NA,NA,131.7021,112.9983;134.8372;124.2228;112.5839;103.2029;134.9483;114.2833;135.56429999999997;135.51410000000004;114.27029999999998;124.40480000000002;122.94240000000002;101.85219999999998;133.6494;143.55450000000002;113.81299999999999;133.3911;132.8884;112.74389999999998;133.98090000000002;131.27639999999997;112.0161;145.6098;134.41360000000003;135.3006;126.48040000000002;126.1974;137.62709999999998;115.3826;133.9392;135.56449999999998;124.3396;132.2752;133.468;124.02240000000002;136.2015;132.0759;133.12030000000001;123.7329;181.00990000000002;102.56390000000002;132.91060000000002;132.4304;133.4259;133.28539999999998;121.72559999999999;132.87829999999997;123.74309999999998;133.6892;133.66830000000002;132.22400000000002;111.9409;113.10350000000001;134.3167;112.78799999999997;174.1738;122.4171;113.7719;123.33330000000001;123.2182;133.66320000000002;123.71480000000001;101.48229999999998;137.2813;134.6156;127.65400000000002;125.3217;116.56790000000001;132.1635;132.3273;122.09080000000002;131.8939;135.6432;131.57219999999998;135.1959;113.7353;124.0839;112.09899999999999;122.28260000000002;131.5486;111.5162;133.3091;113.0016;123.41859999999998;134.5111;122.882;132.89719999999997;133.50459999999998;114.50399999999999;122.32480000000001;123.78809999999999;133.84099999999998;131.54919999999998;132.95309999999998;135.1123;133.57379999999998;113.23860000000002;146.74509999999998;123.61480000000002;134.2406
1694,10,134.01730899999998,126.7358,124.7349,124.7349,124.7349,113.30290000000002,NA,NA,NA,NA,NA,123.59039999999999,114.1828,113.857,124.8692,122.99290000000002,116.3621,NA,NA,NA,125.54489999999997,123.7116;147.3587;135.77130000000002;134.93429999999998;134.60750000000002;136.29250000000002;104.58709999999999;125.2223;126.7358;115.10789999999999;115.10329999999999;125.46069999999999;115.18960000000001;135.2809;113.08330000000001;125.48590000000003;133.50889999999998;133.95309999999998;123.4781;122.81310000000002;133.4759;125.43360000000001;133.9552;134.7074;115.31390000000002;125.5291;116.4043;124.592;115.0823;114.69879999999999;135.61789999999996;134.0891;145.23850000000002;133.9162;134.0896;135.90340000000003;124.46349999999998;114.01269999999998;124.35659999999999;133.6852;102.97690000000001;124.8743;124.37270000000001;134.87279999999998;134.7037;123.3775;128.5837;124.7349;117.95679999999999;152.0752;138.6039;120.25049999999999;137.389;136.4943;134.8155;137.5368;116.42339999999999;130.106;115.63779999999998;133.8915;115.1269;113.9674;113.30290000000002;136.3828;134.0192;137.9951;118.5518;135.4165;138.36200000000002;135.527;172.77330000000003;298.0024;247.43689999999998;135.94989999999999;116.3716;130.0061;118.18939999999999;114.4959;137.56510000000003;135.39149999999998;119.4978;147.38049999999998;113.7795;147.8431;138.6704;135.3028;135.9731;118.5453;130.86849999999998;133.9882;125.81120000000001;136.6878;134.12670000000003;135.39659999999998;247.19639999999998;246.6149;126.52779999999998;138.77660000000003;115.13700000000001;136.8447
1694,20,82.46474799999996,80.353,76.1185,76.1185,76.1185,75.7998,NA,NA,NA,NA,NA,78.8509,76.41520000000001,77.702,76.9519,74.6892,75.0939,NA,NA,NA,74.4281,75.68020000000001;77.0676;81.96949999999998;76.7709;78.60110000000002;75.35270000000001;78.2004;88.92339999999999;80.353;83.081;83.15879999999999;82.4178;143.8814;82.6481;201.04330000000004;160.9003;91.53989999999999;77.5805;77.5835;81.1164;81.80390000000001;90.9074;99.3074;92.87010000000001;102.48260000000002;85.8271;89.42629999999998;95.94980000000001;89.3203;82.59190000000001;78.9447;84.71940000000001;76.0304;76.2344;79.0592;78.14930000000001;75.6207;75.5934;76.8443;87.74260000000001;75.56219999999999;77.8313;78.35070000000002;76.5445;82.3269;74.8923;87.2844;76.1185;78.2031;78.3534;75.2868;75.9992;76.44550000000001;78.5869;76.2638;75.3762;75.891;77.539;78.0076;75.5836;76.1241;76.1324;75.7998;79.6095;76.21470000000001;80.4494;78.679;80.2838;76.30640000000001;75.4536;75.66120000000001;75.44850000000001;80.41500000000002;76.0966;79.501;78.6866;78.6497;75.11900000000001;78.36290000000001;76.89059999999999;75.3926;78.6509;88.1959;78.578;78.83909999999999;77.94560000000001;77.453;76.353;79.9755;76.53110000000001;77.2226;80.14549999999998;74.5714;88.1314;76.9721;75.46160000000002;76.8556;78.1098;78.23770000000002;75.22670000000001
1694,30,87.53063799999997,89.0976,84.9176,84.9176,84.9176,91.93599999999999,NA,NA,NA,NA,NA,79.82419999999999,80.83789999999999,81.88159999999999,81.7276,81.029,81.8682,NA,NA,NA,90.6266,95.4151;96.7791;88.2625;93.0837;83.09400000000001;81.32670000000002;82.48400000000001;97.00300000000001;89.0976;90.60340000000001;90.33030000000001;145.37419999999997;80.04289999999999;86.92120000000001;79.85010000000003;86.7501;88.30879999999999;82.04;80.4568;81.8228;91.26530000000001;86.0273;88.7521;90.0961;94.5507;84.1714;84.43570000000001;82.23429999999999;85.78309999999999;84.60190000000001;82.3702;83.8745;80.244;105.00140000000002;83.2379;82.18220000000001;85.0781;81.584;83.01429999999999;88.22959999999999;82.1086;87.05619999999999;85.9403;84.196;84.7364;83.12219999999999;85.0868;84.9176;83.933;97.2562;81.6289;82.16;83.1788;85.1761;84.8904;95.08330000000001;82.8836;83.5295;88.3765;79.82450000000001;80.79180000000001;85.68270000000001;91.93599999999999;84.1037;82.0581;83.21879999999999;97.1;92.19720000000001;84.8587;82.02130000000001;87.8105;81.56020000000001;94.88130000000001;96.06930000000001;146.7657;86.0418;89.53169999999999;97.4341;87.20859999999999;88.23509999999999;81.182;81.9671;85.41239999999999;83.494;87.12149999999998;90.51050000000001;84.1294;81.8639;84.1794;86.73400000000001;86.2008;83.30669999999999;81.4465;84.71029999999999;86.5513;81.7227;83.99289999999999;85.47559999999999;95.6494;87.04150000000001
1694,40,88.101768,85.789,85.0816,85.0816,85.0816,88.1113,NA,NA,NA,NA,NA,81.14949999999999,80.95989999999999,80.3449,82.01520000000001,79.38000000000001,82.7269,NA,NA,NA,78.922,81.57240000000002;86.28470000000002;86.1803;81.3141;84.0471;81.49929999999999;81.48309999999998;87.57140000000001;85.789;84.3261;86.7842;84.02420000000001;80.39580000000001;84.64069999999998;84.0497;88.1077;87.74600000000001;83.18820000000001;90.47860000000001;96.66300000000001;82.80669999999999;79.8896;81.7805;83.22829999999999;93.2538;89.8192;87.5193;91.06009999999999;91.7142;93.61089999999999;96.06479999999999;87.45679999999999;85.6626;86.92210000000001;81.4787;85.0235;91.4068;81.38159999999999;87.0152;81.9475;81.8169;90.87470000000002;85.2988;83.1316;95.45349999999999;86.5875;84.85839999999999;85.0816;86.8587;89.0219;88.98100000000002;155.8498;91.0076;89.34609999999999;89.8966;88.41310000000001;84.1948;87.12519999999998;93.24110000000002;86.9815;86.4194;86.70559999999999;88.1113;98.8005;90.21809999999999;94.6944;100.81140000000002;94.2106;80.812;82.3177;81.66480000000001;82.0838;88.6674;82.0758;87.9295;86.5309;87.63810000000001;83.11110000000001;86.03460000000001;81.9834;80.9274;85.5733;86.79169999999999;96.77340000000001;94.97449999999999;101.4385;87.68230000000001;83.4527;85.73150000000001;82.393;98.2659;87.65029999999999;82.23769999999999;88.75630000000001;92.3958;83.5913;93.35610000000001;103.6412;89.88739999999999;84.62790000000001
1694,50,82.580591,78.2381,75.2724,75.2724,75.2724,74.5395,NA,NA,NA,NA,NA,75.6956,87.2223,75.64780000000002,76.86040000000001,75.3664,75.74579999999999,NA,NA,NA,74.40699999999998,78.30619999999999;87.06570000000002;92.78699999999998;81.8137;83.274;77.56139999999999;76.895;79.9991;78.2381;77.34519999999999;77.9671;77.9786;76.50110000000001;78.48789999999998;76.86490000000002;83.8112;80.2963;78.75739999999999;87.7729;79.6315;78.9863;79.5624;91.0606;79.62110000000001;77.9295;148.509;82.7305;78.4579;80.81800000000001;86.1603;82.43710000000002;97.2755;76.1134;82.44980000000001;85.6006;90.33810000000001;84.0075;85.95870000000001;86.7244;80.9204;77.10999999999999;79.1559;82.4899;93.13350000000001;81.51040000000002;75.0008;75.04610000000001;75.2724;81.35140000000001;89.0778;80.198;78.86429999999999;78.4035;79.23689999999999;76.485;87.31339999999999;91.0604;81.4456;78.11049999999999;75.5791;77.8455;75.78369999999998;74.5395;78.7949;80.0794;82.2376;79.1959;80.1979;79.2102;79.4762;82.7009;74.9006;79.30420000000001;76.2077;80.2615;96.50930000000001;81.15570000000001;84.77940000000001;77.30749999999999;75.725;81.53009999999999;90.9136;85.5664;87.44189999999999;152.7431;99.23180000000002;80.2175;77.11899999999999;82.5791;76.456;78.80199999999999;79.86689999999999;76.51740000000001;76.7433;77.3005;75.60570000000001;78.1369;88.4548;75.9871;77.7731
1694,60,83.92465900000003,78.32959999999999,79.5453,79.5453,79.5453,76.51219999999999,NA,NA,NA,NA,NA,75.2062,76.0853,79.44879999999999,77.84240000000001,74.6991,75.7115,NA,NA,NA,86.82959999999999,78.85719999999999;78.125;80.4105;76.14769999999999;82.041;82.5771;80.90719999999999;81.61989999999999;78.32959999999999;85.55780000000001;88.8176;112.88279999999999;77.0618;80.7548;77.08359999999999;93.73840000000001;81.7526;82.91;78.29429999999999;77.1653;83.7358;77.5153;91.7346;224.82970000000003;155.7484;90.64120000000001;89.39229999999999;83.3984;80.3422;77.80760000000001;78.2354;78.46189999999999;77.40180000000001;76.53500000000001;76.6756;78.03869999999998;78.85839999999999;80.02109999999998;77.70960000000001;76.83520000000001;76.1794;77.0362;80.79159999999999;78.8284;78.9541;75.9701;77.0222;79.5453;78.9556;81.93690000000001;78.1499;76.2641;76.702;82.67;79.0004;76.3445;79.33450000000002;102.63080000000001;78.54240000000001;77.1569;77.9222;78.24680000000001;76.51219999999999;80.87219999999999;85.29570000000001;84.6231;80.03139999999999;85.9781;87.7015;144.2138;83.25189999999999;76.4723;87.5857;77.44659999999999;80.37549999999999;80.39970000000001;79.2776;78.1057;77.32790000000001;78.5326;87.8314;77.3809;90.6089;80.3221;80.3887;79.0915;80.8133;77.99969999999999;80.44719999999998;88.0334;77.6807;79.6403;79.4147;82.8622;82.1083;77.6843;83.6118;82.75280000000001;80.70539999999998;81.9481
1694,70,81.40435199999999,81.5348,81.718,81.718,81.718,79.8402,NA,NA,NA,NA,NA,76.6463,75.98349999999999,77.84769999999999,76.2894,75.4934,78.9899,NA,NA,NA,86.5427,79.7592;80.56269999999999;87.5116;79.5173;78.3777;76.51190000000001;77.56089999999999;79.46500000000002;81.5348;80.36349999999999;95.5419;78.70320000000001;88.62349999999999;81.93299999999999;80.59779999999999;77.8403;77.76209999999999;81.50980000000001;79.00730000000001;79.41;75.94720000000001;76.2804;80.04480000000002;77.2983;78.73150000000001;92.1077;82.7522;81.1439;80.69320000000002;91.74539999999999;84.14189999999999;81.68520000000001;89.2649;79.2338;79.1396;80.37129999999999;80.1662;77.73700000000001;78.4374;78.25739999999999;77.7573;81.071;86.1339;89.5297;85.2331;83.2003;79.0968;81.718;93.527;85.99020000000002;79.2111;79.5033;86.0389;96.54790000000001;81.0236;89.9744;80.088;81.11930000000001;80.72800000000001;79.1142;78.4471;81.4469;79.8402;80.523;82.2726;79.6675;80.76160000000002;83.26680000000002;81.2502;81.1203;80.2389;80.5044;82.73850000000002;75.46480000000001;79.3654;79.3161;76.6652;76.54589999999999;76.07159999999999;80.44180000000001;79.5107;77.512;89.10130000000001;76.8315;83.62159999999999;79.26750000000001;79.07310000000001;77.0702;83.66129999999998;81.20350000000002;84.5105;81.6371;83.49759999999999;82.04280000000001;78.9015;76.3843;78.13040000000001;90.67649999999998;78.289;79.6852
1694,80,85.15243000000002,79.1354,98.82140000000001,98.82140000000001,98.82140000000001,77.7285,NA,NA,NA,NA,NA,77.2607,76.97670000000001,89.83789999999999,78.0832,77.3972,76.3705,NA,NA,NA,77.08470000000001,78.1191;77.9521;83.7081;81.1188;78.96019999999999;77.1737;79.6942;91.76299999999998;79.1354;84.41060000000002;90.3689;79.6876;80.4342;79.0943;77.35379999999999;81.4167;92.15979999999999;77.30930000000001;79.0246;77.398;79.16680000000001;80.955;92.5002;80.651;78.41260000000003;85.554;80.7915;83.8084;89.3755;84.0651;82.3471;81.3412;77.0621;79.41730000000001;98.9574;82.17670000000001;82.03930000000001;84.2316;82.2638;81.0674;159.1398;83.11670000000001;86.2328;83.262;83.2089;82.33979999999998;79.18090000000001;98.82140000000001;82.18490000000001;87.13470000000001;78.57380000000002;80.58919999999999;80.6553;82.63949999999998;82.45679999999999;77.02810000000001;80.5995;84.28699999999999;79.09339999999999;322.51120000000003;157.6688;79.09140000000001;77.7285;81.62889999999999;81.8972;81.4511;80.16460000000001;81.4361;78.11529999999999;77.6461;76.2105;75.97449999999999;79.2476;76.89869999999999;79.1894;80.68180000000001;81.0193;79.4845;77.47370000000001;78.41499999999999;78.6736;79.34719999999999;82.18310000000001;80.3033;79.76409999999998;89.24020000000002;79.46199999999999;78.9317;78.4356;77.2024;77.3929;77.84609999999999;77.5885;76.9247;79.10350000000001;75.9666;79.475;79.5736;80.56899999999999;80.3148
1694,90,94.541046,88.5783,92.30159999999998,92.30159999999998,92.30159999999998,84.8878,NA,NA,NA,NA,NA,84.84109999999998,83.8408,87.6502,86.7394,84.8516,88.9843,NA,NA,NA,84.85379999999999,87.11940000000001;87.453;99.238;90.2902;90.78529999999999;86.41130000000001;90.14020000000001;88.8056;88.5783;88.99090000000001;90.18050000000001;89.7476;85.4154;94.6183;100.9079;97.01379999999999;91.7976;90.8537;88.3074;88.65559999999998;100.14900000000002;86.8123;99.5806;94.0129;91.4078;107.0703;105.21750000000002;89.87819999999999;106.1613;299.69149999999996;99.4812;98.7106;87.6114;107.8177;179.3603;95.1402;89.37519999999999;87.21419999999998;83.6493;93.3219;191.3221;88.2109;88.5336;86.85249999999999;93.61350000000002;86.9849;98.7386;92.30159999999998;88.8782;85.6215;84.41199999999999;86.5728;87.3463;97.59930000000001;87.67880000000001;82.92;87.74940000000001;92.4683;85.63470000000001;86.14099999999999;90.33330000000001;88.95969999999998;84.8878;92.78739999999999;87.60300000000001;91.9983;88.6506;87.1523;82.7773;85.10640000000001;84.06369999999998;86.5121;86.922;82.4248;90.60390000000001;86.37689999999999;86.8874;85.48210000000002;90.76910000000001;89.2155;83.15469999999999;85.64870000000002;91.8415;87.46440000000001;89.64610000000002;90.7408;88.1323;85.76249999999999;89.44159999999998;84.5569;89.59309999999999;89.9196;90.0072;88.94650000000001;100.0583;96.7845;104.1068;89.2056;98.85889999999999;84.16760000000001
1694,100,87.10123100000001,91.0095,78.3984,78.3984,78.3984,79.1065,NA,NA,NA,NA,NA,77.1476,78.21560000000001,77.85310000000001,77.6862,79.2901,88.9255,NA,NA,NA,76.78020000000001,80.8829;85.51210000000002;81.18090000000001;88.3562;86.41990000000001;78.2553;80.8573;88.64349999999999;91.0095;84.06819999999999;85.2274;80.9602;83.6749;83.35880000000002;83.6654;86.188;96.67530000000002;81.0426;79.88929999999998;79.29999999999998;78.498;78.9975;82.1537;82.5223;201.9537;94.48750000000001;84.93820000000001;82.88070000000002;79.64999999999999;81.2509;84.8448;81.9205;78.9722;78.0889;78.98020000000001;81.54149999999998;83.7097;93.17109999999998;84.3365;92.75780000000002;81.11410000000001;83.6979;84.2265;259.9179;146.70230000000004;80.064;91.1918;78.3984;83.9671;81.89630000000002;77.9885;78.8725;77.05639999999998;91.09;77.9068;92.7006;78.34939999999999;90.62129999999999;92.3068;80.70100000000001;80.00730000000001;81.44420000000001;79.1065;80.65929999999999;81.0685;80.3781;80.9644;79.07159999999999;76.86639999999998;77.8115;78.83500000000001;78.19829999999999;82.8829;79.41959999999999;99.59129999999999;83.4094;82.5177;78.2863;78.3595;84.08109999999999;79.00970000000001;81.1633;78.686;81.98860000000002;89.1998;91.51480000000001;84.8689;81.4489;96.318;83.8478;81.3677;92.60839999999999;79.3957;79.83740000000002;82.7414;85.7709;80.9678;102.2935;90.69250000000001;83.8501
1778,0,3.800710999999999,3.0995999999999992,3.1578999999999997,2.9019999999999997,2.9019999999999997,2.9019999999999997,3.5977000000000006,3.5857,3.7507000000000006,3.128600000000001,4.223199999999999,4.961900000000001,5.171800000000001,4.6543,4.554799999999999,3.7944000000000004,4.0295,3.8261,4.021400000000001,3.5171,3.1971,3.2993;3.7234999999999996;3.6109999999999998;3.7200000000000006;2.9830000000000005;2.974500000000001;3.4411999999999994;3.5399999999999996;3.256;3.3974000000000006;3.3993;3.0517;3.0502999999999996;3.3362000000000003;3.625000000000001;3.6668000000000003;3.3164999999999996;3.4152000000000005;3.2550000000000003;4.0098;3.5013000000000005;3.7167999999999997;3.0995999999999992;3.4485;3.9998;3.373900000000001;3.5808999999999997;3.8887;3.9490000000000007;3.5976000000000004;3.314;3.501699999999999;3.8146;4.115799999999999;3.6165000000000007;4.5929;3.171;11.844199999999999;3.1572000000000005;3.4185000000000008;3.9353;3.1078;3.4214;3.1842000000000006;4.321200000000001;3.4956;3.6125000000000003;3.1578999999999997;3.340699999999999;3.5263999999999998;3.1794999999999995;2.9019999999999997;3.1196;3.2136;3.4898000000000002;3.7419;3.4816000000000003;3.9309;3.0147;3.1677999999999997;3.1012999999999993;3.7758;3.1909000000000005;3.2827;4.101999999999999;3.6582;4.2942;3.8252000000000006;3.6919999999999993;3.594500000000001;22.8828;3.8426;3.7777;3.3375000000000004;4.0611;3.616999999999999;4.0524;3.5331;3.8583999999999996;3.6017;3.3507000000000002;3.5195;3.321;3.8476999999999992;3.571099999999999;2.9736;3.5516;3.932699999999999;3.0300999999999996;3.513400000000001;3.2855999999999996;3.9341999999999997;3.1956;3.2466999999999997;3.4509999999999996;3.6964000000000006;3.4304999999999994;3.3134999999999994;3.5866;4.1198999999999995
1778,10,3.516487999999998,3.3721999999999994,3.3092999999999995,3.124299999999999,3.124299999999999,3.124299999999999,3.195500000000001,3.3397,3.3565000000000005,3.3538,3.3033,4.3859,4.0947000000000005,3.9126999999999996,4.190600000000001,3.3578,3.3338,3.7783,4.2186,3.4189999999999996,3.4478,3.3045;3.878;3.2049;3.9023000000000003;3.118100000000001;3.1125000000000007;3.2174999999999994;3.376;3.3057;4.1238;3.3972999999999995;3.229;3.2457;3.6218000000000004;3.3236000000000003;3.7384000000000004;3.5227;3.3684000000000007;3.1846;3.7993999999999994;3.1326000000000005;3.3601;3.3721999999999994;3.6843000000000004;3.4651000000000005;3.2758;3.4762999999999997;3.6429000000000005;3.7298999999999998;3.7225;3.166199999999999;3.3168;3.5624000000000002;4.0455;3.9036;4.011;3.2982;3.5570000000000004;3.1266000000000007;3.3603;4.011100000000001;3.2676;3.3435000000000006;3.609200000000001;3.7697999999999996;3.235700000000001;3.9078999999999997;3.3092999999999995;3.1487;3.4974999999999996;3.0793999999999997;3.124299999999999;3.3453999999999997;3.2658999999999994;3.2931;3.3673000000000006;3.3858;3.8099;3.2185;3.2157000000000004;3.5850999999999997;3.794199999999999;3.1243000000000003;3.3038999999999996;4.185299999999999;3.5248999999999997;4.280100000000001;4.574300000000001;4.3318;4.260999999999999;5.515899999999999;4.154000000000001;4.0695;3.3257;3.7546000000000004;3.5275;3.5833;3.3798000000000004;3.9710999999999994;3.3651000000000004;3.032399999999999;3.458799999999999;3.5097999999999994;3.6847;3.1595999999999997;2.8923;3.3495;3.7085;3.1039;3.1780000000000004;3.2117999999999998;3.5013;3.0419000000000005;3.1732000000000005;3.4290000000000003;3.4942;3.4486;3.0976;3.5894;3.5838
1778,20,3.582698,3.3137000000000003,3.3212,3.1452999999999998,3.1452999999999998,3.1452999999999998,3.4052000000000007,3.1387,3.2093000000000003,3.1832,3.3398,5.147,4.898000000000001,4.0572,4.3089,3.8466999999999993,3.5341000000000005,4.3331,4.308800000000001,3.785,3.0877000000000003,3.8458;4.366599999999999;3.7943;4.3721000000000005;4.3048;3.4485;3.6562999999999994;4.110400000000001;3.5175000000000005;4.0383000000000004;3.8958000000000004;3.5355000000000003;3.4823000000000004;3.5043999999999995;3.5573999999999995;3.7882000000000002;3.2945;3.5443;3.3263;3.7956000000000003;3.2123;3.8459;3.3137000000000003;3.3300000000000005;3.3479;3.244;3.5035000000000003;3.7038000000000006;4.238600000000001;3.5045;3.1247000000000003;3.3357;3.7048000000000005;3.6555;3.8582000000000005;3.8456;3.1324;3.0842;3.4194;3.2805;4.045599999999999;3.2487000000000004;3.5806;3.9829;4.0956;3.8185;4.1601;3.3212;3.7215;4.240100000000001;3.4108000000000005;3.1452999999999998;3.1545;3.6117999999999997;3.1576;3.2142999999999997;3.4543999999999992;3.6065;3.1206;3.0421;3.1261;3.4589000000000003;3.1499000000000006;3.647200000000001;3.1132;2.975;3.552;3.5447000000000006;3.2293;3.0926;3.6899999999999995;3.4196000000000004;3.4056;3.575100000000001;4.2318;4.385000000000001;3.9686;3.2699000000000003;3.7461;3.3924000000000003;3.3463;3.9904000000000006;4.3742;3.8830000000000005;3.1923000000000004;3.0119;3.7512;4.1535;3.6907999999999994;4.061;3.9014;3.5946999999999996;3.3194;3.1431;3.3151;3.3416;3.5540000000000003;3.2193;3.4285;4.028300000000001
1778,30,3.621173999999999,4.0377,3.8277,3.2418,3.2418,3.2418,3.4084000000000003,3.1715000000000004,4.0608,3.3859000000000004,3.6064000000000007,5.1299,4.328,4.216,4.3466000000000005,3.4506000000000006,3.7825999999999995,4.0161999999999995,4.596699999999999,3.6356000000000006,3.2188,3.4545000000000003;3.4874;3.0644000000000005;3.3794000000000004;3.1024;3.1495;3.0258000000000003;3.5723000000000003;3.1323000000000003;3.5677;3.4424999999999994;3.0566;3.1975000000000002;3.5515000000000003;3.2116;3.5686999999999998;3.2831000000000006;3.2224000000000004;3.634;3.8893000000000004;3.5932999999999997;4.1484000000000005;4.0377;3.850800000000001;4.5329;4.065300000000001;4.5354;4.1415;3.7624;3.5314;3.1390000000000002;3.1921;3.5517000000000007;3.5846;3.4173000000000004;3.6870999999999996;3.2734;3.1715;3.3204000000000002;3.2165;3.6273;3.2376;3.3856;3.5627;3.4770000000000003;3.6919999999999997;3.9448999999999996;3.8277;3.2912999999999997;4.143800000000001;3.4455999999999998;3.2418;3.6179999999999994;3.1706000000000003;3.641000000000001;3.5341;3.4596000000000005;3.8763;3.4396999999999998;3.3188000000000004;3.4096;4.1429;3.3360999999999996;3.3322;3.3143;3.529;3.8474;3.9720999999999997;3.4744;3.2407999999999997;4.5706;4.0535000000000005;3.6157;3.9565;3.6856000000000004;4.026400000000001;3.7358000000000002;3.3445000000000005;3.7877;3.4448;3.3366;3.7297;3.5231;4.2116;3.3920000000000003;3.5806999999999998;4.0454;5.123099999999999;3.5660000000000003;4.276000000000001;3.7346;4.6252;3.4538999999999995;3.7187;4.1284;3.8022;3.5141;3.0929999999999995;3.8998000000000004;3.8623999999999996
1778,40,2.9427730000000003,2.4427000000000003,2.9614000000000003,2.4759000000000007,2.4759000000000007,2.4759000000000007,2.622300000000001,2.5302000000000007,2.4969000000000006,2.6236000000000006,2.5544,3.3123,3.111100000000001,2.6814,3.9045000000000005,3.037100000000001,3.5573,3.438100000000001,3.7723000000000013,2.8087000000000004,2.5596000000000005,2.7897000000000007;3.1876999999999995;2.6285000000000003;3.2785000000000006;2.7482000000000006;2.399400000000001;2.5789999999999997;2.8720000000000008;2.6247000000000007;3.2390000000000008;2.716700000000001;2.6134000000000004;2.6865;2.6622000000000003;2.4239;2.9008000000000007;2.838600000000001;2.646000000000001;2.8670000000000004;2.9558000000000004;2.5140000000000002;2.9163;2.4427000000000003;2.5048000000000004;2.700100000000001;2.7288000000000006;3.4035000000000006;3.345300000000001;3.6974;2.9501;3.9795000000000007;2.8544000000000005;3.3360000000000007;3.510400000000001;3.0853000000000006;3.0864;2.5842000000000005;2.6315;2.9083;2.7006;3.3200000000000007;2.6381;3.2887000000000013;3.6126000000000005;3.7281999999999997;2.7546;3.2825;2.9614000000000003;2.6321000000000008;3.543100000000001;2.546900000000001;2.4759000000000007;2.4256000000000006;2.8371000000000004;2.9199000000000006;3.5406;2.650700000000001;3.0704000000000002;2.5758;2.7298000000000004;3.000700000000001;3.1545000000000005;2.3935999999999997;2.4842000000000004;2.419800000000001;2.6274000000000006;3.4673000000000007;2.9875000000000007;3.4373000000000005;2.653;3.3117;3.4712;2.9799000000000007;2.7863;3.2451;4.602100000000001;3.3113;2.982;3.4074999999999998;2.9845000000000006;2.914100000000001;3.3169;2.6555000000000004;3.5093;2.7286000000000006;2.7098000000000004;3.2024;3.274600000000001;2.5822000000000003;3.3015000000000003;2.7606;3.1383000000000005;2.5269000000000004;2.5736000000000008;2.7098000000000004;2.9522000000000004;2.664100000000001;2.4123000000000006;2.5533;3.0132000000000008
1778,50,2.9651580000000006,2.7167000000000003,2.7442,2.5384000000000007,2.5384000000000007,2.5384000000000007,2.6850000000000005,2.7005,2.4197000000000006,2.5198000000000005,2.5968000000000004,3.1000000000000005,3.0594000000000006,3.0557000000000003,4.392900000000001,2.7004000000000006,2.7611,3.6436,3.6077000000000012,3.0545000000000004,2.422100000000001,2.582;3.2766000000000006;3.0391000000000004;2.8156000000000003;2.4561;2.4472;2.8958000000000004;3.4704;2.7624;3.1606;2.7913000000000006;2.6962000000000006;3.4673000000000007;3.0368000000000004;2.4474000000000005;3.0765;3.1274000000000006;2.7652000000000005;2.805100000000001;3.2511;2.7156000000000007;3.3163;2.7167000000000003;3.8703;2.7387000000000006;2.6908;3.0088000000000004;3.1203999999999996;3.240900000000001;2.4236000000000004;2.455;2.7958000000000003;3.1912;3.020400000000001;3.0474000000000006;3.3123000000000005;2.519000000000001;2.8215999999999997;2.939200000000001;2.9654000000000007;3.8386000000000005;2.4749000000000003;2.349800000000001;2.6491000000000007;3.3560000000000003;3.440900000000001;3.1776;2.7442;3.2107000000000006;3.4131;2.6106000000000007;2.5384000000000007;2.812300000000001;2.919800000000001;2.6173000000000006;2.7525000000000004;3.3236000000000003;3.3404000000000003;3.1098000000000003;2.6062000000000003;2.6139000000000006;3.0602000000000005;2.6001000000000003;2.443700000000001;2.6784999999999997;2.4666000000000006;3.5895;3.4283000000000006;2.6553;2.6518000000000006;2.9324000000000003;2.881900000000001;2.9775;2.8447000000000005;3.1209000000000007;3.3640000000000003;3.4686000000000003;2.9084;2.967;2.9458;2.4828;2.956500000000001;2.8282000000000003;3.8427000000000007;3.4809000000000005;2.9736000000000002;3.5138;3.9250000000000007;2.7888;2.7318000000000002;2.854300000000001;3.665;3.3157;2.4545000000000012;2.9385000000000003;2.6679000000000013;3.204600000000001;2.7704000000000004;2.6082;3.3482000000000003
1778,60,2.9539629999999995,2.779500000000001,3.0938000000000008,3.1361000000000003,3.1361000000000003,3.1361000000000003,2.7413000000000007,2.4898000000000007,2.571100000000001,2.9238000000000004,2.4632,2.9044000000000003,2.9538000000000006,2.6797000000000004,3.6859999999999995,2.8319,3.3456,3.798700000000001,3.541200000000001,3.227700000000001,2.6949999999999994,2.7595;3.3236999999999997;2.517900000000001;2.6380000000000003;2.4766;2.3930000000000007;3.0641000000000003;3.7243000000000004;2.7444;2.9848000000000003;2.6252999999999997;2.7385000000000006;2.7716000000000007;2.8255;2.6047;3.3545000000000003;3.0301;3.6352;2.877399999999999;3.3776;2.6894000000000005;3.3287;2.779500000000001;3.2040000000000006;3.041900000000001;2.789000000000001;3.0008;3.3568000000000002;3.1228;2.6542000000000003;3.3894;2.720000000000001;3.2266000000000004;3.175900000000001;3.182000000000001;3.1304000000000007;2.4540000000000006;2.5197000000000003;2.9938000000000002;2.8168000000000006;2.9596000000000005;2.7315000000000005;2.4128000000000003;2.5897000000000006;3.3275000000000006;2.711700000000001;3.3680000000000003;3.0938000000000008;2.8088000000000006;3.2966000000000006;3.2118999999999995;3.1361000000000003;2.3856000000000006;2.4367000000000005;2.5919000000000003;2.7055000000000002;2.617100000000001;3.2488;2.6775000000000007;2.9516000000000004;2.9438000000000004;3.5515000000000003;2.8319;2.4071000000000007;2.9176000000000006;2.5551;3.3666000000000005;2.9250999999999996;2.981700000000001;3.0839000000000008;2.915800000000001;2.9159;2.8472000000000004;3.2143;3.2115;3.371600000000001;3.162500000000001;3.343100000000001;3.0589000000000004;2.6348;2.968;3.057000000000001;3.0366000000000004;3.0598000000000005;2.575300000000001;2.8387999999999995;3.1861000000000006;3.3393;2.6995;3.7072000000000007;2.7631;3.3855000000000004;3.1157;2.8197;2.7662;2.7964;3.012800000000001;2.790400000000001;2.6490000000000005;3.2849
1778,70,2.998058,2.9514,2.4894999999999996,2.5176,2.5176,2.5176,2.4802999999999997,2.7011,2.7516000000000003,2.5221,2.5500000000000003,4.397199999999999,3.3724999999999996,2.9991999999999996,4.3103,3.043999999999999,3.0235999999999996,3.799600000000001,3.6090999999999998,3.0043999999999995,2.499,3.1530999999999993;3.1538;3.0383;2.9427;2.5518;2.8502;3.1341;3.2697999999999996;2.4844999999999997;2.9603;2.7042;2.9905999999999997;3.0500000000000007;2.625;2.5508;3.2420999999999998;2.6754000000000002;3.0202999999999998;2.9078000000000004;3.5213;2.6788000000000003;3.53;2.9514;3.0170999999999997;2.7707999999999995;3.2083999999999997;3.1826000000000003;3.4737999999999998;3.0712;2.4983;2.7670000000000003;2.8091000000000004;3.3949999999999996;3.4913;3.3445;3.3817999999999997;2.8697999999999997;2.5768999999999997;2.5014000000000007;2.561;3.1405;2.5364000000000004;2.5947;2.7485;3.3574;3.1489;3.6277;2.4894999999999996;2.7967;3.7403999999999997;2.5609;2.5176;2.9257;2.4995000000000003;2.8322000000000007;3.6117;2.8568;3.1835;2.6764;2.5986000000000002;2.8872;3.3957999999999995;3.1441;2.6000999999999994;2.9494;2.7589;3.3987;2.9376;2.4962000000000004;2.8299999999999996;3.2897;3.4149999999999996;3.0286999999999997;2.8255;3.0893;3.7109999999999994;3.2794;3.0013;3.4996999999999994;3.7496000000000005;2.6773;3.4729;2.8785999999999996;3.5673999999999997;3.0377000000000005;2.5889;2.9684;3.8186000000000004;2.5533;2.8451999999999997;2.5233000000000003;3.6264999999999996;2.4848999999999997;2.7567;3.0997;2.9265999999999996;3.1081999999999996;2.5702;3.1407;3.5236
1778,80,3.226855,2.9058999999999995,2.6918,2.5963,2.5963,2.5963,2.7112,2.6197999999999997,2.5713,2.7549999999999994,2.7807,3.4404,3.0532,2.7741,2.9893999999999994,2.9151,2.9422,3.7150000000000003,3.8732,2.9234,2.8482000000000003,3.4745000000000004;3.2901;3.0236000000000005;2.7269;2.8951;2.8846;2.7517999999999994;3.5487;3.3708;3.4347000000000003;2.9813999999999994;3.2243;2.8907;3.7294000000000005;2.8038;3.2921;3.0854999999999997;3.4469;2.5284999999999997;3.0528;2.5471;3.2849999999999997;2.9058999999999995;2.7100999999999997;3.0014;2.6655999999999995;3.3578000000000006;3.3779;3.3308;2.9452000000000003;2.7758;2.8524999999999996;3.5564999999999998;3.4052;3.6873000000000005;4.2082999999999995;2.7107000000000006;2.7215;2.8045000000000004;2.9913;4.08;3.166;2.9118;2.8227;3.7395999999999994;3.3246999999999995;3.2470999999999997;2.6918;3.1439;10.912099999999999;8.688500000000001;2.5963;2.4945;2.4715;2.6299;2.8749999999999996;3.4376000000000007;3.4369999999999994;2.643;2.7018;3.0967000000000002;3.2044;2.6061;2.7458;2.6314999999999995;2.6714;3.2991;3.458;2.9038;3.1424;3.8152999999999992;3.473099999999999;3.6386000000000003;2.9705;3.1838999999999995;3.6454000000000004;3.1659;3.3693999999999997;3.8308;3.2701999999999996;3.0899;3.4732;3.4484;3.2394;2.5738000000000003;2.4936999999999996;3.7787;3.7852999999999994;2.733199999999999;2.9951999999999996;2.6719;3.1654999999999993;2.71;2.9263000000000003;3.1155999999999997;2.9469;2.9175000000000004;2.5005;2.5919;3.1149
1778,90,3.3115700000000006,3.0994999999999995,3.4353,2.6279,2.6279,2.6279,2.9366,2.5876,2.8665,2.5217000000000005,2.6344,3.5317,3.678499999999999,2.9257999999999993,3.3196999999999997,2.9252999999999996,2.9404,3.956500000000001,3.6577000000000015,2.7920999999999996,2.5044,2.8976;3.1599;2.6287;2.7877;2.8472999999999997;3.4102;2.6919999999999997;3.433;2.9966999999999997;3.8528999999999995;9.4626;9.0541;3.063799999999999;2.7811999999999997;2.6338000000000004;3.8527;2.7804;3.0603000000000002;2.5794;3.19;2.6747;3.525599999999999;3.0994999999999995;2.6936999999999998;3.0553;2.7618;3.3182999999999994;3.1955999999999998;3.2509;3.0356;2.813999999999999;2.7663999999999995;3.3802;3.1041999999999996;3.5730999999999997;3.1820999999999997;2.6476;2.6783;2.883;3.181;3.6236999999999995;3.3034;2.8432;3.2717000000000005;4.000799999999999;3.3890999999999996;3.3678;3.4353;2.6963;3.1756999999999995;2.5357999999999996;2.6279;2.5533999999999994;8.458200000000001;8.9694;3.1107;2.888;3.364999999999999;2.8145;3.0475;3.031;3.6552999999999995;2.543;2.8434999999999997;3.009899999999999;2.6064;3.1816999999999998;2.9670999999999994;2.5123;2.5980999999999996;3.7356999999999996;3.3215;3.7338;3.2131000000000007;3.5677999999999996;3.5814999999999997;3.5889999999999995;3.0815;3.7030999999999996;3.6013;3.4781999999999997;3.4553;3.1515;3.4602;2.6971;2.4059999999999993;3.4379999999999997;3.5876;2.574;2.6965999999999997;2.8467000000000002;3.3390000000000004;2.4436999999999998;2.5566;2.9103;3.0044;3.1705;2.5129;2.8709999999999996;3.0182
1778,100,4.132294999999998,3.2549,3.3537999999999997,3.153,3.153,3.153,3.1623,3.4448,3.2681000000000004,3.4261999999999997,3.3538,3.8697000000000004,3.795,3.2734,3.6567,3.4396,3.3242,4.352200000000001,4.408600000000001,3.495399999999999,3.0271,3.6311;3.9013999999999998;3.5274;4.6782;3.716;3.4164000000000003;3.6984999999999992;4.9369;4.574;5.098699999999999;4.112;10.5299;4.05;3.7283999999999997;3.6015;13.665099999999999;3.9709;3.4052;3.4043;4.4879999999999995;4.0082;3.807;3.2549;3.5999;4.1339999999999995;3.3851999999999993;3.9196999999999997;3.9636;3.7568;3.4687;3.5721;3.9406999999999996;3.7263999999999995;3.7509;4.4649;4.4424;3.9754;4.0588999999999995;3.259;3.3705999999999996;4.3714;3.6425;3.5221;3.8038;4.5192;3.7081;4.151999999999999;3.3537999999999997;4.013399999999999;3.8269;3.9227999999999996;3.153;3.9896;3.672;3.3138;3.5373;3.2727;3.7302;3.4193000000000002;3.6731;10.950799999999997;3.6616999999999997;3.1834999999999996;3.2933000000000003;3.267;3.1669;12.7654;4.004300000000001;4.0527999999999995;3.1808;4.678;4.0884;4.2143;3.8371000000000004;4.1217999999999995;4.2781;3.9877000000000002;3.4969;4.110099999999999;3.6914;3.8651;3.7938;3.9863000000000004;4.2871;4.3481000000000005;3.6685999999999996;3.8991;3.9183999999999997;3.6677999999999997;3.5028000000000006;3.1809000000000003;3.8326000000000002;3.1990999999999996;3.9986;3.6176;3.1715;3.4459;3.4876;3.5738000000000003;4.1643
1778,latest,6.230284000000001,6.1854,5.824199999999999,6.331499999999999,6.331499999999999,6.331499999999999,6.2932,5.664299999999999,6.041099999999999,5.5061,5.5081999999999995,5.6173,5.533099999999999,6.773900000000001,6.4156,6.336399999999999,7.186200000000001,6.0446,6.5504999999999995,5.3803,6.430700000000001,5.6731;6.603;7.565199999999999;7.095000000000001;6.6530000000000005;6.8387;6.158399999999999;7.5616;5.7166999999999994;6.4536999999999995;6.3667;7.068199999999999;6.621700000000001;7.0524000000000004;7.688000000000001;6.800999999999999;7.332499999999999;6.675299999999999;6.8202;6.6926000000000005;6.718500000000001;7.096500000000001;6.1854;6.8626000000000005;6.2884;7.717599999999999;6.677200000000001;7.2856;7.075699999999999;7.4549;6.861000000000001;6.0915;6.2131;6.273299999999999;5.702499999999999;5.210999999999999;5.4618;5.5155;6.3428;5.865399999999999;5.864599999999999;5.6617999999999995;6.0287999999999995;6.098000000000001;6.236700000000001;5.6025;5.732899999999999;5.824199999999999;6.319999999999999;5.8917;5.4565;6.331499999999999;5.3755;5.4704;5.868199999999999;5.7667;6.0905999999999985;6.1541999999999994;5.369399999999999;5.552899999999999;5.670299999999999;5.6027;5.579700000000001;6.0866;6.1913;5.9677;6.0367999999999995;5.8311;5.824599999999999;5.444299999999999;5.5752;5.7197;5.8132;6.0424999999999995;5.7948;6.265600000000001;6.3346;5.9109;5.439;5.3124;5.3767;5.5322;5.958;5.7692000000000005;6.090399999999999;6.3575;7.0465;6.1407;6.0717;7.428800000000001;6.044;7.252600000000001;7.303800000000001;6.772900000000002;6.5139000000000005;5.9792;5.878399999999999;6.1913;5.923299999999999;5.919899999999999
2088,0,51.58240900000001,46.54600000000001,39.46800000000001,39.46800000000001,39.46800000000001,37.9612,49.894199999999984,50.88999999999999,42.21469999999999,41.716300000000004,42.489399999999996,123.6465,124.24789999999999,117.60819999999997,84.97670000000001,140.19389999999999,47.888200000000026,94.48259999999998,78.3736,85.95989999999999,65.1636,46.54600000000001;41.10349999999999;41.00590000000001;41.45270000000001;40.08390000000001;48.867100000000015;60.5216;40.3994;44.439200000000014;42.86140000000001;43.632400000000004;61.695100000000004;74.46509999999998;53.293099999999995;41.56960000000001;52.718500000000006;47.9161;50.60650000000001;47.78540000000001;43.02730000000001;43.432100000000005;68.69330000000001;41.22269999999999;47.046699999999994;48.88749999999999;42.94950000000001;67.269;104.8965;45.16599999999999;39.46800000000001;39.4539;43.06220000000001;44.1276;46.492300000000014;57.80749999999999;48.682700000000004;41.761399999999995;44.723099999999995;47.3073;43.40370000000001;58.74239999999998;50.4458;44.85940000000001;49.61360000000001;57.22389999999999;50.4687;88.34349999999998;72.62809999999999;73.0868;62.01320000000001;97.1307;91.21269999999998;77.406;75.77439999999997;43.2377;44.2512;44.76500000000001;41.09380000000001;38.26330000000001;43.2007;43.498700000000014;42.65810000000001;43.60209999999999;42.104299999999995;37.9612;42.866600000000005;43.5877;40.63550000000001;42.917300000000004;43.056400000000004;38.2236;41.841699999999996;52.78990000000001;54.96630000000001;70.0508;71.36980000000003;58.77040000000001;71.90139999999998;74.66889999999998;59.376;54.2611;52.84800000000001;50.980000000000004;51.426500000000004;50.1736;57.59780000000002;47.9221;45.08720000000001;42.440799999999996;41.606899999999996;45.523;41.6679;41.068999999999996;48.32959999999999;49.99589999999999;48.2299;47.7827;52.286500000000025;49.427800000000005;49.13420000000001
2088,10,92.12692200000001,43.550200000000004,50.33020000000002,50.33020000000002,50.33020000000002,108.2138,55.18889999999999,49.61489999999999,48.4123,38.7863,60.67439999999999,79.27890000000001,76.9456,102.68370000000002,77.33640000000003,63.26300000000001,45.945800000000006,99.93489999999997,96.7207,83.69690000000001,96.95619999999998,43.550200000000004;51.26570000000001;48.91799999999999;49.419100000000014;58.54990000000001;53.6472;43.2436;52.025999999999996;55.35990000000001;102.8146;59.354800000000004;74.30250000000001;53.87549999999999;79.99530000000001;44.372;61.89130000000001;79.9537;56.508100000000006;45.2747;62.34290000000001;37.9402;60.284800000000004;54.638400000000004;86.46390000000001;50.853199999999994;80.06899999999999;81.1483;74.87950000000001;65.6041;50.33020000000002;66.3603;74.777;69.44780000000003;56.1766;68.0368;60.43790000000001;51.62080000000001;55.636399999999995;82.1658;53.08;67.4897;63.55509999999999;54.6349;76.5839;60.041;60.75190000000001;171.517;70.64810000000001;73.92380000000001;66.35350000000001;67.65459999999999;66.44970000000002;59.4671;71.5548;90.1474;86.85189999999996;81.78269999999999;142.58450000000005;56.90120000000001;76.5968;121.6959;75.56419999999999;84.61629999999997;79.0231;108.2138;111.78749999999998;112.52;160.4686;175.68160000000003;109.76369999999999;108.65870000000001;99.43659999999997;139.83669999999998;141.6529;122.122;125.37970000000001;122.90309999999998;140.26340000000002;125.03509999999999;130.5399;111.84759999999999;122.77799999999999;129.1783;152.69129999999998;132.2463;137.68329999999995;139.09309999999996;108.97089999999997;107.66190000000003;135.70259999999996;124.82350000000001;147.04609999999997;159.78250000000006;184.63660000000002;161.97690000000003;145.59779999999995;146.7736;138.8986;179.91459999999998;128.12030000000001
2088,20,98.88731600000001,108.1214,85.56809999999997,85.56809999999997,85.56809999999997,95.57039999999999,40.767700000000005,39.51,39.395699999999984,33.745400000000004,42.049600000000005,101.58980000000001,66.3976,87.21889999999999,92.5252,74.34979999999999,43.42320000000001,103.65650000000001,110.7824,99.76469999999998,85.09349999999999,108.1214;159.6442;149.19010000000003;166.38930000000005;138.039;150.73270000000002;172.14930000000004;153.4353;166.7747;150.52999999999997;162.7407;143.52680000000004;129.7153;111.0883;86.8621;116.17989999999998;94.11009999999999;92.99649999999997;76.82869999999998;67.54520000000001;69.0891;89.60319999999999;70.74080000000001;75.66360000000002;94.39840000000001;76.19080000000001;81.42540000000001;73.6906;72.33959999999999;85.56809999999997;72.3123;70.67200000000001;68.6376;63.60080000000001;66.57959999999999;63.69930000000001;52.7357;77.64090000000002;69.33970000000001;56.93600000000001;70.1832;57.3603;53.58050000000001;57.02459999999999;64.428;73.44009999999997;76.3141;84.67009999999999;84.9293;71.6778;67.03070000000001;64.43950000000001;85.91469999999998;74.776;80.38919999999999;68.4846;70.45250000000001;77.84270000000001;75.4359;79.82820000000001;96.7631;79.7833;90.77429999999997;136.5558;95.57039999999999;89.64559999999997;104.3726;81.3526;105.49539999999999;137.1903;75.7464;69.65000000000002;122.8051;122.65059999999998;141.84560000000002;96.70190000000001;124.15570000000001;77.6043;103.3646;137.76259999999996;111.3325;124.8046;128.8742;102.9063;109.75400000000002;122.61139999999997;89.9037;150.2073;86.84049999999999;127.84649999999999;98.75709999999998;129.9798;124.1343;129.1489;132.07;92.4637;105.0211;115.33409999999996;100.79229999999998;130.49399999999997
2088,30,98.75700500000005,102.51269999999997,57.104699999999994,57.104699999999994,57.104699999999994,84.15870000000002,40.7235,43.0323,37.4564,37.03159999999999,51.97669999999999,75.2277,64.81160000000001,71.4244,83.20250000000001,77.9764,57.16130000000002,85.04089999999998,102.01929999999999,96.43780000000001,70.3776,102.51269999999997;130.49650000000003;100.98129999999999;128.9604;178.18540000000004;120.1786;113.88839999999999;144.6902;133.18299999999996;145.832;159.08399999999997;114.44320000000003;89.70840000000001;139.8375;136.02;104.6077;116.23339999999997;87.02129999999998;100.12349999999995;72.2872;89.0203;130.54700000000003;69.52600000000001;59.950700000000005;60.7427;58.726099999999995;58.530199999999994;55.2357;58.98669999999999;57.104699999999994;57.8807;50.060799999999986;76.98089999999998;54.26150000000001;61.0499;68.36580000000002;51.1012;51.882200000000005;60.8716;62.76790000000001;66.2104;56.2432;72.4175;59.437200000000004;81.94860000000001;75.7558;90.22849999999997;69.416;81.51139999999998;97.03529999999998;103.69070000000004;68.27890000000002;75.6951;105.41109999999999;102.95100000000001;109.72090000000001;63.88849999999999;80.1847;90.77869999999997;73.70209999999999;84.1922;82.4448;82.41659999999997;84.34159999999999;84.15870000000002;107.12650000000001;116.52059999999997;89.60309999999998;66.7983;78.58689999999999;91.39830000000002;91.89449999999997;84.3063;107.80979999999998;76.25739999999999;70.7202;100.22449999999999;78.13839999999999;99.4306;110.25609999999999;106.0197;89.15210000000002;79.27810000000002;148.52700000000002;137.73150000000004;153.28830000000002;152.3698;117.23720000000002;111.95309999999999;133.0964;84.5176;199.5315;102.5138;124.5341;193.0897;120.25490000000002;156.36270000000005;196.72350000000006;166.54550000000003;179.97570000000005
2088,40,87.073441,81.25019999999999,49.513500000000015,49.513500000000015,49.513500000000015,143.54240000000001,40.8331,38.6625,40.406800000000004,35.9132,40.3525,64.0276,79.65339999999999,79.89769999999999,89.28520000000002,68.3413,82.46979999999995,99.9512,78.697,91.74119999999998,83.19389999999999,81.25019999999999;123.06119999999999;127.90550000000002;164.6577;182.99559999999997;154.1029;192.51319999999998;120.362;132.9721;110.99519999999998;94.7634;124.92510000000001;82.9881;109.12830000000001;117.4018;127.64099999999999;85.02839999999999;63.4701;60.30160000000002;54.967000000000006;52.9611;65.3895;48.8078;50.37620000000001;53.41930000000001;51.154399999999995;50.60609999999999;47.3398;45.123300000000015;49.513500000000015;54.394400000000005;42.819900000000004;54.78970000000002;54.069599999999994;50.817;50.163900000000005;48.5789;50.9931;54.46459999999999;40.59789999999999;56.209;62.397999999999996;50.2529;62.40809999999999;52.01069999999999;66.54010000000001;61.151900000000005;65.22090000000001;75.12310000000002;98.77289999999998;74.11019999999996;79.66449999999999;63.63230000000001;66.34110000000003;97.64329999999998;79.7554;97.51540000000003;89.14720000000001;111.1136;99.25399999999999;96.8729;76.5241;116.83459999999998;82.7146;143.54240000000001;76.60729999999997;79.75159999999998;121.59889999999999;122.96629999999999;111.0282;112.8587;138.06239999999997;112.8125;107.64559999999997;62.0683;118.8903;127.25159999999998;78.0284;136.8727;134.4394;101.4723;153.337;112.2363;119.3743;108.09439999999998;136.9576;96.85689999999997;104.93680000000002;86.4319;83.52859999999998;61.42340000000001;81.4214;90.00330000000001;58.4239;60.68730000000001;55.37050000000001;51.159900000000015;51.206700000000005;48.035900000000005;52.939899999999994
2088,50,81.34085500000003,50.05180000000002,79.39299999999997,79.39299999999997,79.39299999999997,63.73819999999999,38.4612,39.8612,41.7126,40.1166,50.914199999999994,94.65230000000001,67.60000000000001,70.86510000000001,53.94720000000001,76.63569999999999,48.416100000000014,100.26969999999997,83.33629999999998,88.34699999999998,54.51140000000001,50.05180000000002;41.6707;39.470800000000004;41.3211;50.755300000000005;46.387699999999995;49.70469999999999;46.79580000000001;56.00850000000001;51.261300000000006;46.77770000000001;51.69160000000001;56.65350000000001;64.35079999999999;60.4081;52.2188;64.45370000000001;56.50800000000001;63.74630000000001;69.7915;62.166799999999995;58.272400000000005;100.72720000000001;66.2056;65.2629;72.0642;98.69699999999999;91.5196;101.1359;79.39299999999997;110.0877;98.41690000000001;80.33649999999997;179.4122;148.5598;97.56049999999999;125.78249999999997;113.17200000000001;152.99769999999998;109.74059999999997;154.36729999999997;158.6125;102.43650000000002;154.05280000000002;103.3555;147.57450000000003;97.59090000000002;86.76929999999999;173.75570000000005;143.0994;168.10040000000004;157.45960000000002;151.1547;134.07179999999997;113.92599999999999;105.59530000000001;102.98559999999999;166.1644;100.53030000000001;117.736;130.7103;59.10659999999999;63.8451;73.12830000000001;63.73819999999999;48.394300000000015;49.49220000000002;58.420400000000015;53.87780000000001;47.1912;50.21000000000001;48.86870000000001;46.295600000000015;51.3898;49.703700000000005;60.86730000000001;61.463300000000004;48.433800000000005;50.2491;68.912;48.184700000000014;67.63150000000002;48.382400000000004;47.1979;60.26409999999999;73.83529999999999;64.97950000000002;48.99249999999999;56.097899999999996;55.78420000000001;60.08270000000001;59.74330000000001;54.9156;57.382299999999994;55.601400000000005;71.4513;93.80179999999999;68.34760000000003;76.9297;69.3049
2088,60,78.00418499999999,53.08070000000001,83.24859999999997,83.24859999999997,83.24859999999997,94.8198,36.63720000000001,43.716899999999995,47.74079999999999,42.808899999999994,37.6482,87.9778,84.62769999999998,68.65440000000001,77.2975,65.5832,63.681500000000014,65.66480000000001,88.3951,91.7473,44.92400000000001,53.08070000000001;74.30069999999999;80.19239999999999;52.19040000000001;77.59140000000001;60.7737;72.73260000000002;78.6304;83.20979999999997;82.10369999999998;108.9054;85.44800000000002;86.99069999999999;87.55069999999998;87.71289999999996;92.59730000000002;83.42529999999998;102.16119999999998;107.90909999999998;89.51209999999998;84.30989999999998;114.2379;107.62459999999997;90.50000000000001;93.6723;108.36489999999999;93.1629;89.2114;111.27069999999999;83.24859999999997;91.83769999999998;79.53020000000001;89.6462;106.13049999999997;94.33569999999999;71.56700000000001;103.1247;104.31439999999999;90.19999999999999;116.59939999999999;97.79249999999999;83.05309999999999;79.3948;54.61720000000001;38.59360000000001;46.291900000000005;105.11049999999997;43.6836;54.719300000000004;65.9094;67.9557;64.10460000000003;62.757300000000015;63.47520000000001;61.4116;62.06370000000002;63.87570000000001;66.3822;66.52960000000002;73.57459999999999;67.15310000000001;60.2017;67.27130000000001;91.88639999999998;94.8198;71.27790000000002;103.99119999999999;72.3356;47.776;61.24620000000001;44.9552;63.946300000000015;48.186900000000016;54.407000000000004;51.6329;61.27410000000001;58.58909999999999;75.14559999999999;63.01330000000001;46.38659999999999;85.7178;56.958100000000016;84.04770000000002;85.3769;71.5262;111.14539999999997;81.24249999999999;115.3616;68.4068;87.58380000000002;57.2128;118.2056;68.1041;54.547999999999995;73.65630000000003;66.96940000000001;50.214500000000015;90.5376;93.50519999999999;83.3984
2088,70,94.00650999999999,89.52819999999997,98.44059999999999,98.44059999999999,98.44059999999999,79.92930000000001,46.709799999999994,45.011900000000004,45.81479999999999,46.43810000000001,43.9644,96.98819999999998,68.96610000000001,90.12829999999997,67.16120000000001,83.59029999999997,86.86979999999998,82.6744,102.77349999999998,78.58170000000001,67.50400000000002,89.52819999999997;113.36749999999999;111.0571;87.79220000000001;95.38949999999996;81.93789999999998;93.5477;62.42170000000001;84.24629999999998;106.9756;107.8202;95.8424;84.02439999999999;79.44509999999998;65.22610000000002;73.79489999999998;127.4674;113.4241;114.87749999999998;128.43679999999998;106.44810000000001;109.10399999999998;96.51329999999997;85.31799999999998;108.86350000000002;127.01389999999999;122.6676;113.16940000000002;129.47939999999997;98.44059999999999;112.8624;95.94279999999999;136.7902;108.1588;77.4309;118.84089999999999;150.5009;119.7858;98.65390000000001;132.353;143.6617;117.26249999999999;139.98930000000001;120.34250000000002;146.42929999999998;105.85239999999996;160.48850000000002;156.89260000000002;156.97670000000002;106.1365;136.48779999999996;99.40029999999996;97.05279999999999;152.2739;124.61189999999999;105.2993;109.96879999999999;95.57719999999999;157.44360000000003;90.75189999999999;128.5229;112.36789999999999;135.52779999999998;149.219;79.92930000000001;91.06179999999998;64.93830000000001;66.3702;77.15279999999997;126.2962;60.7218;73.28260000000002;64.6992;55.1739;57.98610000000001;70.51520000000002;53.99560000000002;51.0743;63.865000000000016;62.09790000000002;77.9382;46.4526;87.21859999999998;67.2509;53.418200000000006;41.502100000000006;51.63920000000001;46.92479999999999;48.914500000000004;56.884800000000006;42.094599999999986;47.458299999999994;57.8466;50.6196;42.611999999999995;52.6353;53.70760000000002;54.435600000000015;43.553500000000014;44.886700000000005
2088,80,83.67756899999999,66.9984,83.8646,83.8646,83.8646,94.34749999999998,37.0045,41.07149999999999,38.17269999999999,39.8674,39.94669999999999,70.73010000000001,66.12190000000001,62.886100000000006,62.68920000000001,62.791900000000005,59.096300000000014,104.4487,93.02799999999999,107.2683,45.4735,66.9984;51.6036;63.8437;55.348600000000005;56.5145;59.6706;95.5065;62.96779999999999;104.14969999999998;68.6027;98.06190000000001;83.67239999999997;88.5368;71.72189999999998;69.8161;97.8707;108.2283;80.34689999999998;54.014399999999995;101.655;94.54539999999999;101.4874;83.96020000000001;64.5811;89.31479999999999;89.15;100.3564;67.61649999999999;72.8422;83.8646;98.50320000000002;71.0938;95.60379999999996;86.46289999999998;83.42920000000001;119.5361;63.6958;97.1381;115.7537;123.16129999999998;153.30689999999996;85.28849999999998;95.4764;77.3437;103.06259999999999;136.05769999999998;175.45170000000002;164.3106;122.59039999999999;88.88529999999997;86.93779999999998;117.09479999999994;171.7581;164.31979999999996;106.1217;93.15629999999999;101.04009999999998;84.2534;95.36960000000002;93.50510000000001;125.5134;92.3467;134.9403;114.744;94.34749999999998;77.2733;60.240500000000004;36.5648;36.137;47.883799999999994;34.15619999999999;41.58730000000001;40.109600000000015;42.5831;43.32950000000002;45.04720000000001;41.6294;41.108999999999995;39.84900000000001;45.895100000000006;42.240100000000005;39.174200000000006;60.5389;55.72959999999999;54.97270000000002;72.8836;77.5589;81.3141;64.6924;76.9828;94.3252;124.4493;67.20060000000001;94.8336;83.89520000000002;69.3333;62.59119999999999;63.319000000000024;81.18559999999998;108.6924
2088,90,88.35714000000003,89.61919999999998,157.06369999999995,157.06369999999995,157.06369999999995,67.4324,47.29450000000001,39.170700000000004,39.3731,38.893,39.19939999999998,54.50279999999999,55.86710000000001,47.8567,51.86650000000003,54.0143,45.08100000000001,84.26039999999998,90.87949999999998,57.2366,67.1402,89.61919999999998;100.2443;81.28479999999999;79.91749999999999;101.83389999999999;78.4399;107.8773;111.9913;95.89319999999998;101.2624;138.56539999999998;121.92720000000001;135.0811;120.51239999999999;68.80400000000002;108.2165;106.95519999999999;101.59570000000001;113.6639;113.02679999999998;107.14410000000001;127.1467;104.17519999999999;92.34959999999997;106.7553;120.33559999999997;83.8748;126.2178;147.2502;157.06369999999995;94.19319999999999;89.088;85.80169999999998;100.8594;104.97359999999999;94.34019999999998;92.61290000000001;91.99579999999997;104.67940000000002;105.94259999999997;86.74969999999998;117.38169999999998;53.035000000000004;41.3474;33.6926;32.1607;36.65389999999999;37.5379;33.5956;38.615700000000004;37.298199999999994;38.9144;44.8702;37.9885;54.04329999999999;41.3904;75.3517;68.88680000000001;63.450300000000006;54.7069;49.37740000000001;70.6148;50.81850000000002;63.05090000000001;67.4324;77.82019999999999;76.62570000000001;70.81920000000001;96.67109999999997;69.79320000000001;108.81830000000001;79.82979999999998;81.28389999999999;132.5926;91.23;78.9445;96.28559999999999;83.1615;85.6074;76.31359999999998;92.07920000000001;107.1144;95.7418;102.53059999999999;81.8679;90.33059999999999;109.0124;115.3178;63.876099999999994;59.73660000000001;74.0983;124.767;116.01850000000002;141.67150000000004;97.5601;66.0975;123.75879999999998;103.40479999999995;112.44179999999999;110.01500000000001
2088,100,66.14377899999998,96.30809999999997,50.139800000000015,50.139800000000015,50.139800000000015,92.7773,35.408300000000004,35.6031,37.0126,36.03650000000001,37.89329999999999,53.56779999999999,68.76989999999999,50.61870000000002,53.1124,62.76750000000001,45.643000000000015,88.23869999999998,113.26259999999996,92.67280000000001,48.259100000000004,96.30809999999997;69.26369999999999;96.18740000000001;103.6994;71.9547;137.8265;100.40180000000001;146.4971;80.7443;37.4486;112.66449999999999;39.6202;36.8135;35.6926;64.4502;34.7145;39.31420000000002;41.23459999999999;36.3062;61.51920000000001;37.3147;56.7683;44.8002;45.89860000000001;50.3963;55.721199999999996;72.09979999999999;44.888799999999996;60.7183;50.139800000000015;52.3578;41.16020000000001;72.21349999999997;45.71310000000001;42.989000000000004;46.37230000000001;55.719300000000004;43.783500000000004;51.72789999999999;75.77239999999999;56.2614;80.40659999999998;75.56389999999999;49.43450000000001;54.47319999999999;76.43039999999996;64.1198;66.7474;99.92699999999999;52.43060000000001;68.7656;101.85470000000001;89.47590000000002;96.14189999999995;63.6919;98.79860000000001;95.65430000000002;55.52069999999999;66.0843;99.63690000000001;104.01389999999998;88.19720000000001;123.43069999999997;61.21440000000001;92.7773;87.90349999999998;119.58680000000001;86.67229999999998;79.90769999999998;115.40519999999998;79.9008;99.67149999999998;124.1156;102.26889999999997;67.4224;79.00480000000002;61.507200000000005;68.59039999999999;70.93780000000001;71.71200000000002;45.643600000000006;43.697399999999995;45.0071;35.7243;38.4057;36.74379999999999;42.55210000000001;37.567800000000005;38.884;38.002300000000005;38.9324;36.05499999999999;36.4517;44.889300000000006;40.4806;41.285399999999996;40.778700000000015;47.780400000000014;55.67680000000002;44.94320000000002
2088,latest,117.61063099999997,80.74960000000002,116.93479999999995,116.93479999999995,116.93479999999995,98.1125,117.48389999999999,92.75439999999999,132.63900000000004,150.60289999999995,92.98120000000003,137.90049999999997,117.22239999999998,144.35059999999996,112.63379999999998,99.38399999999996,65.9493,82.71940000000001,80.63980000000001,89.58569999999999,123.0827,80.74960000000002;87.94119999999998;97.9232;70.8292;78.37409999999997;75.43179999999997;86.6706;88.3626;98.1137;107.6374;112.70649999999998;101.5413;94.21749999999997;98.15160000000003;75.5409;95.45779999999999;105.60489999999999;82.99220000000001;103.11730000000001;96.2158;87.8316;69.58760000000001;103.43679999999998;109.85469999999998;90.13699999999999;92.60119999999998;134.24980000000002;125.42869999999999;116.0805;116.93479999999995;93.9461;76.74820000000003;123.19350000000001;147.50240000000002;109.9198;96.42639999999997;124.80189999999996;97.07359999999994;89.41900000000001;106.48809999999999;110.1243;126.76849999999996;160.51049999999995;163.1693;163.06199999999998;117.46940000000001;138.19449999999998;170.84910000000002;141.6732;118.56640000000002;106.567;98.11340000000001;122.89119999999998;139.56629999999998;149.0759;135.3613;136.6871;142.1716;146.5184;174.74130000000005;125.43839999999997;154.8272000000001;124.4294;91.6624;98.1125;102.22389999999999;132.7703;111.0821;106.57679999999999;135.3585;113.32629999999999;134.3054;151.31679999999997;134.8799;140.3198;115.21740000000001;126.04160000000002;147.58339999999998;96.87169999999998;149.01850000000005;143.58120000000002;148.2409;124.28909999999999;171.39450000000002;148.33780000000002;107.77669999999996;157.83340000000004;128.60519999999997;154.0273;101.66539999999998;116.59260000000002;128.4179;175.58610000000002;86.89069999999997;91.532;103.3664;132.7804;110.15299999999998;86.9215;140.3871
3320,0,1215.5617590000008,1213.8271,1213.8271,1222.4616,1211.4379999999999,1204.8155000000002,NA,NA,NA,NA,NA,1215.0877,1214.7254000000003,1210.4358,1211.624,1217.5599,NA,NA,NA,NA,1221.3278999999998,1212.6215;1217.0251;1211.0809000000002;1216.2046;1205.4771;1224.3762000000002;1214.9211;1211.6636;1213.8271;1221.2204;1213.7017;1221.0415;1207.2417999999998;1215.4861;1215.2441999999999;1211.3136;1225.7423;1222.3348;1221.6276;1212.7592000000002;1215.7447;1210.7199;1214.0981;1217.2546;1219.9474;1207.1872;1212.5175;1210.4831;1221.8038000000001;1224.4911000000002;1219.9928999999997;1212.2597;1216.9302000000002;1209.6137;1214.1828;1216.4239;1221.9809;1230.3102;1212.3502;1213.0749;1216.2375000000002;1222.9877000000001;1213.4043;1209.4486000000002;1217.8358;1204.8155000000002;1215.3845;1214.8054;1227.1862;1220.5048000000002;1229.9548;1210.5232999999998;1215.5674;1218.7372;1222.9313000000002;1216.9136999999998;1213.0461;1217.5537;1213.1933;1209.2926000000002;1213.2891;1221.7926;1208.2651999999998;1205.5012;1210.8444;1215.3224;1214.6183999999998;1212.8442000000002;1211.6385;1210.5785;1214.0029;1222.4616;1223.6085;1217.0043;1207.5497;1214.4654;1216.0920999999998;1210.8664999999999;1211.6697;1215.6834;1214.8806000000002;1216.5048000000002;1211.9361;1224.5339999999999;1214.9355;1216.7631000000001;1211.4948;1219.9664000000002;1207.625;1223.3689000000002;1225.0592000000001;1215.6890000000003;1220.3096;1210.4557;1213.5180999999998;1211.4379999999999;1213.6173000000001;1213.4789999999998;1215.998;1209.9033
3320,10,1127.859268,1123.604,1123.604,1144.5146,1126.8025000000002,1110.4368,NA,NA,NA,NA,NA,1125.2187,1134.4482,1127.4033,1117.4618999999998,1134.299,NA,NA,NA,NA,1127.192,1127.015;1128.6193;1130.4602000000002;1124.7961;1123.3804;1133.5861;1120.3702;1118.7619;1123.604;1119.0328;1126.3847999999998;1126.5685;1138.3938;1123.8568;1130.1718999999998;1139.7497999999998;1127.9391;1129.4266000000002;1120.2993999999999;1115.0536;1118.5274;1122.4597;1137.7721000000001;1120.5757;1124.5324;1119.0513;1121.4467;1125.2739;1135.1502;1122.5412000000001;1119.3388999999997;1121.3277;1120.5064;1119.2494000000002;1128.1494;1146.6136999999999;1116.4112;1130.9954000000002;1121.2104;1131.5081;1178.5317;1163.6658;1123.8986;1126.8479;1131.2915999999998;1110.4368;1119.7275;1122.3037;1125.2532999999999;1139.3115;1126.9519;1129.4858;1131.3082;1133.1666;1118.6149;1120.6467;1137.9706999999999;1132.415;1119.2731;1118.7613000000001;1114.4535999999998;1133.8237;1113.4858;1134.342;1127.7999;1122.5658;1134.3134;1128.8793;1126.7869;1121.9314;1123.1816;1144.5146;1138.3759;1130.6046999999999;1118.7666;1132.1028999999999;1104.4722000000002;1126.4032;1124.964;1220.9304;1121.5737;1123.2767000000001;1124.9254;1123.1059;1121.3361000000002;1126.3353000000002;1118.6947;1133.4836;1130.0487;1135.3762;1123.8122;1131.5375;1127.3102999999999;1126.8766;1128.2535;1126.8025000000002;1133.216;1119.4231000000002;1129.9002;1117.9666
3320,20,1101.9838200000004,1097.793,1097.793,1096.4326,1115.9038,1098.3746,NA,NA,NA,NA,NA,1099.2144999999998,1075.4622,1066.7383,1101.0756,1118.2101,NA,NA,NA,NA,1111.4269,1121.6309999999999;1118.1059;1094.5493999999999;1078.3968;1084.1913;1095.3982;1091.5687;1084.2914999999998;1097.793;1082.453;1124.3457;1107.6048;1117.9785;1090.2413999999999;1097.8943;1075.4669;1090.0459;1076.1812;1104.5286999999998;1139.0040000000001;1078.6487;1093.5497;1097.3717000000001;1094.5668;1125.5787000000003;1088.3473999999999;1097.0901999999999;1112.8881999999999;1124.5063;1101.1601;1111.3774;1106.0054;1105.2966999999999;1088.3739;1076.6654999999998;1073.5605;1099.039;1083.6885;1110.2298;1094.2344;1119.2130000000002;1106.0747;1081.1845;1123.4473;1084.5249999999999;1098.3746;1096.0779;1121.0726;1095.9454;1066.3611;1110.9386;1085.9603;1108.4745;1118.4285;1108.8734;1108.4287;1113.2267;1122.4697;1089.7181999999998;1106.8631;1124.8500999999999;1091.6495;1097.9357;1091.6828;1101.705;1113.695;1107.4654999999998;1083.7878;1103.6516;1101.3736;1091.7078999999999;1096.4326;1095.1441;1098.8378;1101.3362;1098.7204000000002;1091.3894;1119.0448000000001;1116.2638;1155.6128;1103.5397;1096.9036;1096.071;1106.7704;1118.9993;1107.0634;1086.8246000000001;1107.8200000000002;1063.7258000000002;1074.0533;1113.778;1084.3207;1096.6185;1115.9479000000001;1101.1370000000002;1115.9038;1082.3705999999997;1097.4163999999998;1196.3877;1150.937
3320,30,1125.3679569999997,1093.7451,1093.7451,1131.6245000000001,1134.6903000000002,1109.9769000000001,NA,NA,NA,NA,NA,1104.7988,1137.4289,1130.5666999999999,1119.3555000000001,1136.1061,NA,NA,NA,NA,1127.5106999999998,1134.5477;1180.5574;1156.0466999999999;1128.1586;1116.7309;1134.658;1138.9141;1099.1571999999999;1093.7451;1132.0873000000001;1133.8888;1104.0176999999999;1108.9749;1127.8364;1130.8683999999998;1109.7217;1115.5277;1127.6364;1137.806;1111.7703999999999;1122.6800000000003;1123.8493;1134.3222;1115.4656;1125.5125;1144.3296;1140.8024;1121.1932;1136.6466;1103.9174;1138.2404;1098.3467;1143.3181;1093.3111;1143.7004;1126.0545;1127.4566;1108.4565;1118.4238;1143.9222;1114.316;1127.596;1113.419;1104.8809;1091.0836;1109.9769000000001;1125.4660999999999;1117.8876;1125.7213000000002;1099.7078999999999;1106.2258;1122.6677;1136.6916;1147.2482;1130.0832999999998;1091.1254000000001;1147.7862999999998;1138.0576999999998;1121.2011;1142.8492999999999;1098.9087;1144.5295;1141.2662999999998;1112.7627;1123.1984;1104.3975999999998;1146.4292;1094.1136999999999;1123.3661000000002;1153.7741999999998;1115.1642000000002;1131.6245000000001;1111.6880999999998;1110.3973;1137.243;1111.4753;1107.2451999999998;1118.9423;1092.2829;1147.5293000000001;1161.1843000000001;1143.5306;1130.2328;1145.6127000000001;1130.8918;1138.2386999999999;1119.9084;1137.7944;1133.9764;1107.3184999999999;1140.1271000000002;1118.0711999999999;1143.3953999999999;1149.9317;1102.3691;1134.6903000000002;1119.8744000000002;1131.7266;1139.3374000000001;1135.6532
3320,40,1602.5531030000004,1606.858,1606.858,1598.1655,1611.1026,1586.5178999999998,NA,NA,NA,NA,NA,1607.6076,1602.1716999999999,1597.9115,1598.3834000000002,1597.1318,NA,NA,NA,NA,1612.9246,1615.625;1608.3215;1572.4468000000002;1594.5103;1587.1656;1611.7713;1621.7435999999998;1593.181;1606.858;1607.2709;1599.3230999999998;1589.2794;1607.7512;1612.4146999999998;1615.1662000000001;1610.8244;1616.4384;1601.8777;1613.0415000000003;1604.9751;1608.0407;1588.8128000000002;1582.9029;1611.8891999999998;1593.5506999999998;1603.2812;1616.1774;1604.0011000000002;1612.4769;1603.455;1605.0184;1606.0681;1572.4438999999998;1600.4986;1604.3721;1587.7187;1602.3818999999999;1583.8219;1614.8189000000002;1608.4129000000003;1579.1930000000002;1601.4148;1588.5786;1578.8471;1591.0726;1586.5178999999998;1614.0825;1598.8578;1612.83;1579.7961;1606.2657000000002;1588.4008999999999;1598.7042000000001;1613.1088;1613.5999000000002;1630.7554999999998;1592.7640000000001;1590.6963999999998;1593.1780999999999;1573.3238000000001;1582.8429999999998;1583.9975;1597.2037;1600.8884;1605.6289;1592.3111999999999;1602.7654;1605.1420000000003;1596.8845;1592.5584;1602.2462;1598.1655;1607.6041;1609.4422;1593.8199000000002;1585.9788;1615.1556;1605.7502;1578.1014;1664.4115;1773.8276999999998;1598.3802;1609.6495;1596.133;1597.274;1588.6493;1587.6298000000002;1609.1299;1606.0411;1575.6902000000002;1606.649;1614.2287000000001;1591.5474;1587.025;1604.8942;1611.1026;1610.1812;1613.9841999999999;1604.9718;1615.3064000000002
3320,50,1674.715343,1692.1471999999999,1692.1471999999999,1661.413,1674.9317,1691.3908000000001,NA,NA,NA,NA,NA,1645.5003000000002,1692.614,1667.2015000000001,1681.3629,1665.3649,NA,NA,NA,NA,1687.1825,1696.6970000000001;1698.3138;1673.6712000000002;1688.3018;1679.7824;1654.6644000000001;1677.7838;1681.9529;1692.1471999999999;1679.3626;1678.8464;1669.3375;1665.9735;1680.726;1673.3999;1671.7772;1665.4461000000001;1669.8318;1668.0064;1671.256;1671.924;1677.8323999999998;1652.8027;1690.3847;1676.2775000000001;1683.3746;1673.7971;1683.5468999999998;1682.8127999999997;1676.8870000000002;1677.5873000000001;1684.6897;1661.1700999999998;1669.3409000000001;1667.6109000000001;1677.0653;1665.9736999999998;1676.4261999999999;1679.0864000000001;1686.1606;1684.3799000000001;1665.1347;1657.8715000000002;1680.2192;1652.8992999999998;1691.3908000000001;1669.6187;1678.0565000000001;1691.5803;1645.6435999999999;1657.1379000000002;1647.7048;1677.5855000000001;1666.6662000000001;1693.4384;1689.955;1674.9739;1674.2695;1657.193;1642.5343;1672.3374000000001;1649.3025;1641.6486;1674.1671999999999;1665.1509999999998;1675.6802000000002;1680.9968999999999;1673.7995;1710.0161;1738.0656;1669.4356;1661.413;1677.5193;1670.2393;1669.801;1682.5614999999998;1662.7134999999998;1668.4524000000001;1665.1398;1689.0943;1670.9901;1687.7868999999998;1677.3719;1684.3239;1671.9573;1647.7526;1672.1404;1672.4705;1649.4211999999998;1663.8907;1679.4609;1701.2638;1650.8822;1689.0594999999998;1692.5483;1674.9317;1668.7115999999999;1689.7313;1685.7530000000002;1693.2700999999997
3320,60,1683.2934420000008,1694.6044,1694.6044,1657.1797000000001,1677.9417,1695.6556,NA,NA,NA,NA,NA,1678.0394,1681.5296000000003,1672.0789,1647.129,1681.3220000000001,NA,NA,NA,NA,1691.7147999999997,1666.8652;1666.1294000000003;1684.1606000000002;1674.1626;1686.2493;1674.6208000000001;1663.1165999999998;1683.6444999999999;1694.6044;1677.7391000000002;1681.996;1689.3308;1662.5542999999998;1678.5517;1667.3402;1685.0093;1694.6081;1684.8454000000002;1692.8910999999998;1670.4149;1684.0059999999999;1686.2997;1672.1777;1697.2395999999999;1703.2483000000002;1681.0075000000002;1686.0780999999997;1692.4561;1683.0610000000001;1673.4937;1689.9181;1680.2518;1688.2295;1756.4068;1703.103;1684.0724;1706.6432;1696.1764;1675.671;1676.0483;1692.8314999999998;1692.1206;1689.0909000000001;1697.4958000000001;1692.8302;1695.6556;1675.3559;1669.1153;1690.9858;1683.9092999999998;1691.3231999999998;1673.1376;1681.5738999999999;1700.2905;1695.1957000000002;1671.2232;1711.792;1681.7084999999997;1663.936;1661.7932;1697.8865;1694.7476;1669.3064;1688.3854000000001;1673.4263;1690.1553999999999;1691.5794;1665.6362;1670.2545;1668.3414000000002;1652.2567;1657.1797000000001;1691.613;1680.9362;1672.4690999999998;1661.926;1697.6857;1690.6284999999998;1665.8187;1706.4909;1673.0674999999999;1672.5713999999998;1678.893;1670.0347000000002;1684.4764;1694.8867;1660.4597;1680.2077;1680.9645;1685.7195;1687.3126;1685.2727999999997;1690.7746;1677.4222;1685.9328999999998;1677.9417;1678.4378;1691.7979999999998;1693.7177000000001;1686.942
3320,70,1685.9967080000001,1824.0897,1824.0897,1700.3059000000003,1693.7169,1679.8115000000003,NA,NA,NA,NA,NA,1667.9793,1660.7096000000001,1684.7869,1678.0747999999999,1694.6124,NA,NA,NA,NA,1671.7132,1662.7377999999999;1641.8973999999998;1684.5247;1679.8555999999999;1685.6345000000001;1683.4791999999998;1672.0561;1672.8120000000001;1824.0897;1750.4054;1697.4775999999997;1685.5276;1685.217;1685.8885;1675.4312;1640.4649;1675.6336000000001;1670.2555;1692.8623000000002;1686.8037;1691.6089000000002;1672.3712;1668.7999;1685.1230999999998;1683.5741;1670.9086000000002;1694.8982;1678.4365000000003;1681.7282;1671.603;1691.8963;1679.5774000000001;1665.995;1685.1182999999999;1689.2498999999998;1679.6996;1674.2006000000001;1669.5739;1656.8687;1694.777;1681.2964000000002;1693.2561;1687.091;1667.1194;1693.9209999999998;1679.8115000000003;1680.9174999999998;1652.1647;1697.4751;1666.6768;1677.0213;1678.3941;1694.0807999999997;1673.2332000000001;1683.102;1671.9836;1684.1179000000002;1672.0037;1692.9733;1684.0812999999998;1683.7665000000002;1676.6817;1691.5776;1687.4482;1661.7247000000002;1697.405;1672.2044;1684.0279;1677.1295;1661.7433;1672.1016;1700.3059000000003;1851.3908000000001;1679.6990999999998;1691.6897;1680.1224000000002;1685.5986;1697.7294;1756.524;1697.9809999999998;1694.4485;1690.9667000000002;1689.7658000000001;1701.8062;1681.0265;1681.3379000000002;1679.6999;1699.3509000000001;1694.6714000000002;1681.061;1702.6362;1668.7117000000003;1688.3315000000002;1683.1998;1668.3568;1693.7169;1672.5138000000002;1690.7466;1688.4418;1692.2462
3320,80,1645.8151390000007,1643.5792999999999,1643.5792999999999,1621.9235,1656.3757,1661.5331,NA,NA,NA,NA,NA,1645.8605,1663.704,1630.7363,1639.0738999999999,1628.9490999999998,NA,NA,NA,NA,1647.9377,1662.325;1637.1401999999998;1657.4173;1658.5349;1647.5254999999997;1669.2785;1631.5014999999999;1625.5871;1643.5792999999999;1631.7458000000001;1655.1379000000002;1633.874;1653.666;1645.7674;1637.8443000000002;1614.3138000000001;1625.3521999999998;1623.0894;1655.5429;1665.252;1620.8099;1638.1693;1640.1475;1657.306;1657.0016999999998;1661.0594;1657.0547;1661.6319000000003;1665.0994;1649.049;1651.9044;1662.5529000000001;1635.3878;1652.1475;1641.0236000000002;1620.1381000000001;1653.1885;1642.2571000000003;1632.0612;1660.7293000000002;1646.9217999999998;1656.5834999999997;1626.6492;1639.3296999999998;1648.9135999999999;1661.5331;1645.5423999999998;1638.3512;1628.7667999999999;1647.3374;1651.0674;1653.9186;1655.1318;1655.722;1650.6891;1645.4691;1655.4976;1642.3319999999999;1655.1731;1645.0038;1644.0706;1656.0123;1655.3915000000002;1623.6961999999999;1651.9837;1658.5275000000001;1660.0398;1656.8953999999999;1650.9107000000001;1650.2481;1636.1028000000001;1621.9235;1649.8989000000001;1619.9103;1658.8735000000001;1637.796;1613.8935999999999;1643.5248000000001;1634.2974;1664.5907;1639.4699999999998;1651.3028;1619.8238;1652.2284;1639.8997;1663.4736;1632.0956999999999;1634.2251;1642.7507;1618.8968;1659.5031;1649.4224;1651.4146;1645.1104;1648.2392;1656.3757;1659.6244000000002;1655.3573000000001;1645.5406;1645.0449
3320,90,1684.1443389999995,1689.4818,1689.4818,1675.1257999999998,1681.8458,1685.0800000000002,NA,NA,NA,NA,NA,1664.3979,1693.5031,1676.5906,1677.708,1691.3621000000003,NA,NA,NA,NA,1646.6504,1676.4003000000002;1687.0721;1676.3506000000002;1682.4862000000003;1686.6794;1682.9897999999998;1682.2293999999997;1684.2222000000002;1689.4818;1677.7296000000001;1656.0032999999999;1683.3464999999999;1675.1895;1688.0092;1674.1968;1676.4591999999998;1679.3717;1701.104;1686.2064;1675.509;1671.3422;1679.7253;1686.9293000000002;1696.1208000000001;1674.4899;1681.3183000000001;1690.4617;1675.5227;1692.2948999999999;1692.4116000000001;1689.8564;1680.7391;1653.8267;1689.0101999999997;1680.8237;1674.2771;1687.0411;1688.8071;1660.4499;1690.9171;1667.5120000000002;1653.0591;1679.1725000000001;1675.2691;1662.6296;1685.0800000000002;1682.2835999999998;1677.8763999999999;1690.4982;1664.6065999999998;1689.2637;1698.4591;1695.2698;1682.9577;1678.3517000000002;1693.4396000000002;1690.1426000000001;1773.799;1673.8215;1680.8010000000002;1664.6883;1687.7397;1698.3287;1699.045;1776.1632;1769.2518;1672.5741;1682.8584999999998;1675.8726000000001;1677.2113000000002;1673.3103;1675.1257999999998;1676.2657;1681.9894;1692.9968;1692.3911;1681.0417;1683.5921;1682.4272;1683.3309;1683.4294;1664.9399;1694.0305;1675.8411;1665.125;1690.6088;1692.9524000000001;1679.1704;1677.3141;1682.1832;1689.7609;1661.2963;1683.5049;1697.4216999999999;1690.9144999999999;1681.8458;1689.3609;1688.6857;1665.1036;1683.0457
3320,100,1931.8993899999998,2171.7752,2171.7752,1920.7159000000001,1891.6772999999998,1952.8271000000002,NA,NA,NA,NA,NA,1921.3964999999998,1936.6603,1918.2327000000002,1926.4533999999999,1904.2925999999998,NA,NA,NA,NA,1925.3640999999998,1902.9274999999998;1927.5743;1913.2428;1918.1049;1928.2289;1938.8288000000002;1910.1351000000002;1922.9517;2171.7752;2217.3569;1939.0966;1915.8753;1908.3222;1895.3057000000001;1928.0031999999999;1884.7038;1941.7401999999997;1932.6804;1941.4709;1940.1127;1914.5408;1934.7924000000003;1931.1039;1929.0700000000002;1925.9723999999999;1930.9323;1932.5775;1940.7194;1917.6514000000002;1901.7024000000001;1932.5136999999997;1927.3587;1914.0118;1946.4109;1939.3860999999997;1931.9159999999997;1943.5805999999998;1915.0697;1927.6039;1910.7136999999998;1930.4757;1920.5445;1933.7875;1948.8984;1919.9433;1952.8271000000002;1916.3881999999999;1924.5442999999998;2023.7977;1955.1792;1905.8235;1922.9863999999998;1935.1509;1925.6538;1922.9932;1942.4090999999999;1918.9529999999997;1927.7880000000002;1913.0184;1911.5279;1924.4054;1929.9693000000002;1935.1516000000001;1932.7416;1902.2994;1909.1533;1932.1344;2043.1260999999997;1919.7044999999998;1935.1834;1909.4301;1920.7159000000001;1923.5919000000001;1924.8921999999998;1925.602;1924.2585999999997;1899.4409999999998;1926.1936;1921.2564;1912.0884999999998;1912.5182;1908.3282;1936.1905000000002;1924.8001;1921.6657;1920.5815;1915.7057;1905.5979;1901.9936000000002;1922.1177000000002;1925.0826000000002;1935.9814999999999;1915.2729;1993.8166999999999;1933.6727999999998;1891.6772999999998;1916.5793;1928.7923999999998;1930.2939000000001;1919.1765
3323,0,573.5710589999997,556.9865,568.0518000000001,582.8021000000001,581.3783000000001,552.1613,NA,NA,NA,NA,NA,571.6103999999999,592.6897,575.8286,570.8610000000001,570.8937,578.7726,NA,NA,NA,590.0692,566.4833;580.2783;574.0561;560.8207;557.0714;561.7285;587.6417999999999;575.1565;573.3688999999999;564.0027;573.8546;567.8200999999999;567.5292000000001;564.2386;564.4069999999999;569.214;564.5245;575.7802;568.0345;574.4266999999999;569.8797999999999;576.5119;581.8059000000001;556.9865;579.1542999999999;578.6032;581.0616;579.2339;591.4961;569.4605999999999;603.7692000000001;568.0518000000001;573.1764000000001;578.6197999999999;563.9185;574.4677999999999;588.6573;588.761;596.1569999999999;567.1433;578.2235000000001;569.4087;561.5699;590.8179;573.8057000000001;571.8040000000001;566.5301;571.2875000000001;562.6182999999999;583.1648;566.829;581.7518;568.2400000000001;580.9018;552.1613;578.3517;563.0933;577.9778;579.0599;580.3048000000001;582.1974;579.7525;566.1231;574.7614;576.1574;565.3915;580.8456;561.502;582.8021000000001;571.0461;560.098;579.465;578.9803000000002;588.1487999999999;587.3799;563.0873;561.0743;591.2949;583.6786;568.6939;568.289;567.3738000000001;568.1361999999999;575.5946;557.0493;571.7553;571.6469999999999;579.7931000000001;584.1989000000001;565.3949;570.9431000000001;560.168;573.6175000000001;573.3628;581.3783000000001;574.7129;567.2012;576.4507000000001;574.2505;578.0534
3323,10,533.97155,532.1159,525.2638,541.0684000000001,544.3599,538.5641,NA,NA,NA,NA,NA,535.3789,546.4918,541.0819,530.8302,531.8571,531.0381,NA,NA,NA,552.6128000000001,530.6202;537.0944999999999;526.4065;520.0681;537.8687;524.1626000000001;531.6748;526.8669;546.9301;538.7445;539.7059999999999;537.9507;528.0007;539.8626999999999;537.9183;530.8707999999999;528.9511;529.9627;522.7362;537.5776999999999;531.9522999999999;514.1973;526.2477000000001;532.1159;529.7014999999999;533.9304;544.8955000000001;549.3944999999999;527.5192999999999;520.3253;541.0550999999999;525.2638;531.8214;530.3972;526.7302;526.7115000000001;510.51480000000004;535.1599;528.5227;520.3178;548.0408;529.6705;523.8244;535.0199;532.1691000000001;532.7073;532.7723000000001;534.558;537.5164;532.2832000000001;549.6112;529.6012000000001;541.9893;531.9382;538.5641;554.5217;534.2215;529.4392;544.5192;548.4466;538.5404;526.7595;542.4706000000001;529.2873999999999;532.1141;540.3978;538.3620000000001;536.9325;541.0684000000001;535.3434;524.4601;536.6912;533.863;536.7338;549.5957000000001;538.4873;531.3823;541.1229000000001;538.9181;522.3755;533.8596;533.0639;551.9505;545.8693000000001;525.1854999999999;530.621;533.5418999999999;534.5015;533.8327;518.5274999999999;523.2017000000001;546.0987;539.6763000000001;527.3256;544.3599;543.3130999999998;541.0125;537.5269000000001;521.9014;534.7175
3323,20,593.8412760000001,590.1856,587.6427,594.6949999999999,594.5168,598.8341,NA,NA,NA,NA,NA,589.2892,590.1483000000001,585.8741,583.0635,593.6949,594.077,NA,NA,NA,587.7481,596.4100000000001;599.4944;612.9873;592.2616;609.9736;591.8868;590.8183999999999;594.9243;600.3288;588.7188;593.0141;594.2152;585.4644999999999;596.3299;586.9531;591.4349;595.6416;592.4439;593.5624;583.6526;592.527;595.8336;590.0164;590.1856;597.2180000000001;588.0616;594.7315000000001;599.6493;598.3537000000001;592.4223;596.2560000000001;587.6427;590.1341;597.6894;592.8801;592.2477;606.3991000000001;595.9059;591.9572000000001;597.7019;595.1614;593.9572999999999;594.6348999999999;597.8769;590.2365;599.6281000000001;592.2475000000001;592.4737;593.8501;595.1575;591.3544999999999;583.4857999999999;583.0325;602.7388;598.8341;592.2415;599.9913;593.0853999999999;599.1401;592.6722;593.393;598.6212;594.5779;589.8115;590.2498;594.0418000000001;595.1198;587.7924;594.6949999999999;579.0578;600.762;584.1388999999999;611.9517000000001;595.4311;595.2663;585.2893;588.4913;592.5525;585.8922;584.228;587.2989;600.2368000000001;592.3362000000001;590.9651;588.5740000000001;595.3642;596.0797;612.6721;592.6619000000001;595.1922999999999;589.7988;588.213;590.7997;592.5272;594.5168;613.0539;591.2502;591.1804;590.9728;588.9407000000001
3323,30,562.5431069999998,553.0894,554.5916,562.7769,567.907,556.6831999999999,NA,NA,NA,NA,NA,555.9761000000001,566.0052000000001,559.2802,553.4244000000001,561.8641,556.6111,NA,NA,NA,562.9882,565.3485999999999;560.5482999999999;559.6621;565.296;562.5782;559.5487999999999;555.8551;563.6842;553.1460999999999;558.8818;562.2322;558.5307;551.6894;579.6518;559.3757;561.2524;578.3637;566.9536;551.3991000000001;553.8268;556.7629;560.2669999999999;560.8137999999999;553.0894;563.9282;550.6696;576.6834;570.4439;562.5612;561.3729000000001;558.4458999999999;554.5916;562.0831000000001;560.7982;558.6952;557.9994;563.7755999999999;557.8631;549.9842000000001;571.1154;562.7327;562.2024;557.9417000000001;579.4154;558.0325;572.3175;556.2981;550.7995;557.5661;553.5331;557.2002;552.2514;564.7467;556.7084000000001;556.6831999999999;575.6886999999999;572.4616000000001;559.4473;552.8724;558.4556;554.8471999999999;561.3467999999999;554.0640000000001;556.2281;553.9327;554.9049;565.3879000000001;558.7815999999999;562.7769;560.1714;561.5133000000001;586.8658;563.7408;565.7033;560.7672;557.6399000000001;582.4597000000001;562.3271;565.5583;558.2906;569.7616;565.0329;551.9008;559.6213;578.8534999999999;571.7161;565.3692000000001;555.6749000000001;566.2240999999999;580.3457;556.1203;566.3233;579.0701999999999;565.7031;567.907;566.2536;584.8303000000001;579.7072;563.0511;556.4139
3323,40,618.29996,619.6947,622.6873,613.2083999999999,622.4502,621.6359,NA,NA,NA,NA,NA,614.8922,625.9681,607.5125,620.6197,617.7501,609.0853,NA,NA,NA,623.2464,618.6755;624.5105999999998;617.3471999999999;618.2671;620.3844999999999;623.5767000000001;620.2103;612.2758;650.713;620.0437999999999;616.9529;619.982;615.0274000000001;620.5298;607.6764000000001;617.6811;622.0245;633.8357000000001;611.3674000000001;613.7686;635.1901;612.9219;626.6845000000001;619.6947;623.7403999999999;618.7666;620.5158;622.3928999999999;620.4911999999999;615.4329;622.0275000000001;622.6873;615.9342999999999;613.6342;611.6558;621.2484;604.9722999999999;619.9680000000001;613.8163999999999;617.4891;622.7800000000001;619.8228;620.2864000000001;619.9807;613.0212;616.6974;614.5228999999999;617.5893;621.0129000000001;617.9481999999999;614.1106;610.4108000000001;624.1600999999999;616.2726;621.6359;620.3593000000001;616.8278;630.2194999999999;634.4408000000001;615.4459999999999;615.9293;618.7398;619.0596;604.7329;620.8155000000002;617.7363;620.4843000000001;621.5391999999999;613.2083999999999;618.1631;616.4363000000001;617.5294;617.9265999999999;614.3726;613.6132;619.038;615.2683;622.6963;621.0638;612.7714000000001;612.7851;624.2026999999999;617.6169000000001;615.1605;608.3650000000001;615.1825;612.464;612.4646999999999;621.4073999999999;612.6466;608.6424;615.1863;608.9652;613.5786;622.4502;614.9267;621.0708;610.104;631.4664;618.5259
3323,50,610.0325210000001,613.4988000000001,611.6277,607.5879,607.4266,602.6046000000001,NA,NA,NA,NA,NA,610.5918999999999,613.1968999999999,600.3158000000001,604.3661,596.038,603.6362999999999,NA,NA,NA,603.4936,606.7653;609.6093;607.4057;612.3538000000001;602.0423000000001;611.1555999999999;610.7103999999999;609.6007;604.0718;596.9893;611.3172;615.3005999999999;601.8881000000001;611.4546;601.0771000000001;610.9508999999999;610.5989;607.1588999999999;601.3955;606.2309;605.4252000000001;606.576;606.8044;613.4988000000001;647.8921;614.6853000000001;611.0542;611.4992;630.8453;614.1829;611.6586;611.6277;612.2304999999999;610.9701;600.5466999999999;613.2087;607.1837;609.0025;607.8541;598.9631;625.1107999999999;603.5304;612.095;602.4212;607.5409999999999;605.4698;612.2533999999999;607.5865999999999;609.472;603.8580999999999;605.6117;602.6284;612.3806999999999;603.1131;602.6046000000001;607.4636;597.2822999999999;606.7139;610.7315000000001;610.9067;604.3052;607.5038;613.7733999999999;609.9166;604.9611;617.8475999999999;604.9562000000001;608.2814000000001;607.5879;603.0272;610.6319;621.7988;607.1483000000001;605.4812;610.5577000000001;609.4385;624.4685000000001;613.1872;599.8203000000001;601.6985999999999;601.6296;635.4453000000001;611.1396;616.6768;622.1312;601.7985;628.1429999999999;628.8154999999999;598.0237999999999;608.5607;615.9825999999999;606.9911;611.8558;616.2931;607.4266;612.0819;635.5334;598.6723999999999;606.5397;610.5592999999999
3323,60,619.2349350000001,619.766,621.0020999999999,622.8525,619.0084,618.7498,NA,NA,NA,NA,NA,613.3747000000001,615.9986,628.9932999999999,620.5365999999999,611.0146,616.7184000000001,NA,NA,NA,612.5492,620.9866999999999;615.0093000000002;624.0199;625.5766;618.5351;626.0267000000001;622.1632999999999;620.4328;621.943;619.8714;626.9573;620.6572000000001;618.0025;617.6364;613.7616;619.5509999999999;611.7169;622.7407999999999;621.6352;635.9285;622.5208;612.0225;609.5234;619.766;630.5974000000001;619.3584999999999;626.3084999999999;624.4204000000001;612.7228;625.0487;622.7063;621.0020999999999;618.3156999999999;609.4039;615.7570000000001;615.6447999999999;607.8005;611.9267;612.2642;614.9702;620.4960000000001;612.595;614.4150999999999;618.3742;617.1847;634.5726000000001;614.0905;620.1374000000001;623.9508;625.6413;609.2167999999999;614.4285;615.9126;614.2166;618.7498;623.3842000000002;607.7388;614.8807999999999;623.2713999999999;627.3652;618.4296999999999;609.2274;615.1804;611.6428999999999;625.2271999999999;626.4518999999999;633.203;614.158;622.8525;612.2062;618.1995000000001;614.2873999999999;618.3802000000001;623.6427;620.0189;624.5015000000001;613.5505;620.1054999999999;618.0574000000001;612.8061;610.4955;614.7286999999999;626.648;615.8647000000001;621.1257;632.9308;620.6335;614.9742;620.6436;621.9263;611.6604;618.6062;620.0079000000001;632.9668;619.0084;616.0428;624.6978;619.0835;628.2765999999999;615.1883
3323,70,615.921855,606.4684,619.7786000000001,617.6285,625.1066000000001,615.9196,NA,NA,NA,NA,NA,610.8525,616.9590000000001,611.9628,608.7128,603.5027,615.7392,NA,NA,NA,610.3154999999999,624.5733;609.9765;617.8447;616.4046000000001;626.4914000000001;613.3065999999999;608.1081;614.6486;623.8245999999999;617.6003999999999;616.9093;620.7803;603.4485999999999;614.7403999999999;616.9644;629.1562;642.3788;634.3136;619.6129;607.1552999999999;614.8210999999999;622.0405000000001;611.4206;606.4684;627.9229;618.2875999999999;634.0643;619.0066999999999;624.6369;606.0136;623.8226999999999;619.7786000000001;619.4209999999999;612.5932;611.1937;616.6289999999999;624.919;613.3905;610.8691;605.1993;631.1889000000001;614.9934;634.4531999999999;634.6638;611.6105;637.4886;611.7913;613.9929999999999;611.0549;620.5799;607.4328;620.6678999999999;616.5363;620.553;615.9196;619.2378;619.6703;602.2180000000001;610.7654;593.2558;607.6333999999999;615.4312;599.2662;612.3345999999999;607.1587999999999;603.4505;625.6986;622.7448999999999;617.6285;617.0797;611.2959999999999;608.7398000000001;617.7368;617.4534;609.7269000000001;609.7130999999999;627.2331;617.8281;606.5728;607.2524999999999;610.8231000000001;617.0763;623.532;616.0078;611.9762999999999;608.1437;622.3398;606.5463;617.4879000000001;602.8942999999999;607.068;623.1815999999999;606.9836;606.5486;625.1066000000001;606.7048;624.7792999999999;611.2792000000001;607.1202;605.7955000000001
3323,80,556.4627689999998,581.8047,550.2368000000001,553.7533,548.3388,552.6257,NA,NA,NA,NA,NA,553.8588,553.2927,550.1152999999999,554.704,550.3707999999999,556.3774000000001,NA,NA,NA,553.0491000000001,552.2606000000001;554.315;549.5116;553.5055;552.3337000000001;556.259;558.1964;549.0151000000001;550.5949;554.8118;557.586;550.3725;553.3923;564.5543;553.2795;569.2219;565.3392;550.4255;552.5381;554.712;548.9697;551.6952000000001;548.0469999999999;581.8047;554.6591999999999;555.258;552.3377;553.0097000000001;554.3297;557.0713;550.0733;550.2368000000001;552.7943;552.6972999999999;551.5437999999999;571.9110000000001;557.6185;547.0033000000001;568.4064999999999;566.9956999999999;552.0075999999999;550.4833;564.9247;553.0762;553.5537999999999;552.3431;557.9083;557.1194;556.878;551.2171;553.1415;557.1104;554.9723;570.5687;552.6257;557.3831;555.6497;552.4558999999999;569.2649;569.5435;552.2017;555.7753;553.7241999999999;551.5055;553.9462000000001;555.3569;566.5296;557.7658;553.7533;566.8651;568.3709000000001;555.2547;551.7766;552.8739;552.9258;549.9744000000001;553.9945999999999;558.7443;553.7181;554.9494;554.9891;548.2477;566.6641999999999;551.0141;568.2903;568.0163;554.2375;554.2996;550.2147;556.0542;575.682;553.7183;571.0291;550.5;548.3388;552.058;569.1156;553.9026;555.2529999999999;553.7307000000001
3323,90,557.087533,553.2266,551.8785,554.1209,547.0219,557.3652999999999,NA,NA,NA,NA,NA,550.3953,553.5659,566.9963,551.0716,554.2722,549.6016,NA,NA,NA,559.342,551.6851;559.0072;551.2333;554.9835;552.707;555.7407000000001;569.4193;555.9416;555.4147;559.3602000000001;561.1886999999999;552.3146999999999;552.1611;550.0313;559.815;551.5651;571.1265000000001;553.2092;550.3958;552.6967;553.3392;555.9101999999999;573.3857;553.2266;556.2617;551.2535;552.8670999999999;552.9857;557.2144000000001;570.6682000000001;570.4224;551.8785;550.6365999999999;555.9881;550.8185;556.9385;554.1123;551.9983;568.6264000000001;553.606;557.2451;554.3152;552.7230999999999;554.0943;554.8187;552.1015;555.8390999999999;556.0311;554.336;574.5772;551.5519;551.9507000000001;572.7386;553.091;557.3652999999999;554.5423;553.6854000000001;554.0556;568.8759;555.8444999999999;554.6965;552.0235;556.6272;555.494;587.4111;553.7366;552.5951;554.3342;554.1209;553.0203999999999;567.5277;551.636;553.5713;551.1479999999999;551.3416;553.3605;552.6968999999999;573.1907;549.4051;549.6968;554.5413000000001;552.3502;583.5842;570.1282000000001;552.0018;552.1789000000001;569.7587;556.7041;550.7147;556.8097;570.3272999999999;552.0138;550.5691999999999;570.0115;547.0219;567.8721;560.3034;553.8961999999999;554.6292000000001;553.7857000000001
3323,100,680.443797,671.2838,681.1512,676.3805000000001,697.7018,684.1345,NA,NA,NA,NA,NA,670.1473000000001,678.6931999999999,671.3889,666.0795,662.1971,666.1705,NA,NA,NA,686.9508,677.5912999999999;684.751;672.6827000000001;676.3638;682.9227000000001;678.5038999999999;671.6080999999999;677.1331;699.3248;680.5844999999999;677.5894999999999;673.0591;676.4398;691.3725;678.7243;677.6036;680.5754;697.4345;679.2402;670.3115;681.4350000000001;675.5619;693.1272;671.2838;699.1266;677.9010000000001;674.3566999999999;673.0287000000001;674.2647000000001;674.7009;675.3340000000001;681.1512;676.44;668.6731000000001;673.0711;680.3240000000001;676.5054;677.8833999999999;686.8172999999999;666.6763;675.0083;674.6029000000001;693.8885;687.2719;682.1607;673.1754;682.9925000000001;696.9725000000001;697.451;675.5835999999999;672.4880999999999;670.8312000000001;684.1154;665.7819;684.1345;688.1859;669.2205;699.3926;675.5858999999999;669.5408;675.3600999999999;683.9692;673.1379;665.5296000000001;684.7677;689.4465;678.8055;673.3616;676.3805000000001;688.7689;666.4744000000001;651.2664;680.0129;693.0835;685.0913;669.3946;685.511;683.2371;676.3856;686.9373;675.3428;678.8876;711.2784999999999;677.8707;678.8349000000001;670.9446;680.7631;679.6033;702.7335;683.4042999999999;678.1855;707.1436;675.0461;681.909;697.7018;678.095;702.1615999999999;670.9784999999999;683.0987;683.6123
3613,0,830.8837599999999,554.3734,579.0889,579.0889,579.0889,507.8534,551.5566,558.336,553.972,542.4191,553.4449999999999,545.7442,526.3525999999999,514.8002,541.7036,508.46440000000007,627.5222,534.1557,534.0773999999999,528.9737,513.3757,666.319;688.647;647.7853;617.756;749.8065;576.5065;724.4822;645.3066000000001;563.7605;587.971;608.4813999999999;568.8027999999999;556.9757999999999;622.7302999999999;528.3456999999999;741.0994000000001;692.2052000000001;552.9794999999999;602.3302;706.8084;693.0288;687.6659999999999;554.3734;593.9857999999999;667.0932;667.7266999999999;544.2662;650.5984000000001;610.6676;559.1174;2911.5611;639.2163999999999;552.1224000000001;680.6459;627.5431;594.3720999999999;507.8534;593.3862999999999;590.2557999999999;671.4904;635.9062999999999;589.6768000000001;564.1275;673.4806;713.8694;600.0536;604.4998;752.4743;579.0889;631.1089;689.7658;666.7565;728.9735000000001;678.0634;743.6397;699.1787;612.9908;695.5500000000001;600.1351;712.7586;623.2269;707.9201;618.9094;641.4215;568.7556;662.8882000000001;549.0101999999999;697.4589000000001;668.0488000000001;587.2808;527.9959;624.7219;707.7366;655.8265;675.5703;727.6771;573.9955;600.3357;669.1790000000001;634.8601;2751.067;604.6553;803.2561000000001;636.3051;629.7441;603.7482;559.9243;618.1626;728.3982;574.6405000000001;579.6451;2479.6220000000003;6417.4266;7303.3655;1813.3296;584.1872000000001;590.1508;596.2053;523.1702;550.3854000000001
3613,10,815.5945729999996,714.4482,736.0017,736.0017,736.0017,697.9331999999999,719.1726000000001,700.0355,715.5067,681.064,691.8191999999999,710.442,662.5349,684.4423,702.4852999999999,675.5866,729.838,685.0518999999999,706.5389,732.0705000000002,692.9776,815.1165;884.4302;799.4308;747.7201;837.4846;741.4946;938.9165;765.333;721.6196;766.1890000000001;769.9436999999999;682.9202;713.4638;791.0198;678.806;875.4939000000002;863.2565;694.9522999999999;743.8012;874.3923000000001;808.1277;824.2246;714.4482;745.1708;817.1357;853.446;698.799;810.6705999999999;712.8984;725.6351999999999;873.3541;733.6014;687.1197999999999;808.1351;841.8298;764.5734;697.9331999999999;753.6903;742.5655;811.6962000000001;850.6571;711.3851;730.7522000000001;854.5260000000001;860.3240000000001;740.5034;759.7547000000001;850.2904;736.0017;747.9062000000001;885.9592;821.7219;866.6938;835.7107000000001;836.7752;824.3065000000001;738.8054;838.3657000000001;696.5070000000001;864.3679999999999;779.4689;860.7882;791.1012;798.1937;737.6600000000001;854.9580000000001;702.0797;797.0326;3577.5955;755.8163;687.8942999999999;813.4387;819.767;903.7792999999999;822.8967;850.7659;709.2331;705.4585999999999;773.9491;778.529;877.3611000000001;721.0254;925.4972000000001;775.2267;805.529;808.4613999999999;738.5959;772.3312;891.2472;752.5015;771.1132;828.4704999999999;823.5664;865.698;761.2051;754.6785;746.1805;784.3671;698.3462000000001;755.4956
3613,20,793.1699189999999,738.7537,787.4024,787.4024,787.4024,695.8684000000001,734.5662,703.3553999999999,758.9447,724.5026999999999,682.481,685.8002,684.1288,709.5081,712.0942,686.0191,767.3885,672.6702,697.488,758.5464,680.636,865.1486;882.0801;832.5273;737.5192999999999;891.9513;740.8998;891.9730999999999;773.0998;749.7632;790.1873999999999;801.5776;730.608;743.1777999999999;745.6410000000001;742.6602;873.0742;887.3708999999999;701.6228000000001;791.4807;882.2801999999998;882.0404;857.4509;738.7537;715.0609;846.5799000000001;824.3678;698.4304;791.7052;753.3774999999999;714.3691;860.5203;755.552;685.3052;809.7045;773.3729;770.0134;695.8684000000001;735.2845000000001;768.6425;814.4131;834.0934;708.2473;694.3382;820.0806;927.1352;737.5653;750.979;909.2239999999999;787.4024;742.2951;852.9947999999999;847.8343;851.0430999999999;831.9149;860.5241000000001;827.0403999999999;760.2557999999999;810.1786;733.9758;894.8497;799.2322999999999;870.1749;803.0345;843.391;719.0635;864.2167999999999;729.5524;840.05;811.2387;752.5201999999999;699.9229;768.9799;858.154;871.9327000000001;853.2247;896.2017999999999;732.8151;744.321;819.0018;767.0306;850.3783;745.4006999999999;893.4487999999999;758.5572999999999;776.7843;807.9935;714.9138;746.8864000000001;857.4198;740.6945000000001;770.5187;800.9024000000001;802.2524000000001;883.6886000000001;692.8050000000001;757.0925;754.3906;781.3109;672.5723;737.4944
3613,30,840.7192700000003,725.8208,700.8607999999999,700.8607999999999,700.8607999999999,650.4271,703.7590999999999,692.9483,696.0532999999999,686.0037000000001,675.6692,670.1494,668.1206999999999,662.3582,658.7864,653.7206000000001,775.6176,667.8575000000001,663.7857,680.9864,627.8966,775.1238;837.6885;803.5612000000001;726.0437000000001;860.0508;709.0048;837.3013;763.386;674.0663999999999;731.0542;706.7551000000001;747.0831000000001;702.8538000000001;741.3807;676.5507;865.6001000000001;833.6939;688.0607;746.413;885.1034999999999;842.7525;839.7008000000001;725.8208;723.8870999999999;781.7444;806.8129;662.4197;778.5890999999999;683.9044000000001;687.4145;812.9572;754.7018;725.4542;758.4821999999999;753.1691000000001;737.7299999999999;650.4271;740.6313;724.4411;761.6158;803.7858;686.4746;748.3309999999999;808.902;912.1058;718.6486;731.2050999999999;815.1542;700.8607999999999;748.7369;886.7090000000001;825.7238;872.068;858.5183;832.9331;776.4734000000001;772.2336;840.9014;732.9365;884.075;763.9578;828.6812;757.5299;740.9354000000001;687.9928;813.4404999999998;709.4811;804.2829;760.8308000000001;765.0835;693.7738999999999;720.2248;789.4094;843.1142;809.8085000000001;884.5561000000001;707.7693999999999;686.6221;798.5388;771.3225;807.1289999999999;724.6457;915.8935000000001;742.4937;803.8913;745.8141;686.7674;700.8689999999999;865.4309000000001;697.2002;710.9078;792.7750000000001;792.2528;3864.6321;5093.1038;745.6782000000001;720.8810000000001;739.2807;660.9471;703.7699
3613,40,770.0561619999999,719.4928,724.2906,724.2906,724.2906,668.3027,695.1606,689.8212,683.3236,706.7556999999999,671.5411,709.5784000000001,647.8543,671.4286,688.5763999999999,669.1976,844.2746,677.5260999999999,635.4001000000001,715.7915,665.4535000000001,798.1946;840.468;812.8405;696.0484;875.8800000000001;707.6782000000001;827.5568;762.568;685.5282;788.1157000000001;737.5708999999999;716.4824;732.4352;750.4012;652.0639000000001;838.723;877.4105;664.3287;720.5418;875.1879;854.243;888.8071;719.4928;700.114;805.5574999999999;829.3794;677.524;763.7001999999999;686.4237;722.1649;827.5726;734.0414;684.2621;774.0527;773.2972;768.1724999999999;668.3027;734.4187;728.5029999999999;739.7433000000001;772.2792999999999;703.8054999999999;703.6082;835.3336;906.0491;727.2151;783.2112999999999;807.6444000000001;724.2906;722.3008;874.4402;821.4068000000001;837.5664;928.1063000000001;845.9346999999999;829.6171;735.4182;833.3679;696.0879;896.904;783.4342;858.7923999999999;775.7339999999999;809.6492999999998;682.4524000000001;820.9745;684.6641;811.4993;779.2066;739.7406000000001;660.028;767.1718999999999;806.8255000000001;808.8145;853.0045;875.473;686.1268;747.5769;770.9117;734.3831000000001;838.0301;710.2534;912.8917;745.247;759.0962999999999;761.5553;661.3471;729.6839;826.5955;711.4101;726.2258999999999;798.3218999999999;828.8527000000001;848.5369000000001;691.7361;745.0092;725.3634999999999;742.9685000000001;662.1587;699.4849999999999
3613,50,784.2407289999999,687.9748999999999,694.7455,694.7455,694.7455,658.5905,714.3046999999999,713.3737,687.7864000000001,677.2732999999998,691.2944,664.1180999999999,651.3072000000001,658.9238,665.1765,629.4286,742.0463,658.8726999999999,659.6874,676.0557,639.6111000000001,826.0786;854.6971;783.6284;710.7994;868.5097000000001;745.5787999999999;834.8685;712.9929;681.9386;703.9379;719.7128;681.2103000000001;673.2805;731.104;684.4232999999999;819.8895;868.0464999999999;661.7534999999999;723.9974;873.3632;802.4014000000001;830.4737;687.9748999999999;688.3177999999999;800.7103999999999;849.7570000000001;699.3827000000001;783.2275999999999;682.5909;688.9895000000001;852.3855;765.9486000000002;688.7601;786.523;725.659;736.9928;658.5905;739.1807;738.2530999999999;758.7824;838.7326;708.646;714.4131;834.7105;868.8326;730.3435;730.4884;902.3106;694.7455;713.3268;935.5640000000001;801.3855;871.6104;803.3836999999999;840.9259;786.3536999999999;733.6623999999999;827.7844;715.1078;882.1211;769.4855;829.8878;781.2301;778.2312000000001;2742.9806;841.8967;707.7263;816.7693000000002;805.2585999999999;716.1269;652.925;698.9964;803.6911;835.418;824.5198;856.1544000000001;687.3503000000001;700.3662999999999;793.4951000000001;748.1515000000002;815.591;705.0773;860.5024;763.232;775.9730999999999;747.8218;672.5065;762.4164000000001;813.3761;730.5958;699.8774000000001;790.6683;769.9639;821.5117;706.2318;729.4531;749.5962000000001;724.3045;658.9335000000001;676.6181999999999
3613,60,764.1980309999998,661.4813999999999,679.4082,679.4082,679.4082,665.8383,714.1931999999998,679.7337,728.9229,672.5651,633.7617,675.1546000000001,674.6774,649.3618,661.7424,684.7441000000001,822.7544,661.8143,635.9021,691.2908,661.2007,765.5181;840.2226999999999;796.2111;740.5074000000001;860.6002;698.2047;854.5455;740.855;701.8578;747.0127;749.2771;709.6310000000001;707.4234;754.8088;679.9935;860.8714000000001;856.2128;661.3555;764.9966999999999;879.9926;840.2420999999999;814.1944000000001;661.4813999999999;663.7481;846.7113999999999;805.726;707.1846;789.5013;697.8207;697.6222;826.7948;742.9791;681.4312;764.7003;759.4155;707.7762;665.8383;705.5405;748.8736;740.2854;794.0417;702.8907999999999;723.0836000000002;837.6858000000001;885.6614;741.4517999999999;760.2792;827.6169;679.4082;713.6353000000001;885.5540000000001;818.7434;877.25;783.8018;856.9809;839.7841999999998;748.3359;844.9987;685.1961;878.7299;779.0278000000001;801.5785000000001;746.9485;817.4264;687.3495;805.45;697.7404;782.2505000000001;748.6601;710.8521000000001;657.697;706.3362999999999;824.9255;810.6936000000001;796.6638;847.0656;684.5426;658.017;746.8534;729.1766;807.963;763.1362999999999;895.1629999999999;731.8688999999999;796.0569;775.0616;691.8016;740.6639;836.4325;723.443;717.1795;793.8600000000001;827.7834;827.4974;665.0927000000001;767.9864;761.9549000000001;774.5588;648.2149999999999;711.7344
3613,70,932.1876719999999,686.7022999999999,732.2866999999999,732.2866999999999,732.2866999999999,658.2178,687.3353000000001,685.1116000000001,690.1912000000001,674.9378,655.1141,673.6001,663.5172,665.6011000000001,716.7235000000001,662.0974,709.9502,653.1369,642.3947999999999,707.4827,630.2422,831.2352000000001;854.2591;799.5607;725.3186000000001;858.3741;688.2004;3923.2784;3378.2061000000003;689.8497;743.662;761.4100999999999;673.8915000000001;727.5874;730.6605;2784.1944000000003;9953.6424;837.2764999999999;672.1639;761.6062;830.8471999999999;851.6367;856.5938000000001;686.7022999999999;715.7083;790.6640000000001;783.3403000000001;689.5826;791.7144000000001;713.8983;703.3466;859.3652999999999;772.9073999999999;685.6811;784.6048;742.7095000000002;747.8705;658.2178;735.2056;745.6277;760.7758;822.2161000000001;719.9997999999999;703.3848;852.8163;854.3236;712.2146;709.712;804.6372999999999;732.2866999999999;723.0776;839.3956999999999;791.8985;881.625;845.7982999999999;835.8390999999999;794.7693999999999;739.9538;803.5224000000001;710.6202000000001;880.0189;782.4649;837.9544000000001;756.7672;765.6968;693.3298;826.3668;681.4455;807.0238;780.2667999999999;747.0927;668.9794;720.8856000000001;826.1089;805.3449;803.8099000000001;858.9499999999999;702.3727;693.2912;779.2751999999999;725.8223999999999;814.8025;718.6019;854.7628;728.7196;787.1981;768.9119000000001;663.8216;685.4248;828.4137;743.6477;702.9754;766.6501;767.7537;872.9059;668.2543;755.7233;749.0804;672.9658999999999;663.258;682.1594
3613,80,930.8258600000003,706.0508,682.9967000000001,682.9967000000001,682.9967000000001,673.559,694.9576000000001,703.0475,701.5184,686.2407999999999,659.7538999999999,711.6067,670.3378,644.6294,671.5347,690.8227999999999,731.1751,682.1522,676.1845000000001,685.5201,655.7180000000001,828.3468;858.3591;833.3522;710.5889;857.0937999999999;732.0279;888.8398000000001;747.2172;707.9464;747.6723999999999;765.1275;701.9796;737.2688999999999;750.8124;680.2169999999999;848.0431;845.6747;699.3755;736.7471;888.2180999999999;886.14;827.8498999999999;706.0508;703.7974;808.5034;803.7762;688.8001;800.2571;719.0026;720.6292000000001;830.7152999999998;742.5155000000001;682.8289;755.8035;738.1296;744.9626000000001;673.559;696.3493000000001;784.7263;791.1822;818.9318999999999;698.0455999999999;686.7716;834.7944;838.2823000000001;713.4037;757.8847000000001;823.0477000000001;682.9967000000001;745.583;831.7634;786.7606;882.2924;854.7881;819.5049;844.1256;717.0884000000001;824.9402;698.0969;866.5565;758.0800999999999;883.839;780.0116;777.8903;698.1146;839.0775000000001;701.2271;841.6592;763.2617;726.8457000000001;676.0795999999999;753.3475000000001;843.9296999999999;827.0659;825.5986999999999;880.3624;708.5336;685.6241;777.0213;5595.5686000000005;9749.1912;2937.4439;859.0552;776.0176;796.9471;786.2285000000002;706.5447999999999;744.5961;854.8814000000001;700.8539000000001;724.2674;800.4044;851.179;835.4997999999999;709.2187000000001;741.0664;725.1786;707.1713;664.924;672.6326
3613,90,753.849878,701.3355,700.5751,700.5751,700.5751,658.0536,705.2747,664.3391,667.2784999999999,629.4043,636.2669,645.9227,637.6059,674.8797,664.0295,647.5076,696.6072999999999,651.5554999999999,639.1129,690.7067999999999,622.6241,784.5888;864.2411;749.2764;732.4649;840.3466999999999;646.9925000000001;813.8444;712.4379;662.3604;765.7776;698.7894;682.1744;719.6170999999999;716.7649000000001;678.1186;850.7585;852.2496;671.3346;703.0210999999999;864.7657;780.8884;786.0969;701.3355;695.1624;801.7160999999999;810.5808;675.2378;793.4483;698.6157000000001;675.0373;832.3237;756.9201;658.9719;745.6922;741.7661;709.9761;658.0536;717.1629;709.3125;771.2888;768.9206;735.7228;738.2380999999999;815.8168000000001;831.2524999999999;713.5630000000001;749.5777;855.875;700.5751;730.7058;855.195;821.8944999999999;876.2578;784.5066999999999;846.0207;765.2295;727.4106999999999;838.6855;678.5081;875.6696;747.7133;843.0421;749.0244;755.5135;669.3341;821.3860000000001;653.6003000000001;837.3194;775.2761;713.3123;663.3669;748.9731999999999;856.0531000000001;803.9744000000001;835.0459;828.6610000000001;696.9495;665.4265;744.9981;732.4233;829.9137000000001;703.7954000000001;865.9269;738.5663;766.9005999999999;719.3927999999999;672.9929;690.0696;808.2009;687.3338;695.5509;799.5777999999999;781.6982;851.992;697.6694000000001;724.6608;719.8698999999999;734.5983;638.8336;676.9134
3613,100,736.2357000000001,669.4747,681.0084999999999,681.0084999999999,681.0084999999999,611.8388,671.8186000000001,677.3946,671.0523000000002,664.2547,625.7794999999999,639.8580999999999,650.1627000000001,621.2234000000001,620.5733,616.5898000000001,659.0757,649.2635,623.6877999999999,644.2045,607.8896,774.7014999999999;839.6341;745.9488000000001;697.5952;817.2754;684.1868;816.1093000000001;711.3467;644.8924999999999;691.0591;694.6585000000001;644.4615;679.7469;756.9798000000001;641.3964000000001;815.5805;808.7912000000001;653.9382;711.4205999999999;811.1831999999999;807.7981;776.1723000000001;669.4747;680.7849;725.4654;836.7764999999999;625.6945000000001;802.7764;662.3528;662.5239999999999;812.3583;731.4018;661.6119;747.3869;707.4538;658.1659999999999;611.8388;682.2266;713.2126;781.0806;757.9957999999999;706.1319000000001;670.5936999999999;781.8009;875.0901;675.9649;706.7191999999999;824.7280000000001;681.0084999999999;705.2907;811.442;759.5804;815.5993000000001;798.5054;835.5378000000001;754.0595;695.1199999999999;800.8097;677.3957;856.1268;731.6746;793.3680999999999;713.1179999999999;714.2602;664.5969;814.608;632.6659999999999;747.8888;751.8417;677.0426;647.9803;721.769;827.54;803.0751;800.7171000000001;810.7337;669.0658999999999;695.9563;751.9391;745.6867;805.0266000000001;697.6831;870.3924;727.1421;735.6379;711.5908999999999;668.2402;694.9225;826.0576000000001;683.053;695.3032000000001;812.7686;765.7526;874.2212;706.0032000000001;731.1581;737.4466;698.6563;607.1404;672.8820000000001
3613,latest,1050.9073340000002,913.5143999999999,1093.7833,1093.7833,1093.7833,888.9296,906.7121,915.0254,945.1311000000001,988.2750000000001,966.3157,855.4595999999999,1006.2758000000001,895.8329000000001,949.8948,928.0940999999999,1007.6279,910.9367,901.097,917.6913000000001,901.8241,1088.1229999999998;1137.1654;1025.6055000000001;888.9649;1106.4008999999999;910.1987;1116.5245;1064.1257;915.4024999999999;1120.5823;1105.2826;925.8863;967.6401000000001;1174.9227;825.9819;1192.1142;1309.5692;920.4284;1039.5615;1265.4125999999999;1037.134;1238.2257;913.5143999999999;1031.6339;1161.0272999999997;1192.0617;893.9274;1165.0202;1005.3345;896.0677;1156.8183;1042.6436;880.7698999999999;1014.5676;1045.791;943.6475;888.9296;969.1028999999999;1095.2504;1007.3108;1030.839;969.7345;921.6829;1078.6679;1194.7423;909.6039999999999;994.7971;1126.5005;1093.7833;964.7508999999999;1196.9180000000001;1045.943;1123.6949;1110.8517;1355.5841;1085.9705;999.4051999999999;1113.1292;990.4849999999999;1220.8555000000001;1222.6027;1183.5419000000002;1072.7258;1150.8748;889.8141;987.8776;921.0777;1097.4850000000001;960.0192;956.5523999999999;1087.7127;966.1821;1096.9105000000002;1175.3869;1070.9395;1099.036;979.292;932.2548999999999;1215.6788000000001;964.9553999999999;1120.8962000000001;890.1536000000001;1278.5397;967.2388000000001;1056.1441;1018.4223999999999;948.5597;953.751;1378.9664;947.1356000000001;978.5299;1193.9782;1025.33;1149.8339999999998;907.3445;1057.3802999999998;1041.3867;1012.6323;866.4824000000001;1060.4968
