module_id,slug,module,version,sha,compiled
20,netty/netty,transport-native-epoll,-100,1ce28e80d18dff80669838d37574ed700c10a921,1
20,netty/netty,transport-native-epoll,-99,45c97fbdfddd0fc3540c07c666a3e172fe73bd82,1
20,netty/netty,transport-native-epoll,-98,32523c53379ac59c4573795d473bf1b953f3ee06,1
20,netty/netty,transport-native-epoll,-97,beb4588b4a2e93ef88af8466c556363f67e770f7,1
20,netty/netty,transport-native-epoll,-96,699549dcbcc4b2de5aaa6e707e157925d20e3791,1
20,netty/netty,transport-native-epoll,-95,f750e2eb6a9e8598091abb48c8c806c5ef64b0bd,1
20,netty/netty,transport-native-epoll,-94,f773733af68d38086bb90c3a10392c8ae92d811f,1
20,netty/netty,transport-native-epoll,-93,76c55caeb95c2ffb940efae4f4028181adfe96f2,1
20,netty/netty,transport-native-epoll,-92,ec23189e727a91269ff539aea8080e020c5886ed,1
20,netty/netty,transport-native-epoll,-91,7903a44a14912bddb893741d31e70c2cf9fae8f7,1
20,netty/netty,transport-native-epoll,-90,b785fa9eedab659b3acd3f7ca3bb60b92bc8b285,1
20,netty/netty,transport-native-epoll,-89,f8f17f676dfd95fcb0f06a4f3f47171981561cb2,1
20,netty/netty,transport-native-epoll,-88,228a01e268c478bf5bb3717aa11ad37728ac4276,1
20,netty/netty,transport-native-epoll,-87,322f75c5a249cc585bd15eeabee0fdcea04407b9,1
20,netty/netty,transport-native-epoll,-86,b3d3269b8c8f34e252c1db2caa005e9adc8696fa,1
20,netty/netty,transport-native-epoll,-85,d58d8a1df832a5185193368e589cb4a488709ffe,1
20,netty/netty,transport-native-epoll,-84,a53eb80901b8bf678e2ff65e4715d25c4fec638c,1
20,netty/netty,transport-native-epoll,-83,7d34282f9d2ffdd64c91cb4780b09902d9779b92,1
20,netty/netty,transport-native-epoll,-82,fd5d40454e4536926a38c1371db1d13ffb4d10dd,1
20,netty/netty,transport-native-epoll,-81,f87abab779613cbe730fc0fa8fd32fa7c90609d1,1
20,netty/netty,transport-native-epoll,-80,c3e33d376582fe165b4a891b035d39b84bee84be,1
20,netty/netty,transport-native-epoll,-79,6cd9020fda4b6f9056688e5ddba9e4126fac5303,1
20,netty/netty,transport-native-epoll,-78,ee648c305b5cd613d531c645aaf7da7be82d13f2,1
20,netty/netty,transport-native-epoll,-77,34a31522f0145e2d434aaea2ef8ac5ed8d1a91a0,1
20,netty/netty,transport-native-epoll,-76,a919b82c042f6159a4e5f93aca67c1be1419c871,1
20,netty/netty,transport-native-epoll,-75,07cc3fd57993ac3d7b18375e1bd453dfbdb2b27d,1
20,netty/netty,transport-native-epoll,-74,6a84af796571c7b54f0bb314db7f3bd8dd194311,1
20,netty/netty,transport-native-epoll,-73,f49c94c83a5b2a2625913f57515c8dc6ab8c2639,1
20,netty/netty,transport-native-epoll,-72,cf624c93c5f97097f1b13fe926ed50c32c8b1430,1
20,netty/netty,transport-native-epoll,-71,1a68cfd0209e03dced1ede66b3fbc9707a1d23eb,1
20,netty/netty,transport-native-epoll,-70,2e346c1d1d6fc58762f52fd31ee4dc5a92d3a5bd,1
20,netty/netty,transport-native-epoll,-69,2fd8695a63272123b44fe7edc16f9ffdd92bea94,1
20,netty/netty,transport-native-epoll,-68,15196ad70ff76e02acb517f11350f457d06c7e65,1
20,netty/netty,transport-native-epoll,-67,cccce01497db4ac33b412dfb60630fc5ab443ce1,1
20,netty/netty,transport-native-epoll,-66,bd7e0f72bdcae09beccb42f0562a862caaf8c89e,1
20,netty/netty,transport-native-epoll,-65,b5219aeb4ee62f15d5dfb2b9c29d0c694aca05be,1
20,netty/netty,transport-native-epoll,-64,c6e65cc006c4e0623e84ef96a88dc5bd5cb00a82,1
20,netty/netty,transport-native-epoll,-63,8699a3e2612a6578f9edf6e3941faf87c6bd8c0f,1
20,netty/netty,transport-native-epoll,-62,51eda20432568ffdf736a673abc6b5a44839413f,1
20,netty/netty,transport-native-epoll,-61,60ebae0553e6b9b1af3ac2f036b3fe271c4d7da2,1
20,netty/netty,transport-native-epoll,-60,5f1802ac65d63076616c5b3ee7a3d4151c7f3414,1
20,netty/netty,transport-native-epoll,-59,f8bc2869e2b1a67bf6d649459640a1126f882925,1
20,netty/netty,transport-native-epoll,-58,d7d6166fe5100b1955dd2d7ab83782e28da7f352,1
20,netty/netty,transport-native-epoll,-57,8e8e9cc7b4e05b5bfd81a2aeba23b4e550466494,1
20,netty/netty,transport-native-epoll,-56,7dbca6aedc8cf5971e2a26d8fc2b7f265f2b4bf1,1
20,netty/netty,transport-native-epoll,-55,503cd74d3f8e6a342eeadc820705d1d7fd978d13,1
20,netty/netty,transport-native-epoll,-54,28b3905c772acb4efd1919750f2f5702a9102e09,1
20,netty/netty,transport-native-epoll,-53,c87c911c010c3a34a69e550d52299df20e5fc740,1
20,netty/netty,transport-native-epoll,-52,86bfb0282c230455dcfd3d9896b66f32df1528fc,1
20,netty/netty,transport-native-epoll,-51,86d4ee41cd917e7b28a691cca1b1d0720e1d5df6,1
20,netty/netty,transport-native-epoll,-50,aa59245955f5121c4230d46c41a4b7f55e0c9ba7,1
20,netty/netty,transport-native-epoll,-49,c05287c286f928e88de65e9b21a25ab42e20a1e4,1
20,netty/netty,transport-native-epoll,-48,9105d2985c9146b0b66bc1db548eebe16a0be6b9,1
20,netty/netty,transport-native-epoll,-47,af686b8acef63b34aa0d265357dd6442ad205f44,1
20,netty/netty,transport-native-epoll,-46,42926695861c012ee6153e6bc8c4846bd4b923e9,1
20,netty/netty,transport-native-epoll,-45,906bb37a9bd007277d9a32d1b266a9515a20a457,1
20,netty/netty,transport-native-epoll,-44,617415ae3eb5cce1b6a4198157ede01b05a5a891,1
20,netty/netty,transport-native-epoll,-43,9794a35c292966b049d4975d66afdb80f5845729,1
20,netty/netty,transport-native-epoll,-42,f9f153525224c308268a13354bbb1b1a08cfaf36,1
20,netty/netty,transport-native-epoll,-41,47799635143d7a11b56c4a4e9a1e65ca221d28ca,1
20,netty/netty,transport-native-epoll,-40,6314381adfe2883d32de1cf083b32a67c7078761,1
20,netty/netty,transport-native-epoll,-39,e81dc9098cb6bd0b76539f8476de0375024e6c21,1
20,netty/netty,transport-native-epoll,-38,433f8ef8d50b4a5d793d5e879fc91561b23d8abb,1
20,netty/netty,transport-native-epoll,-37,889f4fa9dc709b9845048006d4d2e7be6eb780e1,1
20,netty/netty,transport-native-epoll,-36,7c05db4ce6ba5c832a6ee778808f4e5e95814281,1
20,netty/netty,transport-native-epoll,-35,cbd324c178135a82f23749bc218c2c6ee3a9b140,1
20,netty/netty,transport-native-epoll,-34,e1437fb468c5647f7f02fcd49b405af1259d8716,1
20,netty/netty,transport-native-epoll,-33,8a5b08dad5855c5ab202e9c51710b48509cc56fe,1
20,netty/netty,transport-native-epoll,-32,bb86eb096f3336cdb38c23906095033ea0205014,1
20,netty/netty,transport-native-epoll,-31,1baf9ef2f1f9da2b6965fb76e0562f344f895d6e,1
20,netty/netty,transport-native-epoll,-30,cde0e2d0508013c57612f7241a6660010fa7116c,1
20,netty/netty,transport-native-epoll,-29,5c4209bb06909bab146cdd242cf249fe3dee6ddf,1
20,netty/netty,transport-native-epoll,-28,53fa91f6f644f24bcd085fbeb64bfec01e8fb61e,1
20,netty/netty,transport-native-epoll,-27,b3b48b69a841c424131683069a89f988f457da95,1
20,netty/netty,transport-native-epoll,-26,df1657d0540d0b14ee39d9c10423484c72782079,1
20,netty/netty,transport-native-epoll,-25,828ea7ceeb72a9e0c943df8b5fe634ce1bd9537f,1
20,netty/netty,transport-native-epoll,-24,4475b5c5719e7e7f36f2f01e25c139bcb2b048d4,1
20,netty/netty,transport-native-epoll,-23,263a745b93513b8f761daa007897af9ce57161ba,1
20,netty/netty,transport-native-epoll,-22,cd4c07e9380da347ba10c75b980a486e8fe53980,1
20,netty/netty,transport-native-epoll,-21,367d997a939181594873c4a846556263d4d9fe4e,1
20,netty/netty,transport-native-epoll,-20,6b45db71f25e7804ff145dc99769ea917a9abd0f,1
20,netty/netty,transport-native-epoll,-19,44b7e5b12d8dff3d07dfb773680120cc20f7e203,1
20,netty/netty,transport-native-epoll,-18,d773f37e3422b8bc38429bbde94583173c3b7e4a,1
20,netty/netty,transport-native-epoll,-17,24a0ac36ea91d1aee647d738f879ac873892d829,1
20,netty/netty,transport-native-epoll,-16,79af2f2e1db8e89a386b0ca9eeeee8d6d181c5e6,1
20,netty/netty,transport-native-epoll,-15,acc352521ce3ef4200095404950f7d2b4808c4ef,1
20,netty/netty,transport-native-epoll,-14,573aad16be1dc8a2156c51fa475a029af2c055d3,1
20,netty/netty,transport-native-epoll,-13,4eda913d998898d8489565904b2a5d133d081413,1
20,netty/netty,transport-native-epoll,-12,69270b102a6339ef3279e3f0755526db001850ef,1
20,netty/netty,transport-native-epoll,-11,d3ce32b95b52910ede366f3ce0194dd835f28363,1
20,netty/netty,transport-native-epoll,-10,da1a448d5bc4f36cc1744db93fcaf64e198db2bd,1
20,netty/netty,transport-native-epoll,-9,884e7dbbb1ab69d309926445cc8c28a48bed1cdd,1
20,netty/netty,transport-native-epoll,-8,e5ca0b0f0b74fd2459c85afff35a507fd9077a2c,1
20,netty/netty,transport-native-epoll,-7,cbc995865ed1e082d5581744e9c90c6d119652b1,1
20,netty/netty,transport-native-epoll,-6,3bd421cf9525d3b3f8de2a9f649dceb14c87eccf,1
20,netty/netty,transport-native-epoll,-5,9eb029d630b269e907aaa4a19bc86753d70e399c,1
20,netty/netty,transport-native-epoll,-4,711db30226a5d1f4c00c05702b9c6616b7b12c3c,1
20,netty/netty,transport-native-epoll,-3,2f68f214e4ae350869e29bd052b1809438e4c97e,1
20,netty/netty,transport-native-epoll,-2,656dadf053b4426bc3a820d9a05f60ce33159ad1,1
20,netty/netty,transport-native-epoll,-1,4835afdf36e5076029a64f2fccfb98fac3b8769a,1
20,netty/netty,transport-native-epoll,0,97276486599de0d72d16ceeac8802afa2c2249ef,1
20,netty/netty,transport-native-epoll,1,8e3fe284251d61543cfc37c6b061b63ce6946aaf,1
20,netty/netty,transport-native-epoll,2,d7a8169f1b9bb4cf7708c066d26490da6be53cce,1
20,netty/netty,transport-native-epoll,3,58df783eb4fc50f95a1061dc4274020d6804caf4,1
20,netty/netty,transport-native-epoll,4,7aeb4c4b516eb313a75c9c4d5d43bbe060598563,1
20,netty/netty,transport-native-epoll,5,c6a6aadaface1b2b66d2608dcdc6e4c04c1648cc,1
20,netty/netty,transport-native-epoll,6,285ba74f899866ddf3e23a6770c954e350245bd7,1
20,netty/netty,transport-native-epoll,7,ade1223dd31d32e5ea0288b8a0f0fd148e231d0f,1
20,netty/netty,transport-native-epoll,8,0da2058cbf1b1d76b0cb00036daabe89c32aaa7b,1
20,netty/netty,transport-native-epoll,9,b4dad390dffefb04a2b2d518ad1c3515b0f7fb47,1
20,netty/netty,transport-native-epoll,10,a34f445516e191ca6c4646f46c280f302e9e3ca7,1
20,netty/netty,transport-native-epoll,11,c29508672c7e9aa01bbe2a14f7438d82c5b25f91,1
20,netty/netty,transport-native-epoll,12,257742648994569cadce5a6fac079bc8c041b141,1
20,netty/netty,transport-native-epoll,13,3710cf1d19fb83cb6d09097db47be97b73248d44,1
20,netty/netty,transport-native-epoll,14,356f2f0c892c4d572e60e15f24c33a7996703bb5,1
20,netty/netty,transport-native-epoll,15,53d67451642e4560708d870103e6f09268b2f7b6,1
20,netty/netty,transport-native-epoll,16,47579d07fe9b0232df4e83120131388864bfb52b,1
20,netty/netty,transport-native-epoll,17,b1947417b7444326965086b951b75f0128cf7085,1
20,netty/netty,transport-native-epoll,18,9d0ec7b9356487f11921340c6b54f9f0c8c8b4b7,1
20,netty/netty,transport-native-epoll,19,ddf1beba054f2634cc3269efa751ca0da98d934e,1
20,netty/netty,transport-native-epoll,20,1908d3a8b02b6ebd00b6c3c0f60cf31a8e31d2ca,1
20,netty/netty,transport-native-epoll,21,6038b594147e31ab71b100d7ded8534c07c4e5f5,1
20,netty/netty,transport-native-epoll,22,ff9f7d27b8cac4401e6b0f8df79a88f0b9d4b3c6,1
20,netty/netty,transport-native-epoll,23,c5902c92aa84d378dae7d83d2e54c0e695f4d49b,1
20,netty/netty,transport-native-epoll,24,cd3c1b033c543f825a01463590fcaf84d2bf981f,1
20,netty/netty,transport-native-epoll,25,90598737edbef91e3a5f3d6e45be47cb52fdebf3,1
20,netty/netty,transport-native-epoll,26,a733b965f53ea34aa8b3e52fd9c3dffbdcf3f7ac,1
20,netty/netty,transport-native-epoll,27,7b1e6c9c8bafe2040221c63eacb1a007d801711d,1
20,netty/netty,transport-native-epoll,28,3a3f9d13b129555802de5652667ca0af662f554e,1
20,netty/netty,transport-native-epoll,29,45ba439cc0584f6ed0c3a0d7cdb7f319c5618b08,1
20,netty/netty,transport-native-epoll,30,43455dfe98202b8dc63d89ac3f04027c3e8f9f54,1
20,netty/netty,transport-native-epoll,31,13231ab34709821e427b92199ec523cd2a29ef3d,1
20,netty/netty,transport-native-epoll,32,1dd35f2ef703fac4c5fe2f6b5ad1ae24746950f0,1
20,netty/netty,transport-native-epoll,33,120b969d2d66bbe461a6715b164fc8d7f975e03d,1
20,netty/netty,transport-native-epoll,34,596a1f0be946962ce6d25483c511550c27c1c998,1
20,netty/netty,transport-native-epoll,35,7805e3ec52a619918750288821f050fa912d429f,1
20,netty/netty,transport-native-epoll,36,c390810421cf0fe2bda22af8990bb7d8a2a99aed,1
20,netty/netty,transport-native-epoll,37,dacd5c0feca5a469b872e9d14f6270ba25c5a0d8,1
20,netty/netty,transport-native-epoll,38,2c17831c87f2b3b623419eef1e0a976b0c4695c7,1
20,netty/netty,transport-native-epoll,39,d3fdf714afe4967e67192fb7218f26d5e1b14e9c,1
20,netty/netty,transport-native-epoll,40,7da28932bb6c547cd3851a713ceaf22864b20fc1,1
20,netty/netty,transport-native-epoll,41,5451fbb0effd8460f57013bb33aefeb953144ed9,1
20,netty/netty,transport-native-epoll,42,2a3dca8bc73a6b54e0c6c9f9a4a781ee12bef0d1,1
20,netty/netty,transport-native-epoll,43,1a81101abac8e3ec87d45f89b7374acb863a2304,1
20,netty/netty,transport-native-epoll,44,b812e03f091aa3c2cc95fe60463a290e79f610c4,1
20,netty/netty,transport-native-epoll,45,bf5affad4bd01ea5e43b579ae8fbde23195c8f63,1
20,netty/netty,transport-native-epoll,46,74e6667a924aa26201e1844b57a375e436ed90a0,1
20,netty/netty,transport-native-epoll,47,d7c3432b0160bbe96204854ac0bbb4811e2c3b9c,1
20,netty/netty,transport-native-epoll,48,adccf97256009196c8dbff84e1685012b47ed961,1
20,netty/netty,transport-native-epoll,49,d7dea65ff8e14132eacdf6bd7bc454131d4c80cd,1
20,netty/netty,transport-native-epoll,50,12b29ebdd2f71611394c9455f59ccb959a129951,1
20,netty/netty,transport-native-epoll,51,2df634969bf18c62cc36524166af67736f07ee92,1
20,netty/netty,transport-native-epoll,52,60ace7836e2ee9612b5acae29b4ca09b3c935c7f,1
20,netty/netty,transport-native-epoll,53,723539fefaf8572706869ba8e3d13b2f31e33894,1
20,netty/netty,transport-native-epoll,54,c97c468daf0fadc3029aa590da8eac2fe8184c72,1
20,netty/netty,transport-native-epoll,55,2bc97400bb0bd1b55ed0a7ae5a8b39a908de0f56,1
20,netty/netty,transport-native-epoll,56,8bb39bebb5d5be346c042b49904692eea146033e,1
20,netty/netty,transport-native-epoll,57,f8dd6b75701517b47d710bf08a77846eaf3a658e,1
20,netty/netty,transport-native-epoll,58,7b764b5d7b8c887961b9a42acbcafb03116f02a5,1
20,netty/netty,transport-native-epoll,59,1e63b80a2b2f8a630c2da7167deec583cd2f34eb,1
20,netty/netty,transport-native-epoll,60,7a873be08201e999572c04158ef33d17309bb9f5,1
20,netty/netty,transport-native-epoll,61,70d4488ecbb91869ad17ae33c9f5c69f7e4ee956,1
20,netty/netty,transport-native-epoll,62,d41f28cd6ad0ddd7f90c7a9430b5e17a7a0827af,1
20,netty/netty,transport-native-epoll,63,fcbede072be7c0dc6a03e3b85dfdf8731bae1e33,1
20,netty/netty,transport-native-epoll,64,0d2d8786696abafcd845b3f589992460f43d3f58,1
20,netty/netty,transport-native-epoll,65,99548d2a83f141930ea6ffbaa5f1fed9384b0924,1
20,netty/netty,transport-native-epoll,66,a123af94b6e3430cc4044a59dff3036bc9d83eff,1
20,netty/netty,transport-native-epoll,67,c05cc428dc9c54ac4f16e4a42299807ec12af4ba,1
20,netty/netty,transport-native-epoll,68,9ec35d9109e883cea6521bd41512ce5d5813925b,1
20,netty/netty,transport-native-epoll,69,b53604f51b5613e0884bc7ac95a834cc1b7471b0,1
20,netty/netty,transport-native-epoll,70,1cc6751b9403eabd6cfd0cd12086759ad29e4a12,1
20,netty/netty,transport-native-epoll,71,1d0ce3e922febf5560add5ac3c7a2246cf2236e2,1
20,netty/netty,transport-native-epoll,72,ad0ee71c6cd5440b448c6fda116c0e8734f05209,1
20,netty/netty,transport-native-epoll,73,9fbd6993c0a61f53756236728267f966c2750b31,1
20,netty/netty,transport-native-epoll,74,8e266e45092fbb355e23ac01468c71548ca040cb,1
20,netty/netty,transport-native-epoll,75,f4aebcb9324d43facce51f63e9423904525347c5,1
20,netty/netty,transport-native-epoll,76,7bf4797aa260031d8a88e6d16ada49a501f6fd34,1
20,netty/netty,transport-native-epoll,77,4d0327f12997fccbe9f8ed4678c949fdecbd4298,1
20,netty/netty,transport-native-epoll,78,4b2057342126603e93cb38f1371197c18ea85d4e,1
20,netty/netty,transport-native-epoll,79,4f988b1158a4f25ab3ea77debf018947b9d2b346,1
20,netty/netty,transport-native-epoll,80,5af457addca45f3fc6d912e7adabed9138ed61a5,1
20,netty/netty,transport-native-epoll,81,7f708072ccde3233ab563918af584f6d3601fc04,1
20,netty/netty,transport-native-epoll,82,55c0d56abe3b3f8da802bb12be151e0566971936,1
20,netty/netty,transport-native-epoll,83,09e64d259c99be8b5b2a471a78f11e65eb82598a,1
20,netty/netty,transport-native-epoll,84,b6557185d73cb0bd506c5bf835ab66b3811b001f,1
20,netty/netty,transport-native-epoll,85,55311263f295c87fbfb9af29268061374b11da28,1
20,netty/netty,transport-native-epoll,86,dd3145f63f1add495284aebb3a30f21582fbd955,1
20,netty/netty,transport-native-epoll,87,86b2619f7f54d402588ee123c33573c5d0b17605,1
20,netty/netty,transport-native-epoll,88,647dfea4b76bc8e112856517a50493932c3039a4,1
20,netty/netty,transport-native-epoll,89,9b1242040723510a53066b41aff1ccc017342357,1
20,netty/netty,transport-native-epoll,90,6e98c35c869723b8b0a72e3f7f88b3a371546937,1
20,netty/netty,transport-native-epoll,91,72d0cce1ac3b7006eb78d42eeb56855098ccfb4a,1
20,netty/netty,transport-native-epoll,92,54716921f3100ac09ece9fc0f4ffe81c4fd23fce,1
20,netty/netty,transport-native-epoll,93,e66580721edc3e3a2415d2796ad3f8cfa4df12a6,1
20,netty/netty,transport-native-epoll,94,a53d9acaae816f0b745704da93fd74596b3db961,1
20,netty/netty,transport-native-epoll,95,c89c90ae105bb15a06b76b0a11269a2c6ef2e1d5,1
20,netty/netty,transport-native-epoll,96,b43c4e3ce0e02dc45c38739e2d7dfa3ef8124145,1
20,netty/netty,transport-native-epoll,97,4dc0b3a4ef8f9558b83df0d742d8bd0712a136f1,1
20,netty/netty,transport-native-epoll,98,660edeaefad4a4cedbd61584e8f668ad2d89f0b8,1
20,netty/netty,transport-native-epoll,99,3f6ddc0c60e5a95e73fc5ac2fd77fbdf3c372d63,1
20,netty/netty,transport-native-epoll,100,05508d2e3d1356629fcf811a9f3537abb1357299,1
29,netty/netty,transport,-100,53fa91f6f644f24bcd085fbeb64bfec01e8fb61e,1
29,netty/netty,transport,-99,b3b48b69a841c424131683069a89f988f457da95,1
29,netty/netty,transport,-98,ba804498ac1baf4da91275326eeba45552ab6ebf,1
29,netty/netty,transport,-97,c82d5db02bb2d3102cf172bdf57670ab38cfbec7,1
29,netty/netty,transport,-96,272d7493864a25a0b72f6a8cfbe0605ed21e9e27,1
29,netty/netty,transport,-95,828ea7ceeb72a9e0c943df8b5fe634ce1bd9537f,1
29,netty/netty,transport,-94,4475b5c5719e7e7f36f2f01e25c139bcb2b048d4,1
29,netty/netty,transport,-93,263a745b93513b8f761daa007897af9ce57161ba,1
29,netty/netty,transport,-92,cd4c07e9380da347ba10c75b980a486e8fe53980,1
29,netty/netty,transport,-91,9ec938c78faf75230d24c0a30c037a66f8ccee90,1
29,netty/netty,transport,-90,c353f4fea52559d09b3811492c92a38aa1887501,1
29,netty/netty,transport,-89,367d997a939181594873c4a846556263d4d9fe4e,1
29,netty/netty,transport,-88,6b45db71f25e7804ff145dc99769ea917a9abd0f,1
29,netty/netty,transport,-87,d773f37e3422b8bc38429bbde94583173c3b7e4a,1
29,netty/netty,transport,-86,24a0ac36ea91d1aee647d738f879ac873892d829,1
29,netty/netty,transport,-85,de876d197a945e2b3a4a96b90a65c00611b77806,1
29,netty/netty,transport,-84,acc352521ce3ef4200095404950f7d2b4808c4ef,1
29,netty/netty,transport,-83,573aad16be1dc8a2156c51fa475a029af2c055d3,1
29,netty/netty,transport,-82,9fe796e10a433b6cd20ad78b2c39cd56b86ccd2e,1
29,netty/netty,transport,-81,0e8b0252fb595ccf7c4fdc7cce461264c68b4b1c,1
29,netty/netty,transport,-80,69270b102a6339ef3279e3f0755526db001850ef,1
29,netty/netty,transport,-79,d3ce32b95b52910ede366f3ce0194dd835f28363,1
29,netty/netty,transport,-78,26a7df3e9a5a4945786a736ad28cb2db62015016,1
29,netty/netty,transport,-77,da1a448d5bc4f36cc1744db93fcaf64e198db2bd,1
29,netty/netty,transport,-76,884e7dbbb1ab69d309926445cc8c28a48bed1cdd,1
29,netty/netty,transport,-75,fa2c81f7cb9115d9417410ec23f023ae9ea34f8b,1
29,netty/netty,transport,-74,e5ca0b0f0b74fd2459c85afff35a507fd9077a2c,1
29,netty/netty,transport,-73,cbc995865ed1e082d5581744e9c90c6d119652b1,1
29,netty/netty,transport,-72,830166292be28e64ec6b43170cff40a31a442ad4,1
29,netty/netty,transport,-71,a81a40607420058dd2aba87b846decdabf6d5c83,1
29,netty/netty,transport,-70,3bd421cf9525d3b3f8de2a9f649dceb14c87eccf,1
29,netty/netty,transport,-69,9eb029d630b269e907aaa4a19bc86753d70e399c,1
29,netty/netty,transport,-68,5cb49747d206d440c81581572bd04054573c8d74,1
29,netty/netty,transport,-67,711db30226a5d1f4c00c05702b9c6616b7b12c3c,1
29,netty/netty,transport,-66,2f68f214e4ae350869e29bd052b1809438e4c97e,1
29,netty/netty,transport,-65,5155482afc57907a1414994ef5aca79b61ac6999,1
29,netty/netty,transport,-64,7dee4e6f8d3fa41b97666e5ff36b148d498da4ab,1
29,netty/netty,transport,-63,656dadf053b4426bc3a820d9a05f60ce33159ad1,1
29,netty/netty,transport,-62,4835afdf36e5076029a64f2fccfb98fac3b8769a,1
29,netty/netty,transport,-61,8e3fe284251d61543cfc37c6b061b63ce6946aaf,1
29,netty/netty,transport,-60,d7a8169f1b9bb4cf7708c066d26490da6be53cce,1
29,netty/netty,transport,-59,58df783eb4fc50f95a1061dc4274020d6804caf4,1
29,netty/netty,transport,-58,7aeb4c4b516eb313a75c9c4d5d43bbe060598563,1
29,netty/netty,transport,-57,7800070656daf4728a91ce3d527651334d0c7745,1
29,netty/netty,transport,-56,5a982148ba06ea74ffbefde0f6e577c1fcd9aad2,1
29,netty/netty,transport,-55,d2a72648ca2278abcc0099a9f740ec7f4d196e11,1
29,netty/netty,transport,-54,c6a6aadaface1b2b66d2608dcdc6e4c04c1648cc,1
29,netty/netty,transport,-53,285ba74f899866ddf3e23a6770c954e350245bd7,1
29,netty/netty,transport,-52,e2c706adad8fa3c5c5d5f15d1b6b2fb0a582a06d,1
29,netty/netty,transport,-51,0da2058cbf1b1d76b0cb00036daabe89c32aaa7b,1
29,netty/netty,transport,-50,b4dad390dffefb04a2b2d518ad1c3515b0f7fb47,1
29,netty/netty,transport,-49,a34f445516e191ca6c4646f46c280f302e9e3ca7,1
29,netty/netty,transport,-48,c29508672c7e9aa01bbe2a14f7438d82c5b25f91,1
29,netty/netty,transport,-47,257742648994569cadce5a6fac079bc8c041b141,1
29,netty/netty,transport,-46,3710cf1d19fb83cb6d09097db47be97b73248d44,1
29,netty/netty,transport,-45,427ace4cdd86cce84e467ec0a8a81ca022ed6f72,1
29,netty/netty,transport,-44,7700680138f2310a4d9df51cd0805853c8acdd38,1
29,netty/netty,transport,-43,47579d07fe9b0232df4e83120131388864bfb52b,1
29,netty/netty,transport,-42,b1947417b7444326965086b951b75f0128cf7085,1
29,netty/netty,transport,-41,e2859f4f42cb237484c58ea19f757f88cf610c4b,1
29,netty/netty,transport,-40,9d0ec7b9356487f11921340c6b54f9f0c8c8b4b7,1
29,netty/netty,transport,-39,ddf1beba054f2634cc3269efa751ca0da98d934e,1
29,netty/netty,transport,-38,8d7c11357cf567cc26fb6f22897b36f0c335f78f,1
29,netty/netty,transport,-37,1908d3a8b02b6ebd00b6c3c0f60cf31a8e31d2ca,1
29,netty/netty,transport,-36,6038b594147e31ab71b100d7ded8534c07c4e5f5,1
29,netty/netty,transport,-35,46d6e164a2a46e2c6d802f84e0c24abd475bcd89,1
29,netty/netty,transport,-34,85cee9d1a8881a93e7c43a02baefea75b6ade2b5,1
29,netty/netty,transport,-33,2429f158c5f34502eead55d9e9e9c5cc25b52ec7,1
29,netty/netty,transport,-32,ff9f7d27b8cac4401e6b0f8df79a88f0b9d4b3c6,1
29,netty/netty,transport,-31,c5902c92aa84d378dae7d83d2e54c0e695f4d49b,1
29,netty/netty,transport,-30,cd3c1b033c543f825a01463590fcaf84d2bf981f,1
29,netty/netty,transport,-29,90598737edbef91e3a5f3d6e45be47cb52fdebf3,1
29,netty/netty,transport,-28,a733b965f53ea34aa8b3e52fd9c3dffbdcf3f7ac,1
29,netty/netty,transport,-27,7b1e6c9c8bafe2040221c63eacb1a007d801711d,1
29,netty/netty,transport,-26,3a3f9d13b129555802de5652667ca0af662f554e,1
29,netty/netty,transport,-25,45ba439cc0584f6ed0c3a0d7cdb7f319c5618b08,1
29,netty/netty,transport,-24,eff43eaeb60954b79ad3142d666732ca54cac0e7,1
29,netty/netty,transport,-23,1b79170b92dbe463bd9854a9d20446ae003ac951,1
29,netty/netty,transport,-22,e19c91f73aa9d9ae2e67c0b01847f72a882196d1,1
29,netty/netty,transport,-21,eb48822ed035653eb4fdc166b15734d7b8cb633e,1
29,netty/netty,transport,-20,9f44b970708045aa19970cb417ec7127c2db2c17,1
29,netty/netty,transport,-19,43455dfe98202b8dc63d89ac3f04027c3e8f9f54,1
29,netty/netty,transport,-18,13231ab34709821e427b92199ec523cd2a29ef3d,1
29,netty/netty,transport,-17,1dd35f2ef703fac4c5fe2f6b5ad1ae24746950f0,1
29,netty/netty,transport,-16,1851a214042142f35fcf8d3f1b67e65a29f2b3a1,1
29,netty/netty,transport,-15,e2aab650fefe3ea2f5c88c5f0b4f406e75319a85,1
29,netty/netty,transport,-14,596a1f0be946962ce6d25483c511550c27c1c998,1
29,netty/netty,transport,-13,24bd56db0f77d2b9ff0eca5f5a7cf4fd8025df6e,1
29,netty/netty,transport,-12,45b82b079b18d9c0b8c16f392130aa36cc1813a6,1
29,netty/netty,transport,-11,ea6d93a1147d2186a6b52b6a0df28526401e0287,1
29,netty/netty,transport,-10,062e9da9d565ed3b7b794e1675da4db4b8f1c443,1
29,netty/netty,transport,-9,c390810421cf0fe2bda22af8990bb7d8a2a99aed,1
29,netty/netty,transport,-8,7ed972d070f9c1f8d89cc226568e61e3b5f2a6f5,1
29,netty/netty,transport,-7,d3e830c739708e13c821edd69e11da3053e6dd94,1
29,netty/netty,transport,-6,9daa15f29f50ab29cad3b5662cd147b1e11c732c,1
29,netty/netty,transport,-5,47f2a78057190525d38544360a049225ecbe9c53,1
29,netty/netty,transport,-4,d3fdf714afe4967e67192fb7218f26d5e1b14e9c,1
29,netty/netty,transport,-3,b2b6ccdf4b4392170047143e2a4e13a2d8397f59,1
29,netty/netty,transport,-2,028394ad1c1b59461e2ad8e6f39bf7b0dc35b6da,1
29,netty/netty,transport,-1,59a7096f900fa0d68db82ddaca21c28aab77b481,1
29,netty/netty,transport,0,2d8d8916e5f0fec711b865b2e474eda2269656e2,1
29,netty/netty,transport,1,4565f942690a782f162d6ff4bb5b3167b1b1338d,1
29,netty/netty,transport,2,7da28932bb6c547cd3851a713ceaf22864b20fc1,1
29,netty/netty,transport,3,5451fbb0effd8460f57013bb33aefeb953144ed9,1
29,netty/netty,transport,4,2a3dca8bc73a6b54e0c6c9f9a4a781ee12bef0d1,1
29,netty/netty,transport,5,1a81101abac8e3ec87d45f89b7374acb863a2304,1
29,netty/netty,transport,6,2c75d7d05db64e64bb210a77d275b9638ca5bf8c,1
29,netty/netty,transport,7,397eb5446d641f92f93f2bd4d30ea05a767c5e3b,1
29,netty/netty,transport,8,b812e03f091aa3c2cc95fe60463a290e79f610c4,1
29,netty/netty,transport,9,bf5affad4bd01ea5e43b579ae8fbde23195c8f63,1
29,netty/netty,transport,10,74e6667a924aa26201e1844b57a375e436ed90a0,1
29,netty/netty,transport,11,d7c3432b0160bbe96204854ac0bbb4811e2c3b9c,1
29,netty/netty,transport,12,adccf97256009196c8dbff84e1685012b47ed961,1
29,netty/netty,transport,13,d7dea65ff8e14132eacdf6bd7bc454131d4c80cd,1
29,netty/netty,transport,14,bf73ad7fc21dd97c3e4c681fbf12ee732389e839,1
29,netty/netty,transport,15,faac07c23475b08fcb001ce6b854e006d079f41d,1
29,netty/netty,transport,16,0f2beb2084a5308e372fec20d5c3436b7da16040,1
29,netty/netty,transport,17,12b29ebdd2f71611394c9455f59ccb959a129951,1
29,netty/netty,transport,18,2df634969bf18c62cc36524166af67736f07ee92,1
29,netty/netty,transport,19,60ace7836e2ee9612b5acae29b4ca09b3c935c7f,1
29,netty/netty,transport,20,d4881d0b8c89213c6e46e8ae3fc3bd1bc98825b6,1
29,netty/netty,transport,21,723539fefaf8572706869ba8e3d13b2f31e33894,1
29,netty/netty,transport,22,2bc97400bb0bd1b55ed0a7ae5a8b39a908de0f56,1
29,netty/netty,transport,23,8bb39bebb5d5be346c042b49904692eea146033e,1
29,netty/netty,transport,24,f8dd6b75701517b47d710bf08a77846eaf3a658e,1
29,netty/netty,transport,25,da0a65cc8d4a96cf19b4840cb527e1e42986b1d8,1
29,netty/netty,transport,26,fe041b4bebfe1272e1d703b716335e470cadb94b,1
29,netty/netty,transport,27,7b764b5d7b8c887961b9a42acbcafb03116f02a5,1
29,netty/netty,transport,28,1e63b80a2b2f8a630c2da7167deec583cd2f34eb,1
29,netty/netty,transport,29,7a873be08201e999572c04158ef33d17309bb9f5,1
29,netty/netty,transport,30,7eba84048b389aa3653cd30da13e3eb9c744819c,1
29,netty/netty,transport,31,d41f28cd6ad0ddd7f90c7a9430b5e17a7a0827af,1
29,netty/netty,transport,32,fcbede072be7c0dc6a03e3b85dfdf8731bae1e33,1
29,netty/netty,transport,33,0d2d8786696abafcd845b3f589992460f43d3f58,1
29,netty/netty,transport,34,99548d2a83f141930ea6ffbaa5f1fed9384b0924,1
29,netty/netty,transport,35,d64340b880a267a09adb5987d5d9c7566e9c8564,1
29,netty/netty,transport,36,50ffe5bd6dcd3eb4da902b49c1b3c4b47f4ff258,1
29,netty/netty,transport,37,a123af94b6e3430cc4044a59dff3036bc9d83eff,1
29,netty/netty,transport,38,c05cc428dc9c54ac4f16e4a42299807ec12af4ba,1
29,netty/netty,transport,39,9ec35d9109e883cea6521bd41512ce5d5813925b,1
29,netty/netty,transport,40,b53604f51b5613e0884bc7ac95a834cc1b7471b0,1
29,netty/netty,transport,41,fbe14e13633fdd404f5cdbccce15e1fd1f7221e5,1
29,netty/netty,transport,42,e759babe4ca84b4b406a783d12560ea5dd245d64,1
29,netty/netty,transport,43,1cc6751b9403eabd6cfd0cd12086759ad29e4a12,1
29,netty/netty,transport,44,f390662254b4bcb5e60184d2a3a81cab5936e3b7,1
29,netty/netty,transport,45,1d0ce3e922febf5560add5ac3c7a2246cf2236e2,1
29,netty/netty,transport,46,ad0ee71c6cd5440b448c6fda116c0e8734f05209,1
29,netty/netty,transport,47,9fbd6993c0a61f53756236728267f966c2750b31,1
29,netty/netty,transport,48,754183b40168219d217c60855edc1432c4b56294,1
29,netty/netty,transport,49,0f793059b9c57aef4ec27452d5de87a6522d0c7d,1
29,netty/netty,transport,50,c7910e8d2d81473963e0146a33f2d04c5d673238,1
29,netty/netty,transport,51,5ec93f97e0f29f2c077d902b6a6773b2a36bdd4a,1
29,netty/netty,transport,52,1c04eaa5afccf130c2fe38fe8a86823cacdd1d5a,1
29,netty/netty,transport,53,8e266e45092fbb355e23ac01468c71548ca040cb,1
29,netty/netty,transport,54,302fc64a5bcafc67cf1e8a0b74a8b8dd95742930,1
29,netty/netty,transport,55,0d7320ca4c87bec34db9e2020712e2b93cc3bbf5,1
29,netty/netty,transport,56,14689398ec38c51f857a9827147c8436db454459,1
29,netty/netty,transport,57,f4aebcb9324d43facce51f63e9423904525347c5,1
29,netty/netty,transport,58,d40d25bfbdd7b70423c007e8d9225f79faabc1e8,1
29,netty/netty,transport,59,7bf4797aa260031d8a88e6d16ada49a501f6fd34,1
29,netty/netty,transport,60,4d0327f12997fccbe9f8ed4678c949fdecbd4298,1
29,netty/netty,transport,61,4b2057342126603e93cb38f1371197c18ea85d4e,1
29,netty/netty,transport,62,bddaa9a78be23f04fde80d4a1d8b35da8f70cc58,1
29,netty/netty,transport,63,eeeda13e48326145ae0fbd6675fdde09e650ab99,1
29,netty/netty,transport,64,4c4eb5a9d8bfc5f0d1825e67350d397d5dc7ad78,1
29,netty/netty,transport,65,8ca647a8d236f906d4761c58cd6f0bd0ca935d09,1
29,netty/netty,transport,66,10c72f5c779f8e0f91b2be9de6ec489d7effb458,1
29,netty/netty,transport,67,8daf3ec66f267ba09c6efbd938d06c4d29ccccbf,1
29,netty/netty,transport,68,4f988b1158a4f25ab3ea77debf018947b9d2b346,1
29,netty/netty,transport,69,5af457addca45f3fc6d912e7adabed9138ed61a5,1
29,netty/netty,transport,70,7f708072ccde3233ab563918af584f6d3601fc04,1
29,netty/netty,transport,71,9965ff586a1b7e738a42408a8186f4259703755f,1
29,netty/netty,transport,72,788071415e0a985331593b5c989ffa7c6ed82c4d,1
29,netty/netty,transport,73,55c0d56abe3b3f8da802bb12be151e0566971936,1
29,netty/netty,transport,74,09e64d259c99be8b5b2a471a78f11e65eb82598a,1
29,netty/netty,transport,75,b6557185d73cb0bd506c5bf835ab66b3811b001f,1
29,netty/netty,transport,76,620794f458549b0d228715ebf4b359fdabe46140,1
29,netty/netty,transport,77,18f0b59bf8807e67980f010381caaf8a4be37a81,1
29,netty/netty,transport,78,3ca1c150ae0dc5888361c99d8d55984a2cb36b27,1
29,netty/netty,transport,79,ff519f51038645e8e2cd4c660923262556c9290e,1
29,netty/netty,transport,80,647dfea4b76bc8e112856517a50493932c3039a4,1
29,netty/netty,transport,81,9b1242040723510a53066b41aff1ccc017342357,1
29,netty/netty,transport,82,6e98c35c869723b8b0a72e3f7f88b3a371546937,1
29,netty/netty,transport,83,72d0cce1ac3b7006eb78d42eeb56855098ccfb4a,1
29,netty/netty,transport,84,54716921f3100ac09ece9fc0f4ffe81c4fd23fce,1
29,netty/netty,transport,85,0609dd5ad6b66098c4dc69471b64c8b26f279076,1
29,netty/netty,transport,86,817c7aace6801ae135b97fcb2ba6657c9c8917cd,1
29,netty/netty,transport,87,e66580721edc3e3a2415d2796ad3f8cfa4df12a6,1
29,netty/netty,transport,88,421096f3c509b6f7a1cca450d5a2e223078d969b,1
29,netty/netty,transport,89,5457a0b9f916afa05398755536ae0e84e5408300,1
29,netty/netty,transport,90,fa7dad6077069da5694e889b3c2f22153f172c86,1
29,netty/netty,transport,91,378139f2516df2e686d87c8e690379280458cde4,1
29,netty/netty,transport,92,8060cc87557097555efdad730eadd4387d3cbf92,1
29,netty/netty,transport,93,7dc4baa0cc1623681b834ca17547440775a5d05d,1
29,netty/netty,transport,94,c4d8d69be86b30034bad67ee9adb04c2adf309bb,1
29,netty/netty,transport,95,b43c4e3ce0e02dc45c38739e2d7dfa3ef8124145,1
29,netty/netty,transport,96,1fa1b7e7ef5e955251c6789dfbaa7c09b8f3fd7d,1
29,netty/netty,transport,97,b4d8ae3715d13d15086e91110f48693896513260,1
29,netty/netty,transport,98,660edeaefad4a4cedbd61584e8f668ad2d89f0b8,1
29,netty/netty,transport,99,3f6ddc0c60e5a95e73fc5ac2fd77fbdf3c372d63,1
29,netty/netty,transport,100,6b99a629829b255c4f6e1895b39056e74914ac4b,1
33,netty/netty,handler,-100,acc352521ce3ef4200095404950f7d2b4808c4ef,1
33,netty/netty,handler,-99,573aad16be1dc8a2156c51fa475a029af2c055d3,1
33,netty/netty,handler,-98,6a18f8fb649ffc53bbf46640d486de2a4aa7985e,1
33,netty/netty,handler,-97,69270b102a6339ef3279e3f0755526db001850ef,1
33,netty/netty,handler,-96,d3ce32b95b52910ede366f3ce0194dd835f28363,1
33,netty/netty,handler,-95,535da17e45201ae4278c0479e6162bb4127d4c32,1
33,netty/netty,handler,-94,da1a448d5bc4f36cc1744db93fcaf64e198db2bd,1
33,netty/netty,handler,-93,884e7dbbb1ab69d309926445cc8c28a48bed1cdd,1
33,netty/netty,handler,-92,4bd20067ace14b3dfd14e4a4bb9cbe480e97d3b0,1
33,netty/netty,handler,-91,66166defefff16b417d1d1df6ef7017ae05290b6,1
33,netty/netty,handler,-90,00f48a8dd4c263b3aaca7e26d5b8ce573c4f45fb,1
33,netty/netty,handler,-89,f8d47d8489c64f7cacf7c28806103f69300d8b13,1
33,netty/netty,handler,-88,22378d800353025bbc83ce5a8564f2b0f44bae60,1
33,netty/netty,handler,-87,e5ca0b0f0b74fd2459c85afff35a507fd9077a2c,1
33,netty/netty,handler,-86,cbc995865ed1e082d5581744e9c90c6d119652b1,1
33,netty/netty,handler,-85,8b803abf36a757911e77f747b338b55a02822022,1
33,netty/netty,handler,-84,3bd421cf9525d3b3f8de2a9f649dceb14c87eccf,1
33,netty/netty,handler,-83,9eb029d630b269e907aaa4a19bc86753d70e399c,1
33,netty/netty,handler,-82,5cb49747d206d440c81581572bd04054573c8d74,1
33,netty/netty,handler,-81,a02644415681e6efc233ff77540003a48908dbf4,1
33,netty/netty,handler,-80,fbb0207d5ecce39f3d63450dfd59bad5510b8e8b,1
33,netty/netty,handler,-79,711db30226a5d1f4c00c05702b9c6616b7b12c3c,1
33,netty/netty,handler,-78,2f68f214e4ae350869e29bd052b1809438e4c97e,1
33,netty/netty,handler,-77,215329f0f551b9a2c20e103328090c4d52a01c82,1
33,netty/netty,handler,-76,744a9f9a37da342688ae49bb86516cccbd9c1668,1
33,netty/netty,handler,-75,efcd3ce942d6f68510c9e196215d1c9c3c24ff08,1
33,netty/netty,handler,-74,a6f28f2734b5ab6d302e1b6812b820d7019b9bbe,1
33,netty/netty,handler,-73,153686b1b8d4fb80e33d9114c974dd7aadc9fe8e,1
33,netty/netty,handler,-72,27c7ce9dc4e602337ff31d53a60704676ad7c93d,1
33,netty/netty,handler,-71,656dadf053b4426bc3a820d9a05f60ce33159ad1,1
33,netty/netty,handler,-70,4835afdf36e5076029a64f2fccfb98fac3b8769a,1
33,netty/netty,handler,-69,8e3fe284251d61543cfc37c6b061b63ce6946aaf,1
33,netty/netty,handler,-68,d7a8169f1b9bb4cf7708c066d26490da6be53cce,1
33,netty/netty,handler,-67,58df783eb4fc50f95a1061dc4274020d6804caf4,1
33,netty/netty,handler,-66,7aeb4c4b516eb313a75c9c4d5d43bbe060598563,1
33,netty/netty,handler,-65,32a025b4eb2c9fefb389ecd5c781f7cabc6ab139,1
33,netty/netty,handler,-64,c6a6aadaface1b2b66d2608dcdc6e4c04c1648cc,1
33,netty/netty,handler,-63,285ba74f899866ddf3e23a6770c954e350245bd7,1
33,netty/netty,handler,-62,2241f829e223f1959e8d04f5c8c4c5612d4d0885,1
33,netty/netty,handler,-61,0da2058cbf1b1d76b0cb00036daabe89c32aaa7b,1
33,netty/netty,handler,-60,b4dad390dffefb04a2b2d518ad1c3515b0f7fb47,1
33,netty/netty,handler,-59,a34f445516e191ca6c4646f46c280f302e9e3ca7,1
33,netty/netty,handler,-58,c29508672c7e9aa01bbe2a14f7438d82c5b25f91,1
33,netty/netty,handler,-57,257742648994569cadce5a6fac079bc8c041b141,1
33,netty/netty,handler,-56,3710cf1d19fb83cb6d09097db47be97b73248d44,1
33,netty/netty,handler,-55,ce0366bf9f09ede4600ed9ded699db4a379411d9,1
33,netty/netty,handler,-54,47579d07fe9b0232df4e83120131388864bfb52b,1
33,netty/netty,handler,-53,b1947417b7444326965086b951b75f0128cf7085,1
33,netty/netty,handler,-52,9d0ec7b9356487f11921340c6b54f9f0c8c8b4b7,1
33,netty/netty,handler,-51,ddf1beba054f2634cc3269efa751ca0da98d934e,1
33,netty/netty,handler,-50,79371e1f1e36cc20e949c8576dc5cf3d3d1ed20a,1
33,netty/netty,handler,-49,3634f6a2e21c417f75e3d982c3675f87eb9611fb,1
33,netty/netty,handler,-48,5d452bc8673721b3caa44c727785e7327ac860b5,1
33,netty/netty,handler,-47,f0e9b4041856231498df2fcd44cd96d6ddc57bb2,1
33,netty/netty,handler,-46,14e00f50d13d112a1a7a8eaa693c2363adeee629,1
33,netty/netty,handler,-45,f2542264c1589122365783d3abb92b4aa57700d8,1
33,netty/netty,handler,-44,1908d3a8b02b6ebd00b6c3c0f60cf31a8e31d2ca,1
33,netty/netty,handler,-43,6038b594147e31ab71b100d7ded8534c07c4e5f5,1
33,netty/netty,handler,-42,303f2722f896a38468db403b13d9732b09f6d444,1
33,netty/netty,handler,-41,e8176601344b1c22e0f6c1dfc2861d7a92f54030,1
33,netty/netty,handler,-40,68b09894f36e790e29859f6e12f1453255663fae,1
33,netty/netty,handler,-39,f78f55f69716e022e328aeb77340574d7cc9b9d3,1
33,netty/netty,handler,-38,b8cddab13de5a83a1be48a94e5095388aa424007,1
33,netty/netty,handler,-37,3c65eae052b7f460e054e6ce765cfba7f433ea32,1
33,netty/netty,handler,-36,4ba1c3e7e190bdc9bdd0ece237042f16e843c797,1
33,netty/netty,handler,-35,7133a90c8407c0351dfb5ac8b9c1a0637c830697,1
33,netty/netty,handler,-34,ff9f7d27b8cac4401e6b0f8df79a88f0b9d4b3c6,1
33,netty/netty,handler,-33,c5902c92aa84d378dae7d83d2e54c0e695f4d49b,1
33,netty/netty,handler,-32,cd3c1b033c543f825a01463590fcaf84d2bf981f,1
33,netty/netty,handler,-31,90598737edbef91e3a5f3d6e45be47cb52fdebf3,1
33,netty/netty,handler,-30,a733b965f53ea34aa8b3e52fd9c3dffbdcf3f7ac,1
33,netty/netty,handler,-29,7b1e6c9c8bafe2040221c63eacb1a007d801711d,1
33,netty/netty,handler,-28,3a3f9d13b129555802de5652667ca0af662f554e,1
33,netty/netty,handler,-27,45ba439cc0584f6ed0c3a0d7cdb7f319c5618b08,1
33,netty/netty,handler,-26,a3052bc6c11e92bc4e95b875b7209659c79938b0,1
33,netty/netty,handler,-25,43455dfe98202b8dc63d89ac3f04027c3e8f9f54,1
33,netty/netty,handler,-24,13231ab34709821e427b92199ec523cd2a29ef3d,1
33,netty/netty,handler,-23,1dd35f2ef703fac4c5fe2f6b5ad1ae24746950f0,1
33,netty/netty,handler,-22,a09c94d430eacb9a74b6e60ec82077f22e6b0c53,1
33,netty/netty,handler,-21,120b969d2d66bbe461a6715b164fc8d7f975e03d,1
33,netty/netty,handler,-20,c0503d6034fe30ee59186c2cb66f6c3c4afddb95,1
33,netty/netty,handler,-19,e2aab650fefe3ea2f5c88c5f0b4f406e75319a85,1
33,netty/netty,handler,-18,596a1f0be946962ce6d25483c511550c27c1c998,1
33,netty/netty,handler,-17,c390810421cf0fe2bda22af8990bb7d8a2a99aed,1
33,netty/netty,handler,-16,2d8d8916e5f0fec711b865b2e474eda2269656e2,1
33,netty/netty,handler,-15,9841b19025ff1683084ca5221e88a14c6555cb7c,1
33,netty/netty,handler,-14,36ddb2e9e2ff9b4ab905aed19133e2783b32edbd,1
33,netty/netty,handler,-13,4565f942690a782f162d6ff4bb5b3167b1b1338d,1
33,netty/netty,handler,-12,7da28932bb6c547cd3851a713ceaf22864b20fc1,1
33,netty/netty,handler,-11,5451fbb0effd8460f57013bb33aefeb953144ed9,1
33,netty/netty,handler,-10,2a3dca8bc73a6b54e0c6c9f9a4a781ee12bef0d1,1
33,netty/netty,handler,-9,1a81101abac8e3ec87d45f89b7374acb863a2304,1
33,netty/netty,handler,-8,8372a09092e84b98e55facfe3bd4c23448c32918,1
33,netty/netty,handler,-7,acfebeb65865ae05b26a2d08d5f90f8385862cb8,1
33,netty/netty,handler,-6,d0df89a0cbccb331b3cacd10bb62cf08d6a48c5d,1
33,netty/netty,handler,-5,b9552ea9d81427252303352ad7005b8651ea52b7,1
33,netty/netty,handler,-4,b812e03f091aa3c2cc95fe60463a290e79f610c4,1
33,netty/netty,handler,-3,bf5affad4bd01ea5e43b579ae8fbde23195c8f63,1
33,netty/netty,handler,-2,74e6667a924aa26201e1844b57a375e436ed90a0,1
33,netty/netty,handler,-1,d7c3432b0160bbe96204854ac0bbb4811e2c3b9c,1
33,netty/netty,handler,0,adccf97256009196c8dbff84e1685012b47ed961,1
33,netty/netty,handler,1,d7dea65ff8e14132eacdf6bd7bc454131d4c80cd,1
33,netty/netty,handler,2,89c43e464191a8edafacb0ba92b480b884e7d5b8,1
33,netty/netty,handler,3,ff385c73a1827551bede064faa804774774d5bfe,1
33,netty/netty,handler,4,ddd6f5f94af780c84b810858f11ae72c94ac9d76,1
33,netty/netty,handler,5,b3c24e205aed341f80b9ed28e853099a769e79c7,1
33,netty/netty,handler,6,297b5005621ff503c20e231c1a051ab34ee8710d,1
33,netty/netty,handler,7,b9fce0a74e03a24b7658c27a9e365ec310b66dc4,1
33,netty/netty,handler,8,12b29ebdd2f71611394c9455f59ccb959a129951,1
33,netty/netty,handler,9,2df634969bf18c62cc36524166af67736f07ee92,1
33,netty/netty,handler,10,60ace7836e2ee9612b5acae29b4ca09b3c935c7f,1
33,netty/netty,handler,11,723539fefaf8572706869ba8e3d13b2f31e33894,1
33,netty/netty,handler,12,2bc97400bb0bd1b55ed0a7ae5a8b39a908de0f56,1
33,netty/netty,handler,13,8bb39bebb5d5be346c042b49904692eea146033e,1
33,netty/netty,handler,14,f8dd6b75701517b47d710bf08a77846eaf3a658e,1
33,netty/netty,handler,15,d846f419edc437a30f46718e439f8d19e4b1dab0,1
33,netty/netty,handler,16,109567c1d3b0c2022733fe7d4af218b3dfaa8ee2,1
33,netty/netty,handler,17,5e5a5e8d9f94c301e2de0e9908c8b709949e4ba7,1
33,netty/netty,handler,18,85f1335200a6f938fe8f56505ef99fe9c68fd499,1
33,netty/netty,handler,19,7b764b5d7b8c887961b9a42acbcafb03116f02a5,1
33,netty/netty,handler,20,1e63b80a2b2f8a630c2da7167deec583cd2f34eb,1
33,netty/netty,handler,21,7a873be08201e999572c04158ef33d17309bb9f5,1
33,netty/netty,handler,22,3bec5c617266c995e9800c2b6c45750bced33ff5,1
33,netty/netty,handler,23,1ffd300f07366931718c9049f01445e73e46add5,1
33,netty/netty,handler,24,20fefe8232ee2c15e51cbbb287b308eec3c03717,1
33,netty/netty,handler,25,d41f28cd6ad0ddd7f90c7a9430b5e17a7a0827af,1
33,netty/netty,handler,26,fcbede072be7c0dc6a03e3b85dfdf8731bae1e33,1
33,netty/netty,handler,27,0d2d8786696abafcd845b3f589992460f43d3f58,1
33,netty/netty,handler,28,99548d2a83f141930ea6ffbaa5f1fed9384b0924,1
33,netty/netty,handler,29,36e92079605567a610642fb323c4bdee3a856207,1
33,netty/netty,handler,30,b3f23650a434b75304485b35c9037ab162c176d7,1
33,netty/netty,handler,31,7507b19bdda27a3b7d98d6ac078e90bb8d8be871,1
33,netty/netty,handler,32,3e114a7edd00711dc037a432cf574bb8f6b94a33,1
33,netty/netty,handler,33,1f7cafd9763970cbd02a7d4f0814d328c5bd704b,1
33,netty/netty,handler,34,d7cee2203e0b93f0b4a0bdd7a0739d3f2eca5e65,1
33,netty/netty,handler,35,1f265fb829544e5b1b459738b2e8927f52a236cd,1
33,netty/netty,handler,36,13677b00e99e2b6fa6da3f534d70f9ec6b2a326d,1
33,netty/netty,handler,37,a123af94b6e3430cc4044a59dff3036bc9d83eff,1
33,netty/netty,handler,38,c05cc428dc9c54ac4f16e4a42299807ec12af4ba,1
33,netty/netty,handler,39,9ec35d9109e883cea6521bd41512ce5d5813925b,1
33,netty/netty,handler,40,b53604f51b5613e0884bc7ac95a834cc1b7471b0,1
33,netty/netty,handler,41,6138f1160d6245174d2fce8c3a07221d96529a50,1
33,netty/netty,handler,42,3fb10d858c331a939b6105c6bd43d0a9eaa9d593,1
33,netty/netty,handler,43,7fce9f22f76c14561c8eff8e24f8d894fef6e77f,1
33,netty/netty,handler,44,031427436e861a024fc172e2adf94a427733adb7,1
33,netty/netty,handler,45,0c08a44860835c2205f53a40f43b2f15622bedec,1
33,netty/netty,handler,46,e759babe4ca84b4b406a783d12560ea5dd245d64,1
33,netty/netty,handler,47,f1766724e4179c55c2e1df053594a531cc241234,1
33,netty/netty,handler,48,f62542a795d2e3e2a47a30495e2bebb7a0fbd06b,1
33,netty/netty,handler,49,1cc6751b9403eabd6cfd0cd12086759ad29e4a12,1
33,netty/netty,handler,50,1d0ce3e922febf5560add5ac3c7a2246cf2236e2,1
33,netty/netty,handler,51,ad0ee71c6cd5440b448c6fda116c0e8734f05209,1
33,netty/netty,handler,52,ee4f38a9b991e2700414f4f1342a11e7bda18893,1
33,netty/netty,handler,53,79c731da0cb1da32f39ad6cd9e49c9f67a4b2af2,1
33,netty/netty,handler,54,8e266e45092fbb355e23ac01468c71548ca040cb,1
33,netty/netty,handler,55,d40d25bfbdd7b70423c007e8d9225f79faabc1e8,1
33,netty/netty,handler,56,178b22cbf85886a055b5c3fe5b82cd56c1cd0c94,1
33,netty/netty,handler,57,7bf4797aa260031d8a88e6d16ada49a501f6fd34,1
33,netty/netty,handler,58,4d0327f12997fccbe9f8ed4678c949fdecbd4298,1
33,netty/netty,handler,59,4b2057342126603e93cb38f1371197c18ea85d4e,1
33,netty/netty,handler,60,783179b21f8a46b461e6b56697ffcb47d0c48b38,1
33,netty/netty,handler,61,732a72f43dcc34a6e6d2300f1f25adf5ba3509f3,1
33,netty/netty,handler,62,287a5649e749ff23774426445bd9b2d452a54a3e,1
33,netty/netty,handler,63,0d3e2af750c8cb4ac98e16c110d47eeb6da8d799,1
33,netty/netty,handler,64,51fb00667979a475d0f9cacf90fd99fb84f13db8,1
33,netty/netty,handler,65,4f988b1158a4f25ab3ea77debf018947b9d2b346,1
33,netty/netty,handler,66,5af457addca45f3fc6d912e7adabed9138ed61a5,1
33,netty/netty,handler,67,7f708072ccde3233ab563918af584f6d3601fc04,1
33,netty/netty,handler,68,cb4535f3d5e17f6812d1c426dadfd99f0034de96,1
33,netty/netty,handler,69,55c0d56abe3b3f8da802bb12be151e0566971936,1
33,netty/netty,handler,70,09e64d259c99be8b5b2a471a78f11e65eb82598a,1
33,netty/netty,handler,71,b6557185d73cb0bd506c5bf835ab66b3811b001f,1
33,netty/netty,handler,72,d7df50eba584e76b9ddd99b071dd10f245393c3a,1
33,netty/netty,handler,73,18f0b59bf8807e67980f010381caaf8a4be37a81,1
33,netty/netty,handler,74,51501b8d106ac55a21b0660559ce22c484312054,1
33,netty/netty,handler,75,a000e9b78a91976a87afd49e4cb7a8301bf0d777,1
33,netty/netty,handler,76,530ee7cb26134902b2603c6b98217466775acd12,1
33,netty/netty,handler,77,647dfea4b76bc8e112856517a50493932c3039a4,1
33,netty/netty,handler,78,9b1242040723510a53066b41aff1ccc017342357,1
33,netty/netty,handler,79,6e98c35c869723b8b0a72e3f7f88b3a371546937,1
33,netty/netty,handler,80,72d0cce1ac3b7006eb78d42eeb56855098ccfb4a,1
33,netty/netty,handler,81,54716921f3100ac09ece9fc0f4ffe81c4fd23fce,1
33,netty/netty,handler,82,87fc95da042894788281076f8ce558a4348d008a,1
33,netty/netty,handler,83,668d91e207b056ccda0f1060222ae47efdd6df77,1
33,netty/netty,handler,84,2d3acab735872e2194c5eb39cde6674ec07c1f6a,1
33,netty/netty,handler,85,e66580721edc3e3a2415d2796ad3f8cfa4df12a6,1
33,netty/netty,handler,86,421096f3c509b6f7a1cca450d5a2e223078d969b,1
33,netty/netty,handler,87,1e5c8e5ea781e95666ee9a09a23fce529619055d,1
33,netty/netty,handler,88,5457a0b9f916afa05398755536ae0e84e5408300,1
33,netty/netty,handler,89,fa7dad6077069da5694e889b3c2f22153f172c86,1
33,netty/netty,handler,90,378139f2516df2e686d87c8e690379280458cde4,1
33,netty/netty,handler,91,7ec71af4705fd8ee66c5af8f424d4e367ebebd99,1
33,netty/netty,handler,92,5ce6345007ae62b52a94d7adbca5ca6d331f20f1,1
33,netty/netty,handler,93,4151d29cb14d07e2d962a6b187cba5e7b142cc38,1
33,netty/netty,handler,94,c4d8d69be86b30034bad67ee9adb04c2adf309bb,1
33,netty/netty,handler,95,47336cd84c3c423ff363a0d87b00269db1c8280c,1
33,netty/netty,handler,96,b43c4e3ce0e02dc45c38739e2d7dfa3ef8124145,1
33,netty/netty,handler,97,4dc0b3a4ef8f9558b83df0d742d8bd0712a136f1,1
33,netty/netty,handler,98,660edeaefad4a4cedbd61584e8f668ad2d89f0b8,1
33,netty/netty,handler,99,3f6ddc0c60e5a95e73fc5ac2fd77fbdf3c372d63,1
33,netty/netty,handler,100,93a3e638885c2e6b3fe87c5525ea2769fc4caf33,1
1117,flowable/flowable-engine,modules/flowable-engine,-100,2c9d477bf3b9b4ae42981156a9449d423b0e73e7,1
1117,flowable/flowable-engine,modules/flowable-engine,-99,87bd0a46a7470146b6384188806638b379f423fe,1
1117,flowable/flowable-engine,modules/flowable-engine,-98,1d02f6de3c0c4ea3f145777be464ac7603b8a914,1
1117,flowable/flowable-engine,modules/flowable-engine,-97,bd2b094d938b8c78a03b13551f733c5a664c4d75,1
1117,flowable/flowable-engine,modules/flowable-engine,-96,754f044fa0ddf3c6ee3d77b1e1db41191ef1e802,1
1117,flowable/flowable-engine,modules/flowable-engine,-95,a0c44470bfed3313beeea74b4ccecac728336fbe,1
1117,flowable/flowable-engine,modules/flowable-engine,-94,7982ea9a0ab1cd243b21b377a2491c6714c62223,1
1117,flowable/flowable-engine,modules/flowable-engine,-93,88ef5177d8473ce9e9dc1a195b9da63603e5778d,1
1117,flowable/flowable-engine,modules/flowable-engine,-92,7dd05695e94d493e72f75b8706c43425a4ec8015,1
1117,flowable/flowable-engine,modules/flowable-engine,-91,2d7fd445971cfa8f9f86476301ff9c8119bf092b,1
1117,flowable/flowable-engine,modules/flowable-engine,-90,11fc10df8777f40125cbd1bcee47a055ff10d6d8,1
1117,flowable/flowable-engine,modules/flowable-engine,-89,51e200777845e4b0476b239e6ca0c821c975e168,1
1117,flowable/flowable-engine,modules/flowable-engine,-88,305cca505d103ccef61c74e04b4f2deef0e5fcc4,1
1117,flowable/flowable-engine,modules/flowable-engine,-87,b1f83b0f885ff04be9cf65205ae6dce65c70b0d6,1
1117,flowable/flowable-engine,modules/flowable-engine,-86,fcc299624a1eebc9175b1357fe55e9448cadf60a,1
1117,flowable/flowable-engine,modules/flowable-engine,-85,e59ec80472b13ecd443768a936124c06fa9baa1c,1
1117,flowable/flowable-engine,modules/flowable-engine,-84,e2c4fcb45a39e47612f06d795c5feeda4df0f890,1
1117,flowable/flowable-engine,modules/flowable-engine,-83,09bdf5d2b7b9ad60d6ce4b43e7f3d4641765c138,1
1117,flowable/flowable-engine,modules/flowable-engine,-82,50975c0dcce5dc5cddcf66a708f6966ba18ab356,1
1117,flowable/flowable-engine,modules/flowable-engine,-81,d766f402420ee98bf5103567f81fd96aa840554b,1
1117,flowable/flowable-engine,modules/flowable-engine,-80,601b9dcfb63c8c3b4c437b8339423b944b3d62f9,1
1117,flowable/flowable-engine,modules/flowable-engine,-79,2498c0a79b3072c57e295e2d4237313e15304b4c,1
1117,flowable/flowable-engine,modules/flowable-engine,-78,766dfff9228cad7e026576caf5b220051f96c6cc,1
1117,flowable/flowable-engine,modules/flowable-engine,-77,4c0637700bcc5944fffc032308f81f88f8c90856,1
1117,flowable/flowable-engine,modules/flowable-engine,-76,ada8215e8ed3f8973e0a8e677fc31f27e8a1d51e,1
1117,flowable/flowable-engine,modules/flowable-engine,-75,32f66bf3d920583336c2b4244e57b5056ca701b2,1
1117,flowable/flowable-engine,modules/flowable-engine,-74,408ab65d0bf4ad1f3eb6dbeb2c68872fa06bb688,1
1117,flowable/flowable-engine,modules/flowable-engine,-73,01a513474497c8b79c67b046a1a50d8b926d2817,1
1117,flowable/flowable-engine,modules/flowable-engine,-72,9c884d2e7e1c617eb7cc688fdff03fbefc424aee,1
1117,flowable/flowable-engine,modules/flowable-engine,-71,576307ed123b36863106088b8f8235c40e517ac9,1
1117,flowable/flowable-engine,modules/flowable-engine,-70,e1332ed38b081f0a5a41f4bd1cf14dbfcea0882a,1
1117,flowable/flowable-engine,modules/flowable-engine,-69,c15b58e880f8d198e913c1562aa49c01807fb4d0,1
1117,flowable/flowable-engine,modules/flowable-engine,-68,4869835aef8b0a914edc3edd6bb7e7e03c9285e0,1
1117,flowable/flowable-engine,modules/flowable-engine,-67,2d81f6d0b974ed909d152c02f56da732eafa8154,1
1117,flowable/flowable-engine,modules/flowable-engine,-66,6f3d9be95edd4bf9971c131bfd45a64ceea07e7c,1
1117,flowable/flowable-engine,modules/flowable-engine,-65,0f90bdc4c7b1016220f478e4f6ef6ff3495773b6,1
1117,flowable/flowable-engine,modules/flowable-engine,-64,3f5a59207fa6cce3a67cab5cc2bd8435fbf66e0a,1
1117,flowable/flowable-engine,modules/flowable-engine,-63,f32b7e1f0850b8eb9950aa4ca88c1925a4665656,1
1117,flowable/flowable-engine,modules/flowable-engine,-62,9f768d4827a9f163fb3b194d7fafc202a78270d9,1
1117,flowable/flowable-engine,modules/flowable-engine,-61,6956cae1479ed1f4fbf8591918ad72cda1c36288,1
1117,flowable/flowable-engine,modules/flowable-engine,-60,b95cc33ef490072df7b2e34e8a81d6a6bf677b2b,1
1117,flowable/flowable-engine,modules/flowable-engine,-59,a6fb71a99ab028427854faa8a7d06671c5bc4f2d,1
1117,flowable/flowable-engine,modules/flowable-engine,-58,9f265ea38854909c87acbcfb9f63262595e55693,1
1117,flowable/flowable-engine,modules/flowable-engine,-57,187974c39a115c0ef2bdd9b83f2628a07e5f3852,1
1117,flowable/flowable-engine,modules/flowable-engine,-56,9a10a806ed2bd0f1f47d22bba3117b88a7076170,1
1117,flowable/flowable-engine,modules/flowable-engine,-55,5b14cb439865036f2df266067e3731491ed21dc7,1
1117,flowable/flowable-engine,modules/flowable-engine,-54,c89e38cb2c06c2383e5b2925fe5e9933cbd75fe8,1
1117,flowable/flowable-engine,modules/flowable-engine,-53,da277f6a13133f064ef6ef5f2c012da8f1439f63,1
1117,flowable/flowable-engine,modules/flowable-engine,-52,eeb859f27973ff8809a51557c95835a4a2e19660,1
1117,flowable/flowable-engine,modules/flowable-engine,-51,36ccf16ac14fdfdb0db5ff14b7ce2a0b15a2ca3e,1
1117,flowable/flowable-engine,modules/flowable-engine,-50,cc4531098c08d3b49a35ba64906540e35c53a732,1
1117,flowable/flowable-engine,modules/flowable-engine,-49,480e24423b6c77213b0c62e6da052603992cc0c3,1
1117,flowable/flowable-engine,modules/flowable-engine,-48,4db4e610d2c99d3f5e9774a080b29d928f9b6a33,1
1117,flowable/flowable-engine,modules/flowable-engine,-47,5ba60103e3a4719e66f77efa85f2cdf29ee3758f,1
1117,flowable/flowable-engine,modules/flowable-engine,-46,be5dc018778b18a153aa366ccdd76166ec8cb026,1
1117,flowable/flowable-engine,modules/flowable-engine,-45,2903a2f26c729396c0b59f058e776126de4b7280,1
1117,flowable/flowable-engine,modules/flowable-engine,-44,006985b43f56eee7f77269870a63b0878106dca7,1
1117,flowable/flowable-engine,modules/flowable-engine,-43,2c8558de72484be30323698a45418b6cec16791d,1
1117,flowable/flowable-engine,modules/flowable-engine,-42,047b61d1397d7d82039c1a81fcadcc890803ab72,1
1117,flowable/flowable-engine,modules/flowable-engine,-41,92a139444418c2d7a2df3f431e4c9455a89e90e6,1
1117,flowable/flowable-engine,modules/flowable-engine,-40,541bbbd609e5fd9ae5419bffd49e9d0510a9d2f1,1
1117,flowable/flowable-engine,modules/flowable-engine,-39,f8363eccbfc9d9eb962512ff4b23ae65c8b485e2,1
1117,flowable/flowable-engine,modules/flowable-engine,-38,2b94a80edb577deaca841efc0a6d3eecfc290234,1
1117,flowable/flowable-engine,modules/flowable-engine,-37,0a57281cbca5768857e1b0134593fd31c3710ea3,1
1117,flowable/flowable-engine,modules/flowable-engine,-36,1898742f0872633a05c844e7b56efe0fd53fb0cf,1
1117,flowable/flowable-engine,modules/flowable-engine,-35,7bd4ee8b7374b43dcdd517a26afa14e6806f40e4,1
1117,flowable/flowable-engine,modules/flowable-engine,-34,5ebb78829cd0c00d904b20e8c925d1953ec4509c,1
1117,flowable/flowable-engine,modules/flowable-engine,-33,687d8a36b7362262fcaeaa14eaf2596957bf545f,1
1117,flowable/flowable-engine,modules/flowable-engine,-32,3f0c9a2cfb55c14aac7a9934b3292871c8baf5de,1
1117,flowable/flowable-engine,modules/flowable-engine,-31,aae90470977c28678cfd4549891a330594b14dd4,1
1117,flowable/flowable-engine,modules/flowable-engine,-30,195a84b4185aeddaa0b83e804331a4b4f680821e,1
1117,flowable/flowable-engine,modules/flowable-engine,-29,09fe1bd7e022ca5a76cc5b6ab8cc38977aee8705,1
1117,flowable/flowable-engine,modules/flowable-engine,-28,6c5b934c0b0fa8b33a3612a11f503c06b81a369a,1
1117,flowable/flowable-engine,modules/flowable-engine,-27,dafa95139e609de32e8f57181b58dd4c63119937,1
1117,flowable/flowable-engine,modules/flowable-engine,-26,35a14631391934298b09fe5be0a584ac68b835f0,1
1117,flowable/flowable-engine,modules/flowable-engine,-25,193e63e7dae62ff5bebfe81e5e14ed91fc5ae3f4,1
1117,flowable/flowable-engine,modules/flowable-engine,-24,2d5391fb7acd538bec6e1c13e8c8342fca8e388e,1
1117,flowable/flowable-engine,modules/flowable-engine,-23,8e2be39dca356bde5949fb07c706f068a35735ac,1
1117,flowable/flowable-engine,modules/flowable-engine,-22,81043b1609a25ba0b63d842e907cb9adaa83c5eb,1
1117,flowable/flowable-engine,modules/flowable-engine,-21,08c20ebbf94e060693bf15068b7f41b562e99dce,1
1117,flowable/flowable-engine,modules/flowable-engine,-20,508b4b321b8eb4c211f523653600bda956001050,1
1117,flowable/flowable-engine,modules/flowable-engine,-19,f4ba2b26111ffbf714d4d37160cfd28b306f4624,1
1117,flowable/flowable-engine,modules/flowable-engine,-18,2e209bf5b7b70b0b48c1108c57c1cdc4c002e1c2,1
1117,flowable/flowable-engine,modules/flowable-engine,-17,3eca3b9bed14c91b8385d22046daefea544ac239,1
1117,flowable/flowable-engine,modules/flowable-engine,-16,fc0b0fdfe714c9cc6a726ec9e7e2422e0c3e2383,1
1117,flowable/flowable-engine,modules/flowable-engine,-15,58be512709c1cebc3fdfd9de665b615c257840f1,1
1117,flowable/flowable-engine,modules/flowable-engine,-14,cd50dac444585f09e6d077a175a27bca2ee51636,1
1117,flowable/flowable-engine,modules/flowable-engine,-13,eecd49289ae9c45f80a6b147efef5199305018ea,1
1117,flowable/flowable-engine,modules/flowable-engine,-12,ed000a5023cf4c41a67223b0879f026cb98b05d7,1
1117,flowable/flowable-engine,modules/flowable-engine,-11,5abe6baecb189a95b717a333a016bbe5ad562a5c,1
1117,flowable/flowable-engine,modules/flowable-engine,-10,988df39a38dd8f4e4bf0cea4653dc7b0a2f810be,1
1117,flowable/flowable-engine,modules/flowable-engine,-9,a04fa3401a39fd4dff3eb34cf5f5124e1b973bef,1
1117,flowable/flowable-engine,modules/flowable-engine,-8,3131ca51fde0f3df42c75767f92eb70ee5edc02f,1
1117,flowable/flowable-engine,modules/flowable-engine,-7,ac71d5717ff878bc798a6c46afd7536dd1a54a9e,1
1117,flowable/flowable-engine,modules/flowable-engine,-6,17e40365ebdc9688e208cfeaeded07a62aed21f1,1
1117,flowable/flowable-engine,modules/flowable-engine,-5,5c87d97575e719563bfb578f68e894e5ae513fbf,1
1117,flowable/flowable-engine,modules/flowable-engine,-4,95d0fa309462b2032bffdd1c77ff24e8929edf54,1
1117,flowable/flowable-engine,modules/flowable-engine,-3,681f554831f66ff35859463cd40b91380aace9a1,1
1117,flowable/flowable-engine,modules/flowable-engine,-2,93e003fb990da9342474e6aa1ecac8a2d35475db,1
1117,flowable/flowable-engine,modules/flowable-engine,-1,81c0f87750ca36fb5cfc644442b33df8541f751a,1
1117,flowable/flowable-engine,modules/flowable-engine,0,e57861699df0991a15a3f4895696c7f69c738681,1
1117,flowable/flowable-engine,modules/flowable-engine,1,1b0e465e825f22c4aff0e0761df46dc4f0c83d0e,1
1117,flowable/flowable-engine,modules/flowable-engine,2,3dd10203c0f2e48c51c5bd2c261cc052d6fe6319,1
1117,flowable/flowable-engine,modules/flowable-engine,3,5f59d3210cfa674251e5744e590821b81f3bc042,1
1117,flowable/flowable-engine,modules/flowable-engine,4,d4280e63709bc9349d63bc03fbcae09fbeedf2d1,1
1117,flowable/flowable-engine,modules/flowable-engine,5,32f63d49e2eec04af4117f8ba2bf8016ea542dec,1
1117,flowable/flowable-engine,modules/flowable-engine,6,9ae1694ac06912af9a354d77ae7f4c2dfd58e457,1
1117,flowable/flowable-engine,modules/flowable-engine,7,21bc0c0fbd7e9bdd956bf378cc250247b390d2bd,1
1117,flowable/flowable-engine,modules/flowable-engine,8,70faf36b652bfd30f30fb99c6dbf4ed89d2bb637,1
1117,flowable/flowable-engine,modules/flowable-engine,9,e636aa3c423d59030caedd3759ecaabbd0c7fa32,1
1117,flowable/flowable-engine,modules/flowable-engine,10,5bf40f9c3d4a958a99b37a0cae3f39eaf4b78415,1
1117,flowable/flowable-engine,modules/flowable-engine,11,b50461ad17b0dbfb25311d7e33660a3b9c158a98,1
1117,flowable/flowable-engine,modules/flowable-engine,12,92c5d4d8dd1af5d81218534bd3c8cfe49c703496,1
1117,flowable/flowable-engine,modules/flowable-engine,13,98fde0c00227ffd541906fbb19f9018c882bc32a,1
1117,flowable/flowable-engine,modules/flowable-engine,14,be8b3c87de36f2dd36954b402abb04b4e0be841a,1
1117,flowable/flowable-engine,modules/flowable-engine,15,f43c3c6a841654c072ccfd3e43a45397e15d43aa,1
1117,flowable/flowable-engine,modules/flowable-engine,16,dc2b970df94f52556f2f29972ee3819f360dd345,1
1117,flowable/flowable-engine,modules/flowable-engine,17,98dead964836146ae7237f2f41e97ab4de4c53d1,1
1117,flowable/flowable-engine,modules/flowable-engine,18,3f2ef7525accaac1112e3e58847382aa652e311f,1
1117,flowable/flowable-engine,modules/flowable-engine,19,dbc8247f4e7f3465946b5164d8c2b2b8997de664,1
1117,flowable/flowable-engine,modules/flowable-engine,20,22ee2f09aaac634655dead07872a7a652260b92e,1
1117,flowable/flowable-engine,modules/flowable-engine,21,aa103917e382725dbad9f0d27099775dd8f5f591,1
1117,flowable/flowable-engine,modules/flowable-engine,22,66ce94e055d1c1ff01dc899abee42331f7c5da7f,1
1117,flowable/flowable-engine,modules/flowable-engine,23,e82e4d4859a05431489657192f16f49e27f71e1b,1
1117,flowable/flowable-engine,modules/flowable-engine,24,feb87b2a1c4194928338e35bbeaf2f82db14faf2,1
1117,flowable/flowable-engine,modules/flowable-engine,25,6e9488b467875507edbf3474868542927c98a876,1
1117,flowable/flowable-engine,modules/flowable-engine,26,8bc34a6f251492b28de45b911c8ac5a70847d8fb,1
1117,flowable/flowable-engine,modules/flowable-engine,27,c57278896004305d2ad3ed27ff8305d2912308f6,1
1117,flowable/flowable-engine,modules/flowable-engine,28,270753a996d2d801d56ce678c40c1dd5217e7293,1
1117,flowable/flowable-engine,modules/flowable-engine,29,c9a2d3214a44344e2ed191f02585e06813704c76,1
1117,flowable/flowable-engine,modules/flowable-engine,30,fdc4f2e6e82fb0adbec6c4059ef005ad3a44231d,1
1117,flowable/flowable-engine,modules/flowable-engine,31,90b4b509821d3c0ab0051b2be311afbd158da8db,1
1117,flowable/flowable-engine,modules/flowable-engine,32,727841e5d4c22b9695e9e1d993ca9407926e4fc1,1
1117,flowable/flowable-engine,modules/flowable-engine,33,473fc254390bc96b01c484132d9efd33fbcdb657,1
1117,flowable/flowable-engine,modules/flowable-engine,34,57655c86f07a2676282710d69386528085ad6be4,1
1117,flowable/flowable-engine,modules/flowable-engine,35,99b3a50ea82a05411ad81d0b059c0294b586e4c1,1
1117,flowable/flowable-engine,modules/flowable-engine,36,06881078ba669f2338ddff0a1683c80c9c44a0c3,1
1117,flowable/flowable-engine,modules/flowable-engine,37,27ac566f5bed45795d490b8b124aa2edbd3d081a,1
1117,flowable/flowable-engine,modules/flowable-engine,38,df02487bd4b99f5fae54cb33eda7433ee060b0b3,1
1117,flowable/flowable-engine,modules/flowable-engine,39,5cfb80913d9212366f57230abc1155eb0fdb53a1,1
1117,flowable/flowable-engine,modules/flowable-engine,40,5d1d730b6f54e13f4d4a9694793a09671614e5f5,1
1117,flowable/flowable-engine,modules/flowable-engine,41,95fe35b7d5c830ed3b243396ea197e3c6b43fc75,1
1117,flowable/flowable-engine,modules/flowable-engine,42,15f01a0e7cfdf9c4a611194b27c159e2d2626792,1
1117,flowable/flowable-engine,modules/flowable-engine,43,dc3eabec6e814451639c2a65e0cd30799ac3222c,1
1117,flowable/flowable-engine,modules/flowable-engine,44,754287e520cd7c27ab93c932ed940f88934a1ec5,1
1117,flowable/flowable-engine,modules/flowable-engine,45,ce05e65d79562424c125a6fa797aa3dd701dd120,1
1117,flowable/flowable-engine,modules/flowable-engine,46,e595ea59942c6067ab62f32bec33fc0de3fae649,1
1117,flowable/flowable-engine,modules/flowable-engine,47,b89cad95cec974cd29942fe405772e527e5bca6b,1
1117,flowable/flowable-engine,modules/flowable-engine,48,42c9189ede207e695ec170f5f30ff7c07a4a1beb,1
1117,flowable/flowable-engine,modules/flowable-engine,49,06be453838f88a61e6d72ba5378d236504167e86,1
1117,flowable/flowable-engine,modules/flowable-engine,50,d1a8c913a0f1f52336526073d161d67abe2177a0,1
1117,flowable/flowable-engine,modules/flowable-engine,51,024ba645a18f2636d0867ac55fdf78f96b28fe80,1
1117,flowable/flowable-engine,modules/flowable-engine,52,c47582ba687a1983bee046d98887454142836b73,1
1117,flowable/flowable-engine,modules/flowable-engine,53,d0989be2a5114e9216a95305b76f1a8ab5c90b9a,1
1117,flowable/flowable-engine,modules/flowable-engine,54,34fc5c7155e876ce029bff44ebc85f48e01deabd,1
1117,flowable/flowable-engine,modules/flowable-engine,55,7f773e06b527f41b22840355e32857da9d499533,1
1117,flowable/flowable-engine,modules/flowable-engine,56,b21ab92129569bed5c73123cc4c8cd7447c33848,1
1117,flowable/flowable-engine,modules/flowable-engine,57,1821966ef3dea8c02620b6fb3d3f303dd66bf49b,1
1117,flowable/flowable-engine,modules/flowable-engine,58,7ac77044e49226c218fbe2bd72e4b33daedc569c,1
1117,flowable/flowable-engine,modules/flowable-engine,59,a63fa8162134781e78355024cbbf74fa25a7892f,1
1117,flowable/flowable-engine,modules/flowable-engine,60,aedc94ca5ca933de331bcedd0873a874ab693f54,1
1117,flowable/flowable-engine,modules/flowable-engine,61,e888bb6ff6280e3741b7f04c09afdc8093a5ce1e,1
1117,flowable/flowable-engine,modules/flowable-engine,62,9170a8bd355f3404566463a8d130fa333381cf98,1
1117,flowable/flowable-engine,modules/flowable-engine,63,e4eb8bfcac86a41e8001959d192285fec52284bd,1
1117,flowable/flowable-engine,modules/flowable-engine,64,fff2fad622e35dffcfd12716181c4ff5d42efea2,1
1117,flowable/flowable-engine,modules/flowable-engine,65,b52aeab78effef04518f0f761da7af25878658da,1
1117,flowable/flowable-engine,modules/flowable-engine,66,4cf7b445821a409e21120573f9b428f153e914e7,1
1117,flowable/flowable-engine,modules/flowable-engine,67,b9d05d169c3d40a5d7a773c22dc0f23729c10320,1
1117,flowable/flowable-engine,modules/flowable-engine,68,219ecb955b1347953c97a41355c551a348ce4dc9,1
1117,flowable/flowable-engine,modules/flowable-engine,69,cca1aa3fcb774328c54072526f303afd2370bcc6,1
1117,flowable/flowable-engine,modules/flowable-engine,70,6324a3a0b00402f9daa58d9e893c9355c1745315,1
1117,flowable/flowable-engine,modules/flowable-engine,71,43546bb4056752c4340e141952fecf5bc07aa73b,1
1117,flowable/flowable-engine,modules/flowable-engine,72,215b9ccd95aaf9c40051ce849aa5a77cc779a977,1
1117,flowable/flowable-engine,modules/flowable-engine,73,a7b7bcf45bec4ef02b69071502c069139e4b4712,1
1117,flowable/flowable-engine,modules/flowable-engine,74,10bee317fd6a30fcfd49d3651c2a7b916f27427a,1
1117,flowable/flowable-engine,modules/flowable-engine,75,d96d5889e58fc6fe80878d354697bd538b698f44,1
1117,flowable/flowable-engine,modules/flowable-engine,76,8b3b6d5c6baa0b171d7474f7a7d3d27f209567eb,1
1117,flowable/flowable-engine,modules/flowable-engine,77,1785529cb87b1b06e3f57a4d4fd47be744c59559,1
1117,flowable/flowable-engine,modules/flowable-engine,78,ccfe987378c9fff675c3867c86a93109892206d5,1
1117,flowable/flowable-engine,modules/flowable-engine,79,1823a230331f6c90f549e4feb67a85e5690e251f,1
1117,flowable/flowable-engine,modules/flowable-engine,80,521c180f466c28e5df932484290abaa204b94fd1,1
1117,flowable/flowable-engine,modules/flowable-engine,81,bb50957ef795e979a9fb31f18de39a5788fa5a9b,1
1117,flowable/flowable-engine,modules/flowable-engine,82,bc9d662a8ebfa62185e587483146204b472ec06c,1
1117,flowable/flowable-engine,modules/flowable-engine,83,a5436d59e561fe2702d7a78e85fba7600743f23a,1
1117,flowable/flowable-engine,modules/flowable-engine,84,792e076c2e9e344f99a6c480b3ad27299280e232,1
1117,flowable/flowable-engine,modules/flowable-engine,85,3cc4d5e225c7ab2ccbba5f95b9441c842f743307,1
1117,flowable/flowable-engine,modules/flowable-engine,86,c551b4778aa5b7ba35dce3d2bd984f616abf97f1,1
1117,flowable/flowable-engine,modules/flowable-engine,87,b912b04b99157146f57671b91bc33c57e05149b4,1
1117,flowable/flowable-engine,modules/flowable-engine,88,15c9f0b1dc423681d04003351db480fa57f66a31,1
1117,flowable/flowable-engine,modules/flowable-engine,89,a1db4aeafd97341755b6325762e6630a78c55766,1
1117,flowable/flowable-engine,modules/flowable-engine,90,60bb10659e3b74ba7cbc4f85f2a2cff914d0fc3d,1
1117,flowable/flowable-engine,modules/flowable-engine,91,a9ca3fe21751cdb95923aa31586743d7f96313c5,1
1117,flowable/flowable-engine,modules/flowable-engine,92,502a54f8dad5115386a5e0daaf454d3103d86c42,1
1117,flowable/flowable-engine,modules/flowable-engine,93,bda42c785751d3eb72c3ef6e666d86890fcb7ecb,1
1117,flowable/flowable-engine,modules/flowable-engine,94,1472f0c198a25e2ad1ac33d2a43f722074150f08,1
1117,flowable/flowable-engine,modules/flowable-engine,95,23e456601c2b4a87b3ab6639129e64ea821cccae,1
1117,flowable/flowable-engine,modules/flowable-engine,96,1518c1de4c17616915ab4afd12c251433373337b,1
1117,flowable/flowable-engine,modules/flowable-engine,97,b8d8b9cbdf7a42195450e4982022932d262c3cd1,1
1117,flowable/flowable-engine,modules/flowable-engine,98,052da7f012bc4e888923b88eb83ff5d16f485680,1
1117,flowable/flowable-engine,modules/flowable-engine,99,eda46f6ada355756a0189ddb9ff1d70d8e73518d,1
1117,flowable/flowable-engine,modules/flowable-engine,100,688e2f8185a9129a8cc8c45aefa93614e5b91e7d,1
1122,flowable/flowable-engine,modules/flowable-cmmn-engine,-100,23667faf71a0c9cc54e56f2b0fdf747265eb4f76,1
1122,flowable/flowable-engine,modules/flowable-cmmn-engine,-99,f6cd4a53f3c158d4eaee7ab486f0aff5f9f8a048,1
1122,flowable/flowable-engine,modules/flowable-cmmn-engine,-98,2d7fd445971cfa8f9f86476301ff9c8119bf092b,1
1122,flowable/flowable-engine,modules/flowable-cmmn-engine,-97,11fc10df8777f40125cbd1bcee47a055ff10d6d8,1
1122,flowable/flowable-engine,modules/flowable-cmmn-engine,-96,b1f83b0f885ff04be9cf65205ae6dce65c70b0d6,1
1122,flowable/flowable-engine,modules/flowable-cmmn-engine,-95,a6060f9fd29718bc244a16a1cf8c1a27bcd019b2,1
1122,flowable/flowable-engine,modules/flowable-cmmn-engine,-94,b4e4c2d035124c1486c66a1369e3bbf759b88544,1
1122,flowable/flowable-engine,modules/flowable-cmmn-engine,-93,50975c0dcce5dc5cddcf66a708f6966ba18ab356,1
1122,flowable/flowable-engine,modules/flowable-cmmn-engine,-92,2498c0a79b3072c57e295e2d4237313e15304b4c,1
1122,flowable/flowable-engine,modules/flowable-cmmn-engine,-91,766dfff9228cad7e026576caf5b220051f96c6cc,1
1122,flowable/flowable-engine,modules/flowable-cmmn-engine,-90,4c0637700bcc5944fffc032308f81f88f8c90856,1
1122,flowable/flowable-engine,modules/flowable-cmmn-engine,-89,c89f86ced84e118f18b142533d6e3423e01d0219,1
1122,flowable/flowable-engine,modules/flowable-cmmn-engine,-88,32f66bf3d920583336c2b4244e57b5056ca701b2,1
1122,flowable/flowable-engine,modules/flowable-cmmn-engine,-87,b4a437767262f385d0cbeef4f605c5151bee6e2f,1
1122,flowable/flowable-engine,modules/flowable-cmmn-engine,-86,70933987b5f67accb8d0ad5818355f8b11555c4e,1
1122,flowable/flowable-engine,modules/flowable-cmmn-engine,-85,408ab65d0bf4ad1f3eb6dbeb2c68872fa06bb688,1
1122,flowable/flowable-engine,modules/flowable-cmmn-engine,-84,9c884d2e7e1c617eb7cc688fdff03fbefc424aee,1
1122,flowable/flowable-engine,modules/flowable-cmmn-engine,-83,e1332ed38b081f0a5a41f4bd1cf14dbfcea0882a,1
1122,flowable/flowable-engine,modules/flowable-cmmn-engine,-82,c15b58e880f8d198e913c1562aa49c01807fb4d0,1
1122,flowable/flowable-engine,modules/flowable-cmmn-engine,-81,4869835aef8b0a914edc3edd6bb7e7e03c9285e0,1
1122,flowable/flowable-engine,modules/flowable-cmmn-engine,-80,918c636f8af4b0b19e9c64b4744c67e625f09ed0,1
1122,flowable/flowable-engine,modules/flowable-cmmn-engine,-79,b019847ebd7e8355e12a9d55bdd405f43792e4cb,1
1122,flowable/flowable-engine,modules/flowable-cmmn-engine,-78,0f90bdc4c7b1016220f478e4f6ef6ff3495773b6,1
1122,flowable/flowable-engine,modules/flowable-cmmn-engine,-77,3f5a59207fa6cce3a67cab5cc2bd8435fbf66e0a,1
1122,flowable/flowable-engine,modules/flowable-cmmn-engine,-76,8e589869dcb5e486075307abc7f4ffe38f145c95,1
1122,flowable/flowable-engine,modules/flowable-cmmn-engine,-75,6956cae1479ed1f4fbf8591918ad72cda1c36288,1
1122,flowable/flowable-engine,modules/flowable-cmmn-engine,-74,a338057eb69f1496848fc4ffb55c1bc5c173a6c0,1
1122,flowable/flowable-engine,modules/flowable-cmmn-engine,-73,67f899bce741753fe3b3073b23d3ab7ccf066424,1
1122,flowable/flowable-engine,modules/flowable-cmmn-engine,-72,6934a86083e79c4a085bf91cf11307ffd9597138,1
1122,flowable/flowable-engine,modules/flowable-cmmn-engine,-71,fe85a7261363b8678f1de5aea3638971edc48766,1
1122,flowable/flowable-engine,modules/flowable-cmmn-engine,-70,b95cc33ef490072df7b2e34e8a81d6a6bf677b2b,1
1122,flowable/flowable-engine,modules/flowable-cmmn-engine,-69,2a18c125f9000885e7a8ad3b09c41d202b07f729,1
1122,flowable/flowable-engine,modules/flowable-cmmn-engine,-68,b8f0de3c4ef1de512e7c3edf6f4dcb65488b66ca,1
1122,flowable/flowable-engine,modules/flowable-cmmn-engine,-67,9f265ea38854909c87acbcfb9f63262595e55693,1
1122,flowable/flowable-engine,modules/flowable-cmmn-engine,-66,187974c39a115c0ef2bdd9b83f2628a07e5f3852,1
1122,flowable/flowable-engine,modules/flowable-cmmn-engine,-65,e8a009b3e9351a6ae796eca14983d8525fcbe6a9,1
1122,flowable/flowable-engine,modules/flowable-cmmn-engine,-64,9a10a806ed2bd0f1f47d22bba3117b88a7076170,1
1122,flowable/flowable-engine,modules/flowable-cmmn-engine,-63,5b14cb439865036f2df266067e3731491ed21dc7,1
1122,flowable/flowable-engine,modules/flowable-cmmn-engine,-62,da277f6a13133f064ef6ef5f2c012da8f1439f63,1
1122,flowable/flowable-engine,modules/flowable-cmmn-engine,-61,36ccf16ac14fdfdb0db5ff14b7ce2a0b15a2ca3e,1
1122,flowable/flowable-engine,modules/flowable-cmmn-engine,-60,480e24423b6c77213b0c62e6da052603992cc0c3,1
1122,flowable/flowable-engine,modules/flowable-cmmn-engine,-59,4db4e610d2c99d3f5e9774a080b29d928f9b6a33,1
1122,flowable/flowable-engine,modules/flowable-cmmn-engine,-58,5ba60103e3a4719e66f77efa85f2cdf29ee3758f,1
1122,flowable/flowable-engine,modules/flowable-cmmn-engine,-57,be5dc018778b18a153aa366ccdd76166ec8cb026,1
1122,flowable/flowable-engine,modules/flowable-cmmn-engine,-56,006985b43f56eee7f77269870a63b0878106dca7,1
1122,flowable/flowable-engine,modules/flowable-cmmn-engine,-55,92a139444418c2d7a2df3f431e4c9455a89e90e6,1
1122,flowable/flowable-engine,modules/flowable-cmmn-engine,-54,541bbbd609e5fd9ae5419bffd49e9d0510a9d2f1,1
1122,flowable/flowable-engine,modules/flowable-cmmn-engine,-53,f8363eccbfc9d9eb962512ff4b23ae65c8b485e2,1
1122,flowable/flowable-engine,modules/flowable-cmmn-engine,-52,bc5c13e860d2b7a3e7140501e67812b9949465aa,1
1122,flowable/flowable-engine,modules/flowable-cmmn-engine,-51,223a4edfac5c8ef83252bcffbbca703b4b9aff4c,1
1122,flowable/flowable-engine,modules/flowable-cmmn-engine,-50,395e9cd4d742aebc46f19f914bb0c9f9d5d3dae6,1
1122,flowable/flowable-engine,modules/flowable-cmmn-engine,-49,1898742f0872633a05c844e7b56efe0fd53fb0cf,1
1122,flowable/flowable-engine,modules/flowable-cmmn-engine,-48,e936552c2f9b3a0e9615c9c7906b9e6ed6a85c8f,1
1122,flowable/flowable-engine,modules/flowable-cmmn-engine,-47,687d8a36b7362262fcaeaa14eaf2596957bf545f,1
1122,flowable/flowable-engine,modules/flowable-cmmn-engine,-46,a07632a12c6748f121ea5579441fb54f6f92e0d6,1
1122,flowable/flowable-engine,modules/flowable-cmmn-engine,-45,fbace5f31fcbae53ec97d96dfbb7863a93b30226,1
1122,flowable/flowable-engine,modules/flowable-cmmn-engine,-44,4d0a22b0ff7415743ced7ae345b3029b3a702cc5,1
1122,flowable/flowable-engine,modules/flowable-cmmn-engine,-43,ef43bc66099d63350d5207bd8c4f4ac6dde08a86,1
1122,flowable/flowable-engine,modules/flowable-cmmn-engine,-42,aae90470977c28678cfd4549891a330594b14dd4,1
1122,flowable/flowable-engine,modules/flowable-cmmn-engine,-41,39d2fc0a0d8fba06ec958024870eeb3e90c7bd3b,1
1122,flowable/flowable-engine,modules/flowable-cmmn-engine,-40,195a84b4185aeddaa0b83e804331a4b4f680821e,1
1122,flowable/flowable-engine,modules/flowable-cmmn-engine,-39,09fe1bd7e022ca5a76cc5b6ab8cc38977aee8705,1
1122,flowable/flowable-engine,modules/flowable-cmmn-engine,-38,6c5b934c0b0fa8b33a3612a11f503c06b81a369a,1
1122,flowable/flowable-engine,modules/flowable-cmmn-engine,-37,35a14631391934298b09fe5be0a584ac68b835f0,1
1122,flowable/flowable-engine,modules/flowable-cmmn-engine,-36,193e63e7dae62ff5bebfe81e5e14ed91fc5ae3f4,1
1122,flowable/flowable-engine,modules/flowable-cmmn-engine,-35,2d5391fb7acd538bec6e1c13e8c8342fca8e388e,1
1122,flowable/flowable-engine,modules/flowable-cmmn-engine,-34,8e2be39dca356bde5949fb07c706f068a35735ac,1
1122,flowable/flowable-engine,modules/flowable-cmmn-engine,-33,508b4b321b8eb4c211f523653600bda956001050,1
1122,flowable/flowable-engine,modules/flowable-cmmn-engine,-32,f4ba2b26111ffbf714d4d37160cfd28b306f4624,1
1122,flowable/flowable-engine,modules/flowable-cmmn-engine,-31,f4f003c0c09753e201f08674f276a566eced9b55,1
1122,flowable/flowable-engine,modules/flowable-cmmn-engine,-30,4309bfd7cc8dac8672ecde9b76abd15b27b75c58,1
1122,flowable/flowable-engine,modules/flowable-cmmn-engine,-29,fc0b0fdfe714c9cc6a726ec9e7e2422e0c3e2383,1
1122,flowable/flowable-engine,modules/flowable-cmmn-engine,-28,4b2999a8337bde0d14cf2781c6d1f4b233806c6d,1
1122,flowable/flowable-engine,modules/flowable-cmmn-engine,-27,cd50dac444585f09e6d077a175a27bca2ee51636,1
1122,flowable/flowable-engine,modules/flowable-cmmn-engine,-26,eecd49289ae9c45f80a6b147efef5199305018ea,1
1122,flowable/flowable-engine,modules/flowable-cmmn-engine,-25,ed000a5023cf4c41a67223b0879f026cb98b05d7,1
1122,flowable/flowable-engine,modules/flowable-cmmn-engine,-24,5abe6baecb189a95b717a333a016bbe5ad562a5c,1
1122,flowable/flowable-engine,modules/flowable-cmmn-engine,-23,988df39a38dd8f4e4bf0cea4653dc7b0a2f810be,1
1122,flowable/flowable-engine,modules/flowable-cmmn-engine,-22,a04fa3401a39fd4dff3eb34cf5f5124e1b973bef,1
1122,flowable/flowable-engine,modules/flowable-cmmn-engine,-21,09dbf703395e2a1ce402c2201fd97143ea25a0ac,1
1122,flowable/flowable-engine,modules/flowable-cmmn-engine,-20,ac71d5717ff878bc798a6c46afd7536dd1a54a9e,1
1122,flowable/flowable-engine,modules/flowable-cmmn-engine,-19,d998956044c2d627c045079fcb24d1105b451732,1
1122,flowable/flowable-engine,modules/flowable-cmmn-engine,-18,16e1de6034d6d36e79d4c63589c6f9639768cb51,1
1122,flowable/flowable-engine,modules/flowable-cmmn-engine,-17,95d0fa309462b2032bffdd1c77ff24e8929edf54,1
1122,flowable/flowable-engine,modules/flowable-cmmn-engine,-16,681f554831f66ff35859463cd40b91380aace9a1,1
1122,flowable/flowable-engine,modules/flowable-cmmn-engine,-15,81c0f87750ca36fb5cfc644442b33df8541f751a,1
1122,flowable/flowable-engine,modules/flowable-cmmn-engine,-14,e57861699df0991a15a3f4895696c7f69c738681,1
1122,flowable/flowable-engine,modules/flowable-cmmn-engine,-13,1b0e465e825f22c4aff0e0761df46dc4f0c83d0e,1
1122,flowable/flowable-engine,modules/flowable-cmmn-engine,-12,3dd10203c0f2e48c51c5bd2c261cc052d6fe6319,1
1122,flowable/flowable-engine,modules/flowable-cmmn-engine,-11,5f59d3210cfa674251e5744e590821b81f3bc042,1
1122,flowable/flowable-engine,modules/flowable-cmmn-engine,-10,f2dcc55f40cdfbd5252a7fdb346319060f9f8ccd,1
1122,flowable/flowable-engine,modules/flowable-cmmn-engine,-9,70faf36b652bfd30f30fb99c6dbf4ed89d2bb637,1
1122,flowable/flowable-engine,modules/flowable-cmmn-engine,-8,c6af1ed00ee40b9396c2b623942dad5953a3c6dc,1
1122,flowable/flowable-engine,modules/flowable-cmmn-engine,-7,46c52427540425434f50536e53bebdd3a84ef61b,1
1122,flowable/flowable-engine,modules/flowable-cmmn-engine,-6,5bf40f9c3d4a958a99b37a0cae3f39eaf4b78415,1
1122,flowable/flowable-engine,modules/flowable-cmmn-engine,-5,d14c89338024137f42442048c75c12858f96f41e,1
1122,flowable/flowable-engine,modules/flowable-cmmn-engine,-4,92c5d4d8dd1af5d81218534bd3c8cfe49c703496,1
1122,flowable/flowable-engine,modules/flowable-cmmn-engine,-3,f0864bced3b058ca9120aebe87764cd9510d685e,1
1122,flowable/flowable-engine,modules/flowable-cmmn-engine,-2,98fde0c00227ffd541906fbb19f9018c882bc32a,1
1122,flowable/flowable-engine,modules/flowable-cmmn-engine,-1,be8b3c87de36f2dd36954b402abb04b4e0be841a,1
1122,flowable/flowable-engine,modules/flowable-cmmn-engine,0,5f65ec9627a67bbd3b20804fd50d353d3c9b76ec,1
1122,flowable/flowable-engine,modules/flowable-cmmn-engine,1,f43c3c6a841654c072ccfd3e43a45397e15d43aa,1
1122,flowable/flowable-engine,modules/flowable-cmmn-engine,2,5928971ae2fe38cd36516d2645070395a83dc93a,1
1122,flowable/flowable-engine,modules/flowable-cmmn-engine,3,dc2b970df94f52556f2f29972ee3819f360dd345,1
1122,flowable/flowable-engine,modules/flowable-cmmn-engine,4,c2b13ca234968f7b4af9edca288b02b4fc6079aa,1
1122,flowable/flowable-engine,modules/flowable-cmmn-engine,5,3f2ef7525accaac1112e3e58847382aa652e311f,1
1122,flowable/flowable-engine,modules/flowable-cmmn-engine,6,dbc8247f4e7f3465946b5164d8c2b2b8997de664,1
1122,flowable/flowable-engine,modules/flowable-cmmn-engine,7,22ee2f09aaac634655dead07872a7a652260b92e,1
1122,flowable/flowable-engine,modules/flowable-cmmn-engine,8,aa103917e382725dbad9f0d27099775dd8f5f591,1
1122,flowable/flowable-engine,modules/flowable-cmmn-engine,9,ab035a5c6f21828ab8cd439c332d0a3f3efa640d,1
1122,flowable/flowable-engine,modules/flowable-cmmn-engine,10,32d9433bfc6d0e24ebfaf6368112071e32b5d0e3,1
1122,flowable/flowable-engine,modules/flowable-cmmn-engine,11,540746ff692a495c7710590ef711eccd0699d7d2,1
1122,flowable/flowable-engine,modules/flowable-cmmn-engine,12,35d6a54027f1d749fd3765d212f8bc2cf44e9500,1
1122,flowable/flowable-engine,modules/flowable-cmmn-engine,13,f502b071acc60eab463f27d1fa01e522ffc68cf8,1
1122,flowable/flowable-engine,modules/flowable-cmmn-engine,14,f10aa6c74d86732f53a65b337c16ba1b47469502,1
1122,flowable/flowable-engine,modules/flowable-cmmn-engine,15,feb87b2a1c4194928338e35bbeaf2f82db14faf2,1
1122,flowable/flowable-engine,modules/flowable-cmmn-engine,16,b5d15f61f8d6800c3955f30c2dee37b80c32d99f,1
1122,flowable/flowable-engine,modules/flowable-cmmn-engine,17,7c1e23b7f2532d46948c69eeb7a86c8d423e584b,1
1122,flowable/flowable-engine,modules/flowable-cmmn-engine,18,825b51569dd89ac7f68b4e1c1170b4e87a081133,1
1122,flowable/flowable-engine,modules/flowable-cmmn-engine,19,9f5a2e23dfe0afe1fb5643e0d42db1081f1f63ac,1
1122,flowable/flowable-engine,modules/flowable-cmmn-engine,20,82337eecd442eb308d0a01eaab4f9dbfa6813261,1
1122,flowable/flowable-engine,modules/flowable-cmmn-engine,21,8bc34a6f251492b28de45b911c8ac5a70847d8fb,1
1122,flowable/flowable-engine,modules/flowable-cmmn-engine,22,f0111e03fbf5894e2d432bc45ae673762fceb35f,1
1122,flowable/flowable-engine,modules/flowable-cmmn-engine,23,270753a996d2d801d56ce678c40c1dd5217e7293,1
1122,flowable/flowable-engine,modules/flowable-cmmn-engine,24,cb45b1b61ea70993961f5ac7dd78ad3d5499ae28,1
1122,flowable/flowable-engine,modules/flowable-cmmn-engine,25,c9a2d3214a44344e2ed191f02585e06813704c76,1
1122,flowable/flowable-engine,modules/flowable-cmmn-engine,26,70a529076d0adc7af555c5e383d3f66a9cd7a57f,1
1122,flowable/flowable-engine,modules/flowable-cmmn-engine,27,11bb3aa5a41de19462ad4c631fdf76064eb421b2,1
1122,flowable/flowable-engine,modules/flowable-cmmn-engine,28,57655c86f07a2676282710d69386528085ad6be4,1
1122,flowable/flowable-engine,modules/flowable-cmmn-engine,29,27ac566f5bed45795d490b8b124aa2edbd3d081a,1
1122,flowable/flowable-engine,modules/flowable-cmmn-engine,30,d3ad2b9dcccea0fd1dd1640509e588d66c8c23ee,1
1122,flowable/flowable-engine,modules/flowable-cmmn-engine,31,df02487bd4b99f5fae54cb33eda7433ee060b0b3,1
1122,flowable/flowable-engine,modules/flowable-cmmn-engine,32,5cfb80913d9212366f57230abc1155eb0fdb53a1,1
1122,flowable/flowable-engine,modules/flowable-cmmn-engine,33,5d1d730b6f54e13f4d4a9694793a09671614e5f5,1
1122,flowable/flowable-engine,modules/flowable-cmmn-engine,34,95fe35b7d5c830ed3b243396ea197e3c6b43fc75,1
1122,flowable/flowable-engine,modules/flowable-cmmn-engine,35,5c52d9599676d79e0cf8e38aeefc2c5f6cb7656e,1
1122,flowable/flowable-engine,modules/flowable-cmmn-engine,36,c2d5412ea31c699c5642a9fcd0b4f57ddf3ae958,1
1122,flowable/flowable-engine,modules/flowable-cmmn-engine,37,15f01a0e7cfdf9c4a611194b27c159e2d2626792,1
1122,flowable/flowable-engine,modules/flowable-cmmn-engine,38,5c73b8c093241e4316c63b8ce4519abca85b3f44,1
1122,flowable/flowable-engine,modules/flowable-cmmn-engine,39,754287e520cd7c27ab93c932ed940f88934a1ec5,1
1122,flowable/flowable-engine,modules/flowable-cmmn-engine,40,7119bd3a854b56c24c98e48e0f5f1d64217d6a85,1
1122,flowable/flowable-engine,modules/flowable-cmmn-engine,41,f344a933bd75e2b026112ee1be4fe2d969e272a4,1
1122,flowable/flowable-engine,modules/flowable-cmmn-engine,42,3c0bf9c16df67af8a872d9fae3451292135865be,1
1122,flowable/flowable-engine,modules/flowable-cmmn-engine,43,afcbcac0dac9de27156b04590d1ae5a7273fc4e3,1
1122,flowable/flowable-engine,modules/flowable-cmmn-engine,44,51c763103f386854a1f1906d38071d9492e51c27,1
1122,flowable/flowable-engine,modules/flowable-cmmn-engine,45,d4d26c8d2208593a8a71518dadacf9bdb6f22e30,1
1122,flowable/flowable-engine,modules/flowable-cmmn-engine,46,97a241d9586666983da061a742eb3ff01b8fab66,1
1122,flowable/flowable-engine,modules/flowable-cmmn-engine,47,3c58869038cff49fd207fe88e7e630719b6b841d,1
1122,flowable/flowable-engine,modules/flowable-cmmn-engine,48,c1adb7bf82ea2dba6488edd0e3c66b2edbd4b150,1
1122,flowable/flowable-engine,modules/flowable-cmmn-engine,49,600d013611215684d6d1b7992eed85a81dd1fed5,1
1122,flowable/flowable-engine,modules/flowable-cmmn-engine,50,42c9189ede207e695ec170f5f30ff7c07a4a1beb,1
1122,flowable/flowable-engine,modules/flowable-cmmn-engine,51,fe4502c50f77249c8421502f862624d4b79f1958,1
1122,flowable/flowable-engine,modules/flowable-cmmn-engine,52,06be453838f88a61e6d72ba5378d236504167e86,1
1122,flowable/flowable-engine,modules/flowable-cmmn-engine,53,d0989be2a5114e9216a95305b76f1a8ab5c90b9a,1
1122,flowable/flowable-engine,modules/flowable-cmmn-engine,54,aa7d3ee117c45ed37f4e60258061626835edbe4e,1
1122,flowable/flowable-engine,modules/flowable-cmmn-engine,55,34fc5c7155e876ce029bff44ebc85f48e01deabd,1
1122,flowable/flowable-engine,modules/flowable-cmmn-engine,56,7f773e06b527f41b22840355e32857da9d499533,1
1122,flowable/flowable-engine,modules/flowable-cmmn-engine,57,4060a175682f55d9c5ab2dfba65fefbc62513fed,1
1122,flowable/flowable-engine,modules/flowable-cmmn-engine,58,a63fa8162134781e78355024cbbf74fa25a7892f,1
1122,flowable/flowable-engine,modules/flowable-cmmn-engine,59,aedc94ca5ca933de331bcedd0873a874ab693f54,1
1122,flowable/flowable-engine,modules/flowable-cmmn-engine,60,e888bb6ff6280e3741b7f04c09afdc8093a5ce1e,1
1122,flowable/flowable-engine,modules/flowable-cmmn-engine,61,9170a8bd355f3404566463a8d130fa333381cf98,1
1122,flowable/flowable-engine,modules/flowable-cmmn-engine,62,e4eb8bfcac86a41e8001959d192285fec52284bd,1
1122,flowable/flowable-engine,modules/flowable-cmmn-engine,63,fff2fad622e35dffcfd12716181c4ff5d42efea2,1
1122,flowable/flowable-engine,modules/flowable-cmmn-engine,64,4cf7b445821a409e21120573f9b428f153e914e7,1
1122,flowable/flowable-engine,modules/flowable-cmmn-engine,65,cca1aa3fcb774328c54072526f303afd2370bcc6,1
1122,flowable/flowable-engine,modules/flowable-cmmn-engine,66,6324a3a0b00402f9daa58d9e893c9355c1745315,1
1122,flowable/flowable-engine,modules/flowable-cmmn-engine,67,706e10ffbe6ef6e79409ea003186d5806a50cbc4,1
1122,flowable/flowable-engine,modules/flowable-cmmn-engine,68,215b9ccd95aaf9c40051ce849aa5a77cc779a977,1
1122,flowable/flowable-engine,modules/flowable-cmmn-engine,69,10bee317fd6a30fcfd49d3651c2a7b916f27427a,1
1122,flowable/flowable-engine,modules/flowable-cmmn-engine,70,d96d5889e58fc6fe80878d354697bd538b698f44,1
1122,flowable/flowable-engine,modules/flowable-cmmn-engine,71,8b3b6d5c6baa0b171d7474f7a7d3d27f209567eb,1
1122,flowable/flowable-engine,modules/flowable-cmmn-engine,72,2226b9071f91fa32e2ba29ec31aa15f783770802,1
1122,flowable/flowable-engine,modules/flowable-cmmn-engine,73,ccfe987378c9fff675c3867c86a93109892206d5,1
1122,flowable/flowable-engine,modules/flowable-cmmn-engine,74,521c180f466c28e5df932484290abaa204b94fd1,1
1122,flowable/flowable-engine,modules/flowable-cmmn-engine,75,bc9d662a8ebfa62185e587483146204b472ec06c,1
1122,flowable/flowable-engine,modules/flowable-cmmn-engine,76,8ea2976b4da5b82f8ccbd50424ccf61f65db17b6,1
1122,flowable/flowable-engine,modules/flowable-cmmn-engine,77,a5436d59e561fe2702d7a78e85fba7600743f23a,1
1122,flowable/flowable-engine,modules/flowable-cmmn-engine,78,2302627c70038384f36f2b478b1be64d17595ff9,1
1122,flowable/flowable-engine,modules/flowable-cmmn-engine,79,792e076c2e9e344f99a6c480b3ad27299280e232,1
1122,flowable/flowable-engine,modules/flowable-cmmn-engine,80,3cc4d5e225c7ab2ccbba5f95b9441c842f743307,1
1122,flowable/flowable-engine,modules/flowable-cmmn-engine,81,d856babee36b0a12b981f33fbcd2ae678e75c159,1
1122,flowable/flowable-engine,modules/flowable-cmmn-engine,82,b912b04b99157146f57671b91bc33c57e05149b4,1
1122,flowable/flowable-engine,modules/flowable-cmmn-engine,83,15c9f0b1dc423681d04003351db480fa57f66a31,1
1122,flowable/flowable-engine,modules/flowable-cmmn-engine,84,a1db4aeafd97341755b6325762e6630a78c55766,1
1122,flowable/flowable-engine,modules/flowable-cmmn-engine,85,60bb10659e3b74ba7cbc4f85f2a2cff914d0fc3d,1
1122,flowable/flowable-engine,modules/flowable-cmmn-engine,86,9452b7612500640e765d73de416fe9586cd75a28,1
1122,flowable/flowable-engine,modules/flowable-cmmn-engine,87,a9ca3fe21751cdb95923aa31586743d7f96313c5,1
1122,flowable/flowable-engine,modules/flowable-cmmn-engine,88,b5a67a41904d25ffee56fc00dc336394c3d6997c,1
1122,flowable/flowable-engine,modules/flowable-cmmn-engine,89,ed519f11e762deac26bfc014a86c44260ed39d11,1
1122,flowable/flowable-engine,modules/flowable-cmmn-engine,90,bda42c785751d3eb72c3ef6e666d86890fcb7ecb,1
1122,flowable/flowable-engine,modules/flowable-cmmn-engine,91,0a3ccdc8018d567c9521372cd216820492a112da,1
1122,flowable/flowable-engine,modules/flowable-cmmn-engine,92,0836c480d761b5340e5796bce8afe90ed7889c2c,1
1122,flowable/flowable-engine,modules/flowable-cmmn-engine,93,1472f0c198a25e2ad1ac33d2a43f722074150f08,1
1122,flowable/flowable-engine,modules/flowable-cmmn-engine,94,23e456601c2b4a87b3ab6639129e64ea821cccae,1
1122,flowable/flowable-engine,modules/flowable-cmmn-engine,95,1518c1de4c17616915ab4afd12c251433373337b,1
1122,flowable/flowable-engine,modules/flowable-cmmn-engine,96,b8d8b9cbdf7a42195450e4982022932d262c3cd1,1
1122,flowable/flowable-engine,modules/flowable-cmmn-engine,97,052da7f012bc4e888923b88eb83ff5d16f485680,1
1122,flowable/flowable-engine,modules/flowable-cmmn-engine,98,eda46f6ada355756a0189ddb9ff1d70d8e73518d,1
1122,flowable/flowable-engine,modules/flowable-cmmn-engine,99,688e2f8185a9129a8cc8c45aefa93614e5b91e7d,1
1122,flowable/flowable-engine,modules/flowable-cmmn-engine,100,3c283fb58176ff067f05a9b34d4db40e35ee4674,1
1216,mapstruct/mapstruct,processor,-100,907d605160386d818e8df0a577fef32da30b147e,1
1216,mapstruct/mapstruct,processor,-99,166eb699c75b60979c3713c1492f98150ccfcac4,1
1216,mapstruct/mapstruct,processor,-98,735a5bef6a36644a48bfc5bebde31e217574551c,1
1216,mapstruct/mapstruct,processor,-97,72e6b1feb56c228eae5dfb91ee0a6b6c7acc9b42,1
1216,mapstruct/mapstruct,processor,-96,29008e12bf4d8f5c2136f8ab3cb6aec8547d3325,1
1216,mapstruct/mapstruct,processor,-95,13bc0c023c82e40f6cb14b41f5fba462859bd308,1
1216,mapstruct/mapstruct,processor,-94,00df0bc3d0ab347fb79d726c3b19417b04b503c2,1
1216,mapstruct/mapstruct,processor,-93,5de813c16f19050e6cd0a8cd08dc18799a37271b,1
1216,mapstruct/mapstruct,processor,-92,ea45666d665c51c02a79bb9a670855b9fab06059,1
1216,mapstruct/mapstruct,processor,-91,0de10ca83c682303f4082c27b3a22eec5fbcb258,1
1216,mapstruct/mapstruct,processor,-90,930b07aab82d9270a871f89b957717825a693385,1
1216,mapstruct/mapstruct,processor,-89,42cfa05c40d1cd8d68397ed5581de147929c1250,1
1216,mapstruct/mapstruct,processor,-88,b22efd9ad7d8878c45d8f5c906b39dbbfe3aeaec,1
1216,mapstruct/mapstruct,processor,-87,910504152231f1e2f1e441a52e1075ac8327cc7f,1
1216,mapstruct/mapstruct,processor,-86,20ff51ebb8782afe571e797b992e9660e3667e74,1
1216,mapstruct/mapstruct,processor,-85,5f4d355838adffe2691f4e2d3eb3ac7f6c4c7850,1
1216,mapstruct/mapstruct,processor,-84,aed3ff5295fd91f28622f41ea14cf0a4e9670efa,1
1216,mapstruct/mapstruct,processor,-83,12070186a43f9d4f03c0b441cbe5cd56c16089a9,1
1216,mapstruct/mapstruct,processor,-82,37835a560770c307b1955a11cb399985bdc6a7b4,1
1216,mapstruct/mapstruct,processor,-81,2a2c11e871001909187cea173d442624e724c64c,1
1216,mapstruct/mapstruct,processor,-80,7bb85d05c0a7f8dc755c271a37e8feb3b09a592e,1
1216,mapstruct/mapstruct,processor,-79,b6a3aa151228c17183979da0fd1573bebd1e9ed3,1
1216,mapstruct/mapstruct,processor,-78,0a69492983a34a5a41dd6968fa0c2f18f97484e8,1
1216,mapstruct/mapstruct,processor,-77,ad00adfa8659d22fca4fd725434e6d5971418692,1
1216,mapstruct/mapstruct,processor,-76,ab528678318cb0983f50767b8170ab4697ba4e75,1
1216,mapstruct/mapstruct,processor,-75,7e00af6ff451b15d125242af91df2864a0a58aea,1
1216,mapstruct/mapstruct,processor,-74,08a0313840307e96d17246509cbea99c4b048dec,1
1216,mapstruct/mapstruct,processor,-73,2473c3eaaa812490b23dc32287b90bd36d539ecf,1
1216,mapstruct/mapstruct,processor,-72,03d44b5a872f796b79336429d8cde2ee7918910a,1
1216,mapstruct/mapstruct,processor,-71,66046177300c9c89bbec6e841a61208e6d08140a,1
1216,mapstruct/mapstruct,processor,-70,437a70d6dfa238f3d0262d1bf90d88003152fbbf,1
1216,mapstruct/mapstruct,processor,-69,a1a0786cf2c25651eae795f3c2649e75b4b641f9,1
1216,mapstruct/mapstruct,processor,-68,efa11ba312bf601179289369b219c97ed9307f07,1
1216,mapstruct/mapstruct,processor,-67,5efe5e291c0433cafa53bd76cb5f170529f5a60a,1
1216,mapstruct/mapstruct,processor,-66,46b78bfe59c0473d3b92c08c73bbb782e03491bd,1
1216,mapstruct/mapstruct,processor,-65,ec9288ce6693abc1d14687d315f10e7e7697dd5e,1
1216,mapstruct/mapstruct,processor,-64,20e97714d4e2d357c96a5065b22223f2152a6978,1
1216,mapstruct/mapstruct,processor,-63,22ad9f636d9f786bc18febf1fb623a17145c33a5,1
1216,mapstruct/mapstruct,processor,-62,fa800926e7cbf6d1ed5b219ae79309036d2c0879,1
1216,mapstruct/mapstruct,processor,-61,98eb46aee9aec4135fed2bd0c2fbd0c621c22b08,1
1216,mapstruct/mapstruct,processor,-60,406ae3fc13a665fd52144dd476af371623b73a88,1
1216,mapstruct/mapstruct,processor,-59,19973ff818e20531cbd81e5048404fd48c3c7508,1
1216,mapstruct/mapstruct,processor,-58,1459aabfc3f1867d8e6ebbae641f1e38b6a1c0e2,1
1216,mapstruct/mapstruct,processor,-57,88745d151ec60c7a0c2b8b840189c2db06fe053f,1
1216,mapstruct/mapstruct,processor,-56,de8c0c7070aabd10656c67088b5c7b52b92c954b,1
1216,mapstruct/mapstruct,processor,-55,8fa286fe4ce790cc2a65adff55c813bc9717437a,1
1216,mapstruct/mapstruct,processor,-54,849085e02647d5d0cc63c9c2da98c8e959f4e6e2,1
1216,mapstruct/mapstruct,processor,-53,17997ef617e6ba5d9b9c70e7e5e8484cd82dbc53,1
1216,mapstruct/mapstruct,processor,-52,46900cabde211f885521b9b57d1d3de3f07a849a,1
1216,mapstruct/mapstruct,processor,-51,54321d6e663d656a0d33bbddb3a7e030f8faa74c,1
1216,mapstruct/mapstruct,processor,-50,ef4c26b075896dd564e63235ae98dbaedb7d512f,1
1216,mapstruct/mapstruct,processor,-49,874bf1fd2c44065376483c2a9a700455aa0c31ce,1
1216,mapstruct/mapstruct,processor,-48,237543c47cb1827189e8c8d81b5b5b9c2eabadf1,1
1216,mapstruct/mapstruct,processor,-47,b24e831cf0960cc25a4967fe6e1f11c536c0b118,1
1216,mapstruct/mapstruct,processor,-46,71b1a7b8a2f33016d38f01590f641e0e20d424ae,1
1216,mapstruct/mapstruct,processor,-45,42500ca755a68eef115261adea79ff80892ddd49,1
1216,mapstruct/mapstruct,processor,-44,853e7b27df3f7a053bec28846a646588557fcfca,1
1216,mapstruct/mapstruct,processor,-43,4fa66229d9e3949f451fe8b79b62dcbbd138b669,1
1216,mapstruct/mapstruct,processor,-42,ac356cab2529e1ab71205e2f9389686fe3b303c3,1
1216,mapstruct/mapstruct,processor,-41,3cc2aa76751b8a2f11f0577303df90737e783e1b,1
1216,mapstruct/mapstruct,processor,-40,68571de01bd9b06cef647a3d9ad073f0f0cd2456,1
1216,mapstruct/mapstruct,processor,-39,21069e5a2ece79d3f4a7f7d247b2f96060ccedbb,1
1216,mapstruct/mapstruct,processor,-38,bbf63ae1777981d1d89693d6f9d980064997cf28,1
1216,mapstruct/mapstruct,processor,-37,97c67552882d6fb1c6ab51bf14a6c9d289e652c4,1
1216,mapstruct/mapstruct,processor,-36,d593afed694e407c108596df584bd7fc739c2f5c,1
1216,mapstruct/mapstruct,processor,-35,811cd569bb80ed45f0da74cb603d9bfea774ad0c,1
1216,mapstruct/mapstruct,processor,-34,73e8fd6152153ba8c2f76fc5e9a84b16d33f6a0b,1
1216,mapstruct/mapstruct,processor,-33,e979f506fac6aeabfa3a1993b3b986449fcb7b3a,1
1216,mapstruct/mapstruct,processor,-32,608d476ed26ce4ac3096e2d9a2ee2a8226e42a00,1
1216,mapstruct/mapstruct,processor,-31,af1eab0ece084aa04798e2d86fc20bd65bfa784e,1
1216,mapstruct/mapstruct,processor,-30,90a487ac0641c39ebec6680567cc97eaede49365,1
1216,mapstruct/mapstruct,processor,-29,411cc24dac06892dc7e5582aff9ce409302916b8,1
1216,mapstruct/mapstruct,processor,-28,266c5fa41ce6a07c4fb11b745b461c4ca19a8301,1
1216,mapstruct/mapstruct,processor,-27,3a325ea66bdd07741d1bda43d3c77c2709464ea7,1
1216,mapstruct/mapstruct,processor,-26,bb099a55ee3c1b9ae7fc2fbad6c6f9c8fe3ae911,1
1216,mapstruct/mapstruct,processor,-25,6a394ad466b5bda8b17e2406b56be34be3312e21,1
1216,mapstruct/mapstruct,processor,-24,93f7c3b8eadef4ad37b35ae1bb4e6ac41b09a781,1
1216,mapstruct/mapstruct,processor,-23,16e3ceadec76ad4f3657e8af2f99172241b8dfd3,1
1216,mapstruct/mapstruct,processor,-22,8894cd5935f238ae32338f49cd4595e4562f87f2,1
1216,mapstruct/mapstruct,processor,-21,82b19b0d8a7addcb137b1d53e9e753fde0957304,1
1216,mapstruct/mapstruct,processor,-20,fd27380185fe83feb6d26308c7d358025783ff8f,1
1216,mapstruct/mapstruct,processor,-19,a7ba12676d237957be0753076f436d7974c9f7f4,1
1216,mapstruct/mapstruct,processor,-18,89db26a1af35fb759a2fa74b8bc7586cb743c454,1
1216,mapstruct/mapstruct,processor,-17,2be1f306a1179b437e850f8ac99ceb492373dced,1
1216,mapstruct/mapstruct,processor,-16,6e9fa87ba99bb8637ae7f525636610fc77ad6e22,1
1216,mapstruct/mapstruct,processor,-15,03563d8ffea0ca5ff4eadb297795f2407001c5dd,1
1216,mapstruct/mapstruct,processor,-14,b1034e67035fea9329b13e288aa4503533f6912c,1
1216,mapstruct/mapstruct,processor,-13,d10d48ccff8e3715b44ddfd3ad3f5a54e1238479,1
1216,mapstruct/mapstruct,processor,-12,c6ea69eaf9bba177a52f6ddebebc1378797b0eb2,1
1216,mapstruct/mapstruct,processor,-11,e69843f46e47332ea6899717e530266b853cee8f,1
1216,mapstruct/mapstruct,processor,-10,979b35a2f46e75358af7029f0cd1ee7bbf40d8a7,1
1216,mapstruct/mapstruct,processor,-9,86a668661a45037adc795f003e6134f89faa3c3c,1
1216,mapstruct/mapstruct,processor,-8,2f78d3f4e2f493239ed15e6fe2bb85daab4bfed8,1
1216,mapstruct/mapstruct,processor,-7,931591a385a352795090a8bf9db96778d9325a3b,1
1216,mapstruct/mapstruct,processor,-6,d3b4a168b7abef6c31fea4f3506996ffe23ad718,1
1216,mapstruct/mapstruct,processor,-5,a8df94cc2049099dce5f42ead520965da563e9b0,1
1216,mapstruct/mapstruct,processor,-4,4843123e6ef98589831a8cc8b7cc4330c7f9ed64,1
1216,mapstruct/mapstruct,processor,-3,f3dac94701b316e5a62df3a34e52b3d75c483fe7,1
1216,mapstruct/mapstruct,processor,-2,bc5a8771217365b32782f160f132d1dd2a1c4fa1,1
1216,mapstruct/mapstruct,processor,-1,d0e4c48228dc03722d34deb5506ec159ac38514d,1
1216,mapstruct/mapstruct,processor,0,a89c34f00c58e4b74bb81a102f7e615405c38692,1
1216,mapstruct/mapstruct,processor,1,efaa67aadf6f24c8f12804a1f18c1218d929d56f,1
1216,mapstruct/mapstruct,processor,2,7c90592d051c828cc20af0818f899c6fc5adc0e4,1
1216,mapstruct/mapstruct,processor,3,6d205e5bc46365444774609e860f60819818ef4b,1
1216,mapstruct/mapstruct,processor,4,84c443df9c141d9947253a19facbb952cbda816e,1
1216,mapstruct/mapstruct,processor,5,51f4e7eba9c65d9078491711d616c7b5b38ecc1a,1
1216,mapstruct/mapstruct,processor,6,c2eed45df12802cacaec158420656431c061471c,1
1216,mapstruct/mapstruct,processor,7,62d1bd3490974468494853a46ec79f6bd5904bdd,1
1216,mapstruct/mapstruct,processor,8,86919c637f228ec3a668f8140b9b68e2092f5189,1
1216,mapstruct/mapstruct,processor,9,04434af17a1195268af14b9775c93d48936f7e6e,1
1216,mapstruct/mapstruct,processor,10,53c73324ff85e0b718d2a8f2f64bcdbb9256632b,1
1216,mapstruct/mapstruct,processor,11,4abf2d42029e8b5e7b767a6f4ac74050e188170a,1
1216,mapstruct/mapstruct,processor,12,0460c373c06d771e7766dd17aaaad7d1a28928a1,1
1216,mapstruct/mapstruct,processor,13,28d827a724bab212c8069903bd1bac3679370ad6,1
1216,mapstruct/mapstruct,processor,14,279ab2248291cba77391cae38a4b2ea40fbeae7c,1
1216,mapstruct/mapstruct,processor,15,b2dc64136d39547dec3bf3386837be8de7130e0c,1
1216,mapstruct/mapstruct,processor,16,812faeef5100ea28db6081c9f7b5b22b4450bf95,1
1216,mapstruct/mapstruct,processor,17,721288140aa1c1210de222224b44f23e82be0c53,1
1216,mapstruct/mapstruct,processor,18,8cc2bdd0928a11acf2ef656e93a0ebadbb740b90,1
1216,mapstruct/mapstruct,processor,19,f61a3acec301de2a781bd46a56cdcf5c83ca159e,1
1216,mapstruct/mapstruct,processor,20,c59eca2a77a02ea97ab0b87c8a90c48266e106dc,1
1216,mapstruct/mapstruct,processor,21,5d39314bd216b8818face21ec8be95d9f7cfff18,1
1216,mapstruct/mapstruct,processor,22,0ac0c42dbc481a86879e3796d0201c622da61200,1
1216,mapstruct/mapstruct,processor,23,04deac2b3ae4b9ffe1c31ce293ee2d6ad3b20418,1
1216,mapstruct/mapstruct,processor,24,2bb2aefed8957861bf297b8f953b40e8753a8c75,1
1216,mapstruct/mapstruct,processor,25,930f5709b65d6f8a573172247ad02293649c08a9,1
1216,mapstruct/mapstruct,processor,26,fa857e9ff46b5bb3e5a6c2c8b1c56009944f5ef3,1
1216,mapstruct/mapstruct,processor,27,6d99f7b8f312617c8a9526e81fbb2dbf3eaa96a5,1
1216,mapstruct/mapstruct,processor,28,7e6fee8714396cb79d81aaecae5f5cd69e178d09,1
1216,mapstruct/mapstruct,processor,29,6cb126cd7cd03aaf8254b3f7f12a29cb6d2ee1b0,1
1216,mapstruct/mapstruct,processor,30,60f162ca881076ac0540822026f0bb1c0a65b36e,1
1216,mapstruct/mapstruct,processor,31,632213802817629c413bb83c9aebfc9bf25ee245,1
1216,mapstruct/mapstruct,processor,32,90a3ce0b464e96a82f6c7d81aaba1fd36fca7b8e,1
1216,mapstruct/mapstruct,processor,33,0a43bc088f2f0bd934438d5ec8ca58b72e09998a,1
1216,mapstruct/mapstruct,processor,34,8191c850e0c210a5215512fe9ff67380125e7120,1
1216,mapstruct/mapstruct,processor,35,ca1fd0d85dc76f914167c94f1e034e8dfd55bb61,1
1216,mapstruct/mapstruct,processor,36,bb1cd6348502c592dfb77aa5ac86cfe62cc0ba32,1
1216,mapstruct/mapstruct,processor,37,c374b5267f2bb3d76bfd22208ee4d59e4e7e2a55,1
1216,mapstruct/mapstruct,processor,38,2c12e75bfcae80aed0aa2674ccdf248280a6f4dc,1
1216,mapstruct/mapstruct,processor,39,e815e3cb1eabfef2930accf7d5f2c442ff2a456e,1
1216,mapstruct/mapstruct,processor,40,8e66445fe9f13b37ea66191548067a80bcc6d048,1
1216,mapstruct/mapstruct,processor,41,0a935c67a7c9ca17a3c6980b96d964c46be527a1,1
1216,mapstruct/mapstruct,processor,42,0a2a0aa526fe1c970baba61c4f9dcc23e975c517,1
1216,mapstruct/mapstruct,processor,43,b33942a0104af4b72554858ae2a21934ca759bc5,1
1216,mapstruct/mapstruct,processor,44,21a8b88a0f3cab99673d0bf94f11e5f731f00b90,1
1216,mapstruct/mapstruct,processor,45,8a679b325d677ef93f7bda65c5a3da13b6aff524,1
1216,mapstruct/mapstruct,processor,46,69371708ee9371bdaf4267529f45b9122df80c62,1
1216,mapstruct/mapstruct,processor,47,8fa2f40944b3a143a987a17448473eec2f78f076,1
1216,mapstruct/mapstruct,processor,48,52877d36c2e227e639fbca43d268174f4fa68bc6,1
1216,mapstruct/mapstruct,processor,49,66f4288842460f27b88ba4580cd5384551127d61,1
1216,mapstruct/mapstruct,processor,50,df49ce5ff93fce8c062263a8d56594e776dc0a3a,1
1216,mapstruct/mapstruct,processor,51,3047760fd0e22eb0ef4baf50d5f39e624161591d,1
1216,mapstruct/mapstruct,processor,52,6ef64ea3aa8320c52a924375d3bc6edf60f0c86d,1
1216,mapstruct/mapstruct,processor,53,6365a606c1b7f2c8d2dfb1583c74d46fb122eb1d,1
1216,mapstruct/mapstruct,processor,54,38ec5c53350905fb8902935306b42fd1845c40c0,1
1216,mapstruct/mapstruct,processor,55,96d06984171f56ac6a910c144fd8a30cd42f1e3d,1
1216,mapstruct/mapstruct,processor,56,b452d7f2c8cc48c384d61b87ad530d2f9c882fa1,1
1216,mapstruct/mapstruct,processor,57,60cd0a442026a3385385dbfb0fc8cd43289992fa,1
1216,mapstruct/mapstruct,processor,58,6c8a2e184bd0254d8fac8bc1e04382da56750a60,1
1216,mapstruct/mapstruct,processor,59,c89b616f8c213f3210f3b5d5a6f7560d665b145b,1
1216,mapstruct/mapstruct,processor,60,1e89d7497b1327c91cf782b80cb484adfdf87192,1
1216,mapstruct/mapstruct,processor,61,23f4802374ae8e4703e8f127d85e332bf2e682fd,1
1216,mapstruct/mapstruct,processor,62,4d9894ba25ba4e17c76211409f951f4cce956b3e,1
1216,mapstruct/mapstruct,processor,63,5232df2707b2c396f6d8bf6453a9f292684ef0f3,1
1216,mapstruct/mapstruct,processor,64,2686e852b6bd85295f723f705450d401e99f560d,1
1216,mapstruct/mapstruct,processor,65,4c1df35ba676814d06336ddf036f4408d9e0526d,1
1216,mapstruct/mapstruct,processor,66,3011dd77d7ee2de7a7a5d93d3e8e965bad971a43,1
1216,mapstruct/mapstruct,processor,67,10d69878a197c1bff1e8743a3d056e36eda856d3,1
1216,mapstruct/mapstruct,processor,68,c74e62a94c4c420ec5aa52fc177c56ea0483c50b,1
1216,mapstruct/mapstruct,processor,69,a3b4139070a3111872c3d17e0cb4dbcbaf8f4bf1,1
1216,mapstruct/mapstruct,processor,70,212607b4470c9e0deb8b6ad1fed56d016d58aa08,1
1216,mapstruct/mapstruct,processor,71,4e0d73db1d17c40d251d39812550206607a16824,1
1216,mapstruct/mapstruct,processor,72,32f1fea7b50ab583b87e3634e25ac92752380682,1
1216,mapstruct/mapstruct,processor,73,21fdaa0f824fc358efc05507c591f86767fa3245,1
1216,mapstruct/mapstruct,processor,74,c2bd847599c1cdfad562eb02ca47b16e8dfa56d6,1
1216,mapstruct/mapstruct,processor,75,b4e25e49deae707b50ce061172e114292b414a23,1
1216,mapstruct/mapstruct,processor,76,5bf2b152afcb5e3f4335f35ea9e0d747963e4298,1
1216,mapstruct/mapstruct,processor,77,0df3f6af957c1468ae4baaf85b528131fbde9711,1
1216,mapstruct/mapstruct,processor,78,8de18e5a65a353e6ff12f6a8f130a08173bf9672,1
1216,mapstruct/mapstruct,processor,79,bee983cd3c627333a613a58be555090ac754da95,1
1216,mapstruct/mapstruct,processor,80,737af6b50a1641d936c8a5b152bb97bf1f843d18,1
1216,mapstruct/mapstruct,processor,81,f3d2b2e65b5709b7575076a220b938ece7931d21,1
1216,mapstruct/mapstruct,processor,82,084cf3abc148255404b0e2b79c878e68c8d606d1,1
1216,mapstruct/mapstruct,processor,83,f98a742f9805dad05653d8fcbae05c085725e4da,1
1216,mapstruct/mapstruct,processor,84,8f962919117c30c95165e5349314c0adea455d8f,1
1216,mapstruct/mapstruct,processor,85,57d4f88a48f6dc95f02ecbd9d19b6c396be2444f,1
1216,mapstruct/mapstruct,processor,86,39551242d7cfbab7e6bbadfed8c771b483cc1a13,1
1216,mapstruct/mapstruct,processor,87,2c84d04463a3ec2edd6c05e726a579b4ba936847,1
1216,mapstruct/mapstruct,processor,88,602e29083fe980be0256fd01d37906ceab1ff6ca,1
1216,mapstruct/mapstruct,processor,89,fce73aee6ab655f3896dee440fa890a1971a281f,1
1216,mapstruct/mapstruct,processor,90,6e6fd01a2eb08177d5cc360a97e1721db511239d,1
1216,mapstruct/mapstruct,processor,91,05f27e96e2108344d69a2963b04ee973c83b0eb0,1
1216,mapstruct/mapstruct,processor,92,42c87d1da99252e21699cde7d584538b5c961ba7,1
1216,mapstruct/mapstruct,processor,93,3a5c70224d60aaa834986c5ff88fcb568df9fc85,1
1216,mapstruct/mapstruct,processor,94,0badba70038875cb2fdf6d9ff328b6a9ba31d245,1
1216,mapstruct/mapstruct,processor,95,6b6600c370cb50b2fbf40f56412238974575ae85,1
1216,mapstruct/mapstruct,processor,96,5464c3cff805a235e908976fe5d55d0162d2a323,1
1216,mapstruct/mapstruct,processor,97,8fc97f5f62743cc72280f5334dbebf9fdc39bfee,1
1216,mapstruct/mapstruct,processor,98,bff88297e367ec856a1c5a5f68fcc9a62662ee70,1
1216,mapstruct/mapstruct,processor,99,ce84c81de2ee809c1457dfb9078ec1ae785ad323,1
1216,mapstruct/mapstruct,processor,100,46ce011e4bd9b9fbcc0f0d337d5ad631f5d214b2,1
1305,AsyncHttpClient/async-http-client,client,-100,bf1738b863c90e8c37e9d092cb3aad4648117b77,1
1305,AsyncHttpClient/async-http-client,client,-99,12b49e9759e6e8bf2b5ea818736d8da4b1964c1b,1
1305,AsyncHttpClient/async-http-client,client,-98,ed5552bb10263b9e94ba0ea9e31eea9de6d49338,1
1305,AsyncHttpClient/async-http-client,client,-97,b819481deac6d01c0bf1d824a81085aa8b722110,1
1305,AsyncHttpClient/async-http-client,client,-96,424213d281d624d52bac17b43f612229ee6f486d,1
1305,AsyncHttpClient/async-http-client,client,-95,43ba87043797337c74a39b64ff4e6cfe6228c333,1
1305,AsyncHttpClient/async-http-client,client,-94,a444e65c62bb6ee05c54bd315a475bc6b8e45cac,1
1305,AsyncHttpClient/async-http-client,client,-93,a3563dfef6e33723b22f8e1c2ba8dc438b76dffe,1
1305,AsyncHttpClient/async-http-client,client,-92,5dc515d1864404069af5de5403aa81a2fbac5280,1
1305,AsyncHttpClient/async-http-client,client,-91,cd8ddd71df814bf326c900afc8a9521ab53f286a,1
1305,AsyncHttpClient/async-http-client,client,-90,6e1b1d3a10b0efd7539029d33765f265d84dc2c0,1
1305,AsyncHttpClient/async-http-client,client,-89,da6c526829e1b8bff2f6908751dce93d4eb2a077,1
1305,AsyncHttpClient/async-http-client,client,-88,996a3c1453aec3411bc69831bc8f2c94b53ceff0,1
1305,AsyncHttpClient/async-http-client,client,-87,7416a3867127879d4bcd8a2dc44ad00029e190a0,1
1305,AsyncHttpClient/async-http-client,client,-86,f723dc681f8aff9d8b858795632d4411cb515ff5,1
1305,AsyncHttpClient/async-http-client,client,-85,bb3902d9e3c6c3ec50aa2c2db114eeab271945b1,1
1305,AsyncHttpClient/async-http-client,client,-84,726e791db7daec3a5b5aaedc013d9d8aea0fe958,1
1305,AsyncHttpClient/async-http-client,client,-83,ee241fedd3db29829d39caa402584268969f3cf1,1
1305,AsyncHttpClient/async-http-client,client,-82,26f9f8674eecc845613c2b06ec543377a0e1229a,1
1305,AsyncHttpClient/async-http-client,client,-81,99142bb1d288b5445d32d54253a0e49b283e4de8,1
1305,AsyncHttpClient/async-http-client,client,-80,3737fb2ddeeb2bb0b058ae248604ad7a5a2f9305,1
1305,AsyncHttpClient/async-http-client,client,-79,c5ac1a0130228eadd6c68bb4dceb066cd15f3b19,1
1305,AsyncHttpClient/async-http-client,client,-78,ff4858ceb65160e38718687ee3719e0db3440324,1
1305,AsyncHttpClient/async-http-client,client,-77,f877a323a9fc97f710b00a189a48b1c09520b7e8,1
1305,AsyncHttpClient/async-http-client,client,-76,3e7596c52764b072e4843a6c2625b662d3002780,1
1305,AsyncHttpClient/async-http-client,client,-75,0afafb0de293f6e20d685c36f193ebf5e1aae267,1
1305,AsyncHttpClient/async-http-client,client,-74,1fe77d8c38e6ca619029a637382a1c93f92fd095,1
1305,AsyncHttpClient/async-http-client,client,-73,5b3cbaa2468800a8e5c4b2184f36037116172c15,1
1305,AsyncHttpClient/async-http-client,client,-72,8d604a5733236f89197081c08e5df81498bff1cd,1
1305,AsyncHttpClient/async-http-client,client,-71,72ed867969dd92a3888832bd5cab72c39160052d,1
1305,AsyncHttpClient/async-http-client,client,-70,4d03ad6616a5f8f8fe6525a5d1ae9590b36b934a,1
1305,AsyncHttpClient/async-http-client,client,-69,a6d1cd2cd6cd027d9c183b023caeb77864f28691,1
1305,AsyncHttpClient/async-http-client,client,-68,a3b14543b71bf1908cb58614173977d702b228ae,1
1305,AsyncHttpClient/async-http-client,client,-67,4717c9da2116f9eac74224d6e0bfa9d40f6ae1c4,1
1305,AsyncHttpClient/async-http-client,client,-66,fdb95d664949165558fe63e4a7726ff49fe4550b,1
1305,AsyncHttpClient/async-http-client,client,-65,365c1e6a582499f8aaec30d56a398e694033e999,1
1305,AsyncHttpClient/async-http-client,client,-64,c035ead9354f2957b180ea4f4c1fb2d479411f1b,1
1305,AsyncHttpClient/async-http-client,client,-63,c5b6857880a18d8dafda63e5000f1482d2224f7a,1
1305,AsyncHttpClient/async-http-client,client,-62,c2ecf92714af685b87d79241cd2cbe0ca1432b62,1
1305,AsyncHttpClient/async-http-client,client,-61,cabac4a8353aee4b8d8c2504f4c002700d0d99c2,1
1305,AsyncHttpClient/async-http-client,client,-60,e1f6371bd807c4dd8de0469f2dd48968404f9914,1
1305,AsyncHttpClient/async-http-client,client,-59,23095ea96a35107dac5cf8b4fdc1cd851726ae11,1
1305,AsyncHttpClient/async-http-client,client,-58,790870181b47754908c9d6c9619176ad76ea8f1f,1
1305,AsyncHttpClient/async-http-client,client,-57,3b3a7da528d5b26cff1ced8eade94f47db19f8ef,1
1305,AsyncHttpClient/async-http-client,client,-56,97b61927c2470d4dd9fd9bbbb7465d45dade9a0e,1
1305,AsyncHttpClient/async-http-client,client,-55,d88719392a94be7c71cddf8c36aba300f3bb22ae,1
1305,AsyncHttpClient/async-http-client,client,-54,12812641918454cd06c131db935ae7da32a11b72,1
1305,AsyncHttpClient/async-http-client,client,-53,2b232a44f75120d8259d45e556da450b2b871397,1
1305,AsyncHttpClient/async-http-client,client,-52,efdd477b34909160bc64b7473435c9e62813a184,1
1305,AsyncHttpClient/async-http-client,client,-51,f61f88e694850818950195379c5ba7efd1cd82ee,1
1305,AsyncHttpClient/async-http-client,client,-50,16bca5c66aca934e7653cdcb7f439f3bde659902,1
1305,AsyncHttpClient/async-http-client,client,-49,6656e9c4908b286dc719b9e92d8fdec4e4df10d8,1
1305,AsyncHttpClient/async-http-client,client,-48,02b97ed0e73e5b69339aa3bfbb25fdf5b2f80785,1
1305,AsyncHttpClient/async-http-client,client,-47,29ce5fcb65bc1e854423f733bbabd2a28af3f4cd,1
1305,AsyncHttpClient/async-http-client,client,-46,670e8d91c1088232a4033040e2df21bfc404dff1,1
1305,AsyncHttpClient/async-http-client,client,-45,5c07a0cda5701de72201d3257e2ea32be0caf904,1
1305,AsyncHttpClient/async-http-client,client,-44,4d915fd00110516e35c0cf1ec36b2e60f2e1bd85,1
1305,AsyncHttpClient/async-http-client,client,-43,a00d469cedde0351dc818416eff1cbe22abdeb3d,1
1305,AsyncHttpClient/async-http-client,client,-42,8571b00a6e183d8af8ce54d294ab1376d866047c,1
1305,AsyncHttpClient/async-http-client,client,-41,fdf9a7b96e135fa95c4f56b7b8f29c029917cca0,1
1305,AsyncHttpClient/async-http-client,client,-40,f45798cfb5d620dfdb122fa77cf039e571e2f3d8,1
1305,AsyncHttpClient/async-http-client,client,-39,816b0a875c545e3b971b8fc5e4e5e8a8e409f122,1
1305,AsyncHttpClient/async-http-client,client,-38,71dad6ae761c8e3dc03c49271a487be5c7c42ba0,1
1305,AsyncHttpClient/async-http-client,client,-37,4803ab464b620f7b14c56d6d2cda4bc99d518485,1
1305,AsyncHttpClient/async-http-client,client,-36,f66ace1c49a4dfaf61b90264b68add112ea86528,1
1305,AsyncHttpClient/async-http-client,client,-35,8b659427c98ffe73cecd479f7e33cdee1eb05b5c,1
1305,AsyncHttpClient/async-http-client,client,-34,ba6691f8ac1a64cae07b7b673cc32154a55c54c8,1
1305,AsyncHttpClient/async-http-client,client,-33,0de511df05739bb37694a8e2aab571fb58fd678a,1
1305,AsyncHttpClient/async-http-client,client,-32,47430bb1d5e1147bf46cf226da4ca2ba4cae1027,1
1305,AsyncHttpClient/async-http-client,client,-31,adc354ea0106a6b39ca2a05d41318945e4ebd4b8,1
1305,AsyncHttpClient/async-http-client,client,-30,b7026a17bb4f61185f01509027636719d2782ed8,1
1305,AsyncHttpClient/async-http-client,client,-29,c426c545a142ef503e96d02409d1f0e6e7ae1f24,1
1305,AsyncHttpClient/async-http-client,client,-28,79af4c8f965efad049580ad1dc28ca9f374e42b8,1
1305,AsyncHttpClient/async-http-client,client,-27,53da25ccb734b906ca54ffc64bce8211d4ec728c,1
1305,AsyncHttpClient/async-http-client,client,-26,116fdb4d28bc19c458a9c018fcbb2d225261f748,1
1305,AsyncHttpClient/async-http-client,client,-25,c16a06dee1954c565dadad1b6b427c8e2084a04f,1
1305,AsyncHttpClient/async-http-client,client,-24,4eac44668ae0194e6084a8c7e52b26dfb7f79c93,1
1305,AsyncHttpClient/async-http-client,client,-23,c770f41d3434964177943ae23448bf5d7b8b935a,1
1305,AsyncHttpClient/async-http-client,client,-22,f4c5befa646439220e32418c757f3c7b6d6491d6,1
1305,AsyncHttpClient/async-http-client,client,-21,4f5c13a8e75836387ceddabc8dce3a346ecaec88,1
1305,AsyncHttpClient/async-http-client,client,-20,d7dd7dec672b87a2147a7bad13ced5866efed488,1
1305,AsyncHttpClient/async-http-client,client,-19,1e1a84409e551d8455faa9595c09b56d46e63f74,1
1305,AsyncHttpClient/async-http-client,client,-18,e1b461ae058a87a04b58d4312155f01fec06118e,1
1305,AsyncHttpClient/async-http-client,client,-17,3e682001eeca22f70b807a6840bb2b53bb4d493c,1
1305,AsyncHttpClient/async-http-client,client,-16,2f8e751206e5c33488c42301b743a270e74685db,1
1305,AsyncHttpClient/async-http-client,client,-15,e0133d40955c3ad8f49fd006d148d93d85fe74f9,1
1305,AsyncHttpClient/async-http-client,client,-14,7fd935e2a3ed323bf0d6026ca14cd7d4d05575ad,1
1305,AsyncHttpClient/async-http-client,client,-13,a7ea7cff16eb43afb89a0facc2960b4e1441f584,1
1305,AsyncHttpClient/async-http-client,client,-12,c5eff423ebdd0cddd00bc6fcf17682651a151028,1
1305,AsyncHttpClient/async-http-client,client,-11,087b41ad669f3dd956a66f7c4b85814bb8576f4e,1
1305,AsyncHttpClient/async-http-client,client,-10,9d0f1d78600b679026f801d6a5d536dd6bdb5ae8,1
1305,AsyncHttpClient/async-http-client,client,-9,677c43f5d29cb7644a6d9a71774e33e6752b9627,1
1305,AsyncHttpClient/async-http-client,client,-8,e6b0a9bc30e7bafc822eab048aa3e31e6ac9549f,1
1305,AsyncHttpClient/async-http-client,client,-7,11d766bc0015ac1f6c8750e516836b9ed4190bd4,1
1305,AsyncHttpClient/async-http-client,client,-6,0e9ad8c2197e8ae5d03e699427a9890aee41555a,1
1305,AsyncHttpClient/async-http-client,client,-5,28ba8f7287a974b7f137026386523cfc4a42ee78,1
1305,AsyncHttpClient/async-http-client,client,-4,492cb67b9b8f9efab3760fd1b4a83e7467d758e1,1
1305,AsyncHttpClient/async-http-client,client,-3,26d1cc04e95544a61e8f51802cc6bb360d1e8916,1
1305,AsyncHttpClient/async-http-client,client,-2,fe0fe2f7dd40097ae7fb1457a543d60ce73da87c,1
1305,AsyncHttpClient/async-http-client,client,-1,7a69311087d2c899ceff25c1e0d598afab68e146,1
1305,AsyncHttpClient/async-http-client,client,0,d4f1e5835b81a5e813033ba2a64a07b020c70007,1
1305,AsyncHttpClient/async-http-client,client,1,641a1f94bb0fdfdec9d453b0ca5166fbdfb9b98e,1
1305,AsyncHttpClient/async-http-client,client,2,9e2873e71e40869aa73f5810f109a623011a89e1,1
1305,AsyncHttpClient/async-http-client,client,3,a44aac86616f4e8ffe6977dfef0f0aa460e79d07,1
1305,AsyncHttpClient/async-http-client,client,4,abd93519772353dbae5f687e5e49f19c871a3808,1
1305,AsyncHttpClient/async-http-client,client,5,716493892539cdcb2f53a1e20d9414a3c57ca833,1
1305,AsyncHttpClient/async-http-client,client,6,9c8c70d5a9a17ed86f56fa8c9c7c1ea5aedec2cd,1
1305,AsyncHttpClient/async-http-client,client,7,12f4b2a5654ec7427a10c049d06e3f05dac41f1e,1
1305,AsyncHttpClient/async-http-client,client,8,a1ea371a5024699a3e22eafee827ccb9ca06a546,1
1305,AsyncHttpClient/async-http-client,client,9,2b12d0ba819e05153fa265b4da7ca900651fd5b3,1
1305,AsyncHttpClient/async-http-client,client,10,64622adb84d3d7dc2f517a500b6f1f2f4d7c4d02,1
1305,AsyncHttpClient/async-http-client,client,11,7770c8b3a0af142b2f57bfb1c5b6f4a836f8fed5,1
1305,AsyncHttpClient/async-http-client,client,12,d24ee6ac16e972fd910d1adfdd542e0cd2db59bd,1
1305,AsyncHttpClient/async-http-client,client,13,bd7b5bd0e3e5f7eb045d3e996d94b9f190fe3232,1
1305,AsyncHttpClient/async-http-client,client,14,d2fc37154b48c416e9d2dda0095a4a7a32b83f5a,1
1305,AsyncHttpClient/async-http-client,client,15,576decf10ca8729c1b3216fcd54c2191872059f4,1
1305,AsyncHttpClient/async-http-client,client,16,7201bf111839358226df678fd512961a3db4fc1d,1
1305,AsyncHttpClient/async-http-client,client,17,7a370af58dc8895a27a14d0a81af2a3b91930651,1
1305,AsyncHttpClient/async-http-client,client,18,6973b58da03b85b742c0746a34cbead8481c4f4f,1
1305,AsyncHttpClient/async-http-client,client,19,1b63e0b00d5cd9f2317d855341e0324d0b2b3f47,1
1305,AsyncHttpClient/async-http-client,client,20,929895992c7e35b27fe6b01a161712e5e8406bdf,1
1305,AsyncHttpClient/async-http-client,client,21,a2b16249ed5cfeda46137b80daa1b4dec45ef73c,1
1305,AsyncHttpClient/async-http-client,client,22,201c5d566f7688b9fe52de0364a126423fdd3671,1
1305,AsyncHttpClient/async-http-client,client,23,e7edd2c378fb4487be11c47bd624034094c2ae24,1
1305,AsyncHttpClient/async-http-client,client,24,cf96e6bd6e5f453832747102291ec92d43c3b123,1
1305,AsyncHttpClient/async-http-client,client,25,deb01a60f903a28d11cb6b0f769d5404261d1793,1
1305,AsyncHttpClient/async-http-client,client,26,e12e8d48960aa1f708f8e23b389f88c87a2913d1,1
1305,AsyncHttpClient/async-http-client,client,27,0ebfd642b4b1c83d3c14febebb935a4f7e6729d9,1
1305,AsyncHttpClient/async-http-client,client,28,e294c700c0518501ee55db07f82e8c4f89e63c9e,1
1305,AsyncHttpClient/async-http-client,client,29,26d46d77fd49bbbde6f82db6193a281c3db2ae5d,1
1305,AsyncHttpClient/async-http-client,client,30,a7ae93686d29a2787559fc236ef28eff0bf2393d,1
1305,AsyncHttpClient/async-http-client,client,31,ee2c8f71a124b011ba481480618c37f6708c2127,1
1305,AsyncHttpClient/async-http-client,client,32,975241f6996d82a9f981412bb2bc4b7eb1f93702,1
1305,AsyncHttpClient/async-http-client,client,33,8046826d1c79da296de98f7eb2f3ebae8e563d8e,1
1305,AsyncHttpClient/async-http-client,client,34,f25d32b26663f786ddd25e1ca367fc3a10c38e29,1
1305,AsyncHttpClient/async-http-client,client,35,8da2b18c298eaf336d6863fe7e1f8cb12271d46d,1
1305,AsyncHttpClient/async-http-client,client,36,07500550eac20bc54b1c92d5e65ccf3c57b563f4,1
1305,AsyncHttpClient/async-http-client,client,37,b7328f9fff58bc16a94eccc0f3d68210b770a773,1
1305,AsyncHttpClient/async-http-client,client,38,b36e82f3da6593e4a8625649913c19d4a6b77d64,1
1305,AsyncHttpClient/async-http-client,client,39,10700938cd48d362e11a863af516cb1655aa2869,1
1305,AsyncHttpClient/async-http-client,client,40,de8d88b3081fc905c59f10e806a0799c875e5477,1
1305,AsyncHttpClient/async-http-client,client,41,3e10703e6ad875f33ecea86b1d14ce0c1c3db8e5,1
1305,AsyncHttpClient/async-http-client,client,42,e504fa57fd1d1901d63319cc4b6daf363cbfb3ea,1
1305,AsyncHttpClient/async-http-client,client,43,6f1fb819c669a437d2394b5b20ea5f91b77ffafc,1
1305,AsyncHttpClient/async-http-client,client,44,8f8b6375472646a2f67ca1dd859a387c58101868,1
1305,AsyncHttpClient/async-http-client,client,45,4dee060d98dbbb070162c1b1b3649aa2cb7aadec,1
1305,AsyncHttpClient/async-http-client,client,46,498930feaa1bd717eb6dcbefb50e483de70caf8b,1
1305,AsyncHttpClient/async-http-client,client,47,b1296887f2b4a11ece11434b023ea745a4b8d366,1
1305,AsyncHttpClient/async-http-client,client,48,63be9fa1ae1d45502a3e7b4792e79df36e835da0,1
1305,AsyncHttpClient/async-http-client,client,49,b735dbb4f4e7566fc151fcdaba27e9392c9d3a59,1
1305,AsyncHttpClient/async-http-client,client,50,745a7bc7815356366dcf7df6f478dfaf4f21a75a,1
1305,AsyncHttpClient/async-http-client,client,51,df54ba9431e2832b2d1b9131014162596d7a9376,1
1305,AsyncHttpClient/async-http-client,client,52,37cadf319ecf3f8c4e3720fdc9059c348da97ab4,1
1305,AsyncHttpClient/async-http-client,client,53,f48c40464ec42d420afae452e6565bf04d1c0e54,1
1305,AsyncHttpClient/async-http-client,client,54,67325d3609052f6615ce271188773a08750beaba,1
1305,AsyncHttpClient/async-http-client,client,55,2d1b227be35321f11f9b2a081625f6fff15bebc7,1
1305,AsyncHttpClient/async-http-client,client,56,d73630e7431fdc1434a40e6ce7f33388f25bb2f3,1
1305,AsyncHttpClient/async-http-client,client,57,25e12bfd03f6375a91ca264a32588fbba7ab900c,1
1305,AsyncHttpClient/async-http-client,client,58,3777b4086c6565f49ab314f38489bc037a380e96,1
1305,AsyncHttpClient/async-http-client,client,59,d573ac7871418baf7b32f1957d0ac7e28b15393c,1
1305,AsyncHttpClient/async-http-client,client,60,c780a86ff1bd30b1af0a271f30a1e949dc598476,1
1305,AsyncHttpClient/async-http-client,client,61,314578852f5b8a33579f46cb95b8deffc64f0d23,1
1305,AsyncHttpClient/async-http-client,client,62,a30ffcad840db44ad170cabdd6cc4afbeccf1827,1
1305,AsyncHttpClient/async-http-client,client,63,631c3b00658dd73374fed2cae9142d0c6a784d3e,1
1305,AsyncHttpClient/async-http-client,client,64,485ff5c4e27fa061934e225f1ed8e791ae6e43db,1
1305,AsyncHttpClient/async-http-client,client,65,e8193ae3e3c8e431d636cd4ec421ce39dc28312e,1
1305,AsyncHttpClient/async-http-client,client,66,b251d434c0bdf34c141d6895ec6e85954adf1118,1
1305,AsyncHttpClient/async-http-client,client,67,e3cb7fef23c5ddc0099bed7982ef934d2ea8c174,1
1305,AsyncHttpClient/async-http-client,client,68,55a725952fc377c8189ffa7a474de50e2b4d4f22,1
1305,AsyncHttpClient/async-http-client,client,69,954acb1fd662efc5fe58a57bb040a545cdfcc943,1
1305,AsyncHttpClient/async-http-client,client,70,661ec72c60c6e1899daf8ae11116472e7549207a,1
1305,AsyncHttpClient/async-http-client,client,71,0b8784fb8469bfd81b57837021f3bee0fb65f044,1
1305,AsyncHttpClient/async-http-client,client,72,2ae98925571824adf8c3822b044d3da179a03105,1
1305,AsyncHttpClient/async-http-client,client,73,9a771c7b40e716ca77a3cad691545b29ff64bfd3,1
1305,AsyncHttpClient/async-http-client,client,74,2dad24f1e7b816421361a57409ead11b0733c793,1
1305,AsyncHttpClient/async-http-client,client,75,2d1316452354fd4e638255a34d2d8638b7258150,1
1305,AsyncHttpClient/async-http-client,client,76,970fa08bdf8ea1fba150ab398c2f28bad35a5eca,1
1305,AsyncHttpClient/async-http-client,client,77,eb90b5fddb2f53a904ed3507124727216f515085,1
1305,AsyncHttpClient/async-http-client,client,78,419cc3102b0b8d82e35edc301b4727490adb93e8,1
1305,AsyncHttpClient/async-http-client,client,79,29e13f29e0d6223b91abce209a49fd1be99ae091,1
1305,AsyncHttpClient/async-http-client,client,80,c4812b22a4a1c2e3e0e8bdba0f5103f60a54cc86,1
1305,AsyncHttpClient/async-http-client,client,81,240a9bf70772bc394f4cb20bff0120b0f9e3ce9c,1
1305,AsyncHttpClient/async-http-client,client,82,2200b2477c84d2517fcbdf5d42f71d459c09066f,1
1305,AsyncHttpClient/async-http-client,client,83,c2755e71b2f59cb86b5f3158ab55ffc5b0bc902c,1
1305,AsyncHttpClient/async-http-client,client,84,527e7fd7466881f53a732a7d84eaa9bc82781234,1
1305,AsyncHttpClient/async-http-client,client,85,91a358c5c641da47d33f614a5435ff45933045d6,1
1305,AsyncHttpClient/async-http-client,client,86,d5a83362f7aed81b93ebca559746ac9be0f95425,1
1305,AsyncHttpClient/async-http-client,client,87,6bd376ad336a237ef02a632df0042d4eb22e2d32,1
1305,AsyncHttpClient/async-http-client,client,88,549ea34d0cb814595b79cd64af5a31238d374da1,1
1305,AsyncHttpClient/async-http-client,client,89,6fa2efd3f9af636bf192a452698044a9829cf8ef,1
1305,AsyncHttpClient/async-http-client,client,90,11a15c388a930515eefc93f03fd0997200481b7d,1
1305,AsyncHttpClient/async-http-client,client,91,600520c9810052c1c80925ed6041795a48e22a18,1
1305,AsyncHttpClient/async-http-client,client,92,f19415223262b3333212652aeae47040dc006919,1
1305,AsyncHttpClient/async-http-client,client,93,8189c92e5ab1e2a34d326cdc13d66de02b99ce67,1
1305,AsyncHttpClient/async-http-client,client,94,a9a3a7eb5a1df87fb2a5b5fd23eeb7519435ab4a,1
1305,AsyncHttpClient/async-http-client,client,95,0fe2036be2941886d4582878c20f7846f82b24f8,1
1305,AsyncHttpClient/async-http-client,client,96,3f1de314d7e340a90929ef7d422eeaed2253b33c,1
1305,AsyncHttpClient/async-http-client,client,97,73911ebe4c464588fb10c211a43caeec394d97ca,1
1305,AsyncHttpClient/async-http-client,client,98,fb50dc26717f0e6aaaef58e2a01924a56aab2021,1
1305,AsyncHttpClient/async-http-client,client,99,41b1eec767ded1c2dcf9e7c690a4b8b6e0145e83,1
1305,AsyncHttpClient/async-http-client,client,100,e1431755d76df9137abfdb8f97c883b41e1ae913,1
1497,apache/incubator-kie-drools,drools-test-coverage/test-compiler-integration,-100,49f0e0c9785d854d96f15c4f33cacb4c05a513f4,1
1497,apache/incubator-kie-drools,drools-test-coverage/test-compiler-integration,-99,da0949f45bf7d331ff3ebcb0387eb3d2e5b3aa4c,1
1497,apache/incubator-kie-drools,drools-test-coverage/test-compiler-integration,-98,88b8409caa3614c8cc735ba57fea1e28dee90a54,1
1497,apache/incubator-kie-drools,drools-test-coverage/test-compiler-integration,-97,4f160cd580c81b028d0bdc495706ecb97042930d,1
1497,apache/incubator-kie-drools,drools-test-coverage/test-compiler-integration,-96,b2ffaebbbbc4b082f1c7f36ea0372aa925a766c6,1
1497,apache/incubator-kie-drools,drools-test-coverage/test-compiler-integration,-95,1e5f004cb9001174770311b36b8019064683f3d8,1
1497,apache/incubator-kie-drools,drools-test-coverage/test-compiler-integration,-94,a495f4741fa2ea00c8dc173b497d1f36010dc42b,1
1497,apache/incubator-kie-drools,drools-test-coverage/test-compiler-integration,-93,ea3fe78ea62172480ee0e0aec45d7c51d295b6ca,1
1497,apache/incubator-kie-drools,drools-test-coverage/test-compiler-integration,-92,9ebccbe93847950dfd66e2a86bec3d66760ad90c,1
1497,apache/incubator-kie-drools,drools-test-coverage/test-compiler-integration,-91,1ac861c9b1f8080a57170b00b942bf8dd91b179f,1
1497,apache/incubator-kie-drools,drools-test-coverage/test-compiler-integration,-90,b7ba8c1b34d312a578150876b7c049af93b799a4,1
1497,apache/incubator-kie-drools,drools-test-coverage/test-compiler-integration,-89,13c4c21364a60a91b207fb9bfc9100b99cbca9c6,1
1497,apache/incubator-kie-drools,drools-test-coverage/test-compiler-integration,-88,588971324fe0bc8cc7936d44b5f8a85d8d0eab77,1
1497,apache/incubator-kie-drools,drools-test-coverage/test-compiler-integration,-87,8410da5e58d428a5bec802894e0a005360bd0c25,1
1497,apache/incubator-kie-drools,drools-test-coverage/test-compiler-integration,-86,44b03003a0a8cf5fc2619a35d3cc7c17594b2d0b,1
1497,apache/incubator-kie-drools,drools-test-coverage/test-compiler-integration,-85,5a5a0340ad1e2b32404ff6775a5e80ff5dbf81ba,1
1497,apache/incubator-kie-drools,drools-test-coverage/test-compiler-integration,-84,bdd9cde175f73daf2d953b633664c4884664252d,1
1497,apache/incubator-kie-drools,drools-test-coverage/test-compiler-integration,-83,3d91f8ab63b895b81614027b793fbbf3a198c491,1
1497,apache/incubator-kie-drools,drools-test-coverage/test-compiler-integration,-82,9eab19ddad41da14c39496185f479b4afe4c589c,1
1497,apache/incubator-kie-drools,drools-test-coverage/test-compiler-integration,-81,c50ed6124d051c6af4832159e8fb385866e00057,1
1497,apache/incubator-kie-drools,drools-test-coverage/test-compiler-integration,-80,09a5726a5690fcf2f419ff175ad9590748ff6f91,1
1497,apache/incubator-kie-drools,drools-test-coverage/test-compiler-integration,-79,29de86116779bba945c11aaa6d491f508d61ce3c,1
1497,apache/incubator-kie-drools,drools-test-coverage/test-compiler-integration,-78,d5e2c569c232014de9a43b7761a55e8e16cb286b,1
1497,apache/incubator-kie-drools,drools-test-coverage/test-compiler-integration,-77,219ad6355d6c6a419b37650dfe6c298390268e8c,1
1497,apache/incubator-kie-drools,drools-test-coverage/test-compiler-integration,-76,4ed9632d5c6ce38293ffaaac8abfe239c6b99b19,1
1497,apache/incubator-kie-drools,drools-test-coverage/test-compiler-integration,-75,f52d4329d6ddbd1faeaa2a603a31b5aec37cb855,1
1497,apache/incubator-kie-drools,drools-test-coverage/test-compiler-integration,-74,18189e676c251985220dbb856804ea7d3bd9ab9c,1
1497,apache/incubator-kie-drools,drools-test-coverage/test-compiler-integration,-73,725d0c48d85451cf1a29e120d14215aa065354e9,1
1497,apache/incubator-kie-drools,drools-test-coverage/test-compiler-integration,-72,6f9ffae29a5fe8820afb8d88e862df7597738e53,1
1497,apache/incubator-kie-drools,drools-test-coverage/test-compiler-integration,-71,fe4cab239e6ff539c03fa67327c15f28bb6a21f4,1
1497,apache/incubator-kie-drools,drools-test-coverage/test-compiler-integration,-70,e9764b23b8b2957533c57d9c90df615924fcb04d,1
1497,apache/incubator-kie-drools,drools-test-coverage/test-compiler-integration,-69,45413d27fcdd0b70c4efb78070e49ea90a353842,1
1497,apache/incubator-kie-drools,drools-test-coverage/test-compiler-integration,-68,1deebe60aa27f1b5fcca228953f595f1593b53a0,1
1497,apache/incubator-kie-drools,drools-test-coverage/test-compiler-integration,-67,8e3c24490e3ad0f3408e0d85e199507c9c653870,1
1497,apache/incubator-kie-drools,drools-test-coverage/test-compiler-integration,-66,7a1e179eedaa06864084966c2c44f2c1b4900e90,1
1497,apache/incubator-kie-drools,drools-test-coverage/test-compiler-integration,-65,9e37a0a1f908002be1fb2ee9820d10c360cbaba2,1
1497,apache/incubator-kie-drools,drools-test-coverage/test-compiler-integration,-64,3f0fd58dbd4f9786707432dcb6560ee657bf42a5,1
1497,apache/incubator-kie-drools,drools-test-coverage/test-compiler-integration,-63,d08a385830182cc933973c22b795b46309fc1ba7,1
1497,apache/incubator-kie-drools,drools-test-coverage/test-compiler-integration,-62,0aa70cd18a383e9d4f4ff75f67b8e1fecb7eda1c,1
1497,apache/incubator-kie-drools,drools-test-coverage/test-compiler-integration,-61,ce6be6d17b05361840a9582a6fb5610806fab225,1
1497,apache/incubator-kie-drools,drools-test-coverage/test-compiler-integration,-60,e06caba016fab78a110c27ecf1248822691052e4,1
1497,apache/incubator-kie-drools,drools-test-coverage/test-compiler-integration,-59,48997039f43bdc26576323cd87c75484408277de,1
1497,apache/incubator-kie-drools,drools-test-coverage/test-compiler-integration,-58,01655a7dcf4573f0a52e5775925359b7ba54a87e,1
1497,apache/incubator-kie-drools,drools-test-coverage/test-compiler-integration,-57,fd32d1b0fea62379c0e20dc757ebeb4c7ed9ff63,1
1497,apache/incubator-kie-drools,drools-test-coverage/test-compiler-integration,-56,2e1f7256df97249338090f4677b3999215b82b50,1
1497,apache/incubator-kie-drools,drools-test-coverage/test-compiler-integration,-55,3b2cd4e65f27dcf79784cd038d5c83f3dde584eb,1
1497,apache/incubator-kie-drools,drools-test-coverage/test-compiler-integration,-54,4383a8596835a5e5e1c411d22ff94ab2bc2f6ecd,1
1497,apache/incubator-kie-drools,drools-test-coverage/test-compiler-integration,-53,10c434f5e9d1efd8670ad8ee7e7304320a92094f,1
1497,apache/incubator-kie-drools,drools-test-coverage/test-compiler-integration,-52,8da7aeab9487ac45dd1a34f7e91bd1ad248ccfed,1
1497,apache/incubator-kie-drools,drools-test-coverage/test-compiler-integration,-51,4309e906504c9eedc4e38619a381ccd3f6e54e37,1
1497,apache/incubator-kie-drools,drools-test-coverage/test-compiler-integration,-50,4975d3d5ce44cdaf3e8917de1f05a38e7b331fa7,1
1497,apache/incubator-kie-drools,drools-test-coverage/test-compiler-integration,-49,1b34665ba4c84c5fe92c20e70b1fe52938822c6c,1
1497,apache/incubator-kie-drools,drools-test-coverage/test-compiler-integration,-48,9bedf09bf3f058792f631fb49e12c2ee3214eac9,1
1497,apache/incubator-kie-drools,drools-test-coverage/test-compiler-integration,-47,10b034eec3b444e0f4600ed5d93311af5ea3999c,1
1497,apache/incubator-kie-drools,drools-test-coverage/test-compiler-integration,-46,17088e6b563201d7e0ab4201c493a265f8494c7b,1
1497,apache/incubator-kie-drools,drools-test-coverage/test-compiler-integration,-45,6f1de153a2e1c1f5d898597d6d330ec9ba28c427,1
1497,apache/incubator-kie-drools,drools-test-coverage/test-compiler-integration,-44,151f8f5e075ad1f310cdabe862b192c0e85b9d73,1
1497,apache/incubator-kie-drools,drools-test-coverage/test-compiler-integration,-43,47554e32d182215ab5329b46db969b6d266e97fd,1
1497,apache/incubator-kie-drools,drools-test-coverage/test-compiler-integration,-42,97101cf06c50c97ac45de8156d4255d623c08ca4,1
1497,apache/incubator-kie-drools,drools-test-coverage/test-compiler-integration,-41,ba932641d4298a403ccef1b1995576c822fd639b,1
1497,apache/incubator-kie-drools,drools-test-coverage/test-compiler-integration,-40,ad607f6c74cda2cffaeef6e3f130c09b8e9ed7cc,1
1497,apache/incubator-kie-drools,drools-test-coverage/test-compiler-integration,-39,a28f9cb9ae3385c799b27824ba3d53a434e8cf2b,1
1497,apache/incubator-kie-drools,drools-test-coverage/test-compiler-integration,-38,161c6a69533b56dc92f13e7a6c03c143756f3ef8,1
1497,apache/incubator-kie-drools,drools-test-coverage/test-compiler-integration,-37,1c9af6adc0a1f7155d79150f5ffd09cce1e7e012,1
1497,apache/incubator-kie-drools,drools-test-coverage/test-compiler-integration,-36,c3875243270905cf84a10ac08228838e90326527,1
1497,apache/incubator-kie-drools,drools-test-coverage/test-compiler-integration,-35,b6d1d20b009fa3312fec41a0d456aac3b648eaa3,1
1497,apache/incubator-kie-drools,drools-test-coverage/test-compiler-integration,-34,80aa3a976b0e37a5f72b58c39c1cc872af66d10e,1
1497,apache/incubator-kie-drools,drools-test-coverage/test-compiler-integration,-33,ac7c9dd32ae676ec3396f64af5b1f6be7c069100,1
1497,apache/incubator-kie-drools,drools-test-coverage/test-compiler-integration,-32,17aa8dacb998c9276f215e336de60cdcfe36d04b,1
1497,apache/incubator-kie-drools,drools-test-coverage/test-compiler-integration,-31,68447c2647e8f7232fcfbc9982f21ea34aa6152a,1
1497,apache/incubator-kie-drools,drools-test-coverage/test-compiler-integration,-30,cbfb241fac6ca58871017982aafab9bf744bfe71,1
1497,apache/incubator-kie-drools,drools-test-coverage/test-compiler-integration,-29,b733eab73cc56c5d00f5067383ba824646e91a20,1
1497,apache/incubator-kie-drools,drools-test-coverage/test-compiler-integration,-28,0d1a951e9b3d96db0365f9bfdf3a0d71a2df5aca,1
1497,apache/incubator-kie-drools,drools-test-coverage/test-compiler-integration,-27,d46d44eb575d51be460f965901a48f10306ea3d7,1
1497,apache/incubator-kie-drools,drools-test-coverage/test-compiler-integration,-26,6d4bab86b8b055b98f01042cce8f3af397070840,1
1497,apache/incubator-kie-drools,drools-test-coverage/test-compiler-integration,-25,130742150a944bc1fbcd04753b522865d8261f95,1
1497,apache/incubator-kie-drools,drools-test-coverage/test-compiler-integration,-24,63eaece3cc0b43256fdc094ae59e872040ff2cdc,1
1497,apache/incubator-kie-drools,drools-test-coverage/test-compiler-integration,-23,265ae9b86ce6a887d262bb332e9f6a884bb60559,1
1497,apache/incubator-kie-drools,drools-test-coverage/test-compiler-integration,-22,8a9805f5c0e26c7c20647c715b007e72028b2f08,1
1497,apache/incubator-kie-drools,drools-test-coverage/test-compiler-integration,-21,bfd8a25ce27b876d5bf87c91a1e7374f077febfe,1
1497,apache/incubator-kie-drools,drools-test-coverage/test-compiler-integration,-20,56c83a390334153d6ab7151143ffa795d793b1ae,1
1497,apache/incubator-kie-drools,drools-test-coverage/test-compiler-integration,-19,8518a1f784f57d7bc42367f2ffdf1195f716dd30,1
1497,apache/incubator-kie-drools,drools-test-coverage/test-compiler-integration,-18,3118b9e775664f368f9c955bc1604e81155db6d9,1
1497,apache/incubator-kie-drools,drools-test-coverage/test-compiler-integration,-17,6c04e62f99b716d5a09889f4e3c28ce116ee4124,1
1497,apache/incubator-kie-drools,drools-test-coverage/test-compiler-integration,-16,74a4b49a5b60e677e7fc3513c89e5f7ecb66c9d6,1
1497,apache/incubator-kie-drools,drools-test-coverage/test-compiler-integration,-15,818ce617d8c20abd4a94cee63964a3658da8fbcf,1
1497,apache/incubator-kie-drools,drools-test-coverage/test-compiler-integration,-14,b45adb4fa9332fe9dae1c690e6c04be35eada120,1
1497,apache/incubator-kie-drools,drools-test-coverage/test-compiler-integration,-13,b338dc0db9ee328ab68b85fdca5752cfc8d58200,1
1497,apache/incubator-kie-drools,drools-test-coverage/test-compiler-integration,-12,eb3665123b420b2a0e5f20e2880c6976499a4c13,1
1497,apache/incubator-kie-drools,drools-test-coverage/test-compiler-integration,-11,6c4c36b5ef4243d15d3db6687e876f519eb01cfd,1
1497,apache/incubator-kie-drools,drools-test-coverage/test-compiler-integration,-10,783509f17d9793849f633a80495d722026d409a2,1
1497,apache/incubator-kie-drools,drools-test-coverage/test-compiler-integration,-9,8f1a4f59d7ee5966c72d89ab25410672201da998,1
1497,apache/incubator-kie-drools,drools-test-coverage/test-compiler-integration,-8,4d5f562269586aee59aece96a684c0d81128627b,1
1497,apache/incubator-kie-drools,drools-test-coverage/test-compiler-integration,-7,de77c230e85468d5619e2cd76668bec6d1dd931b,1
1497,apache/incubator-kie-drools,drools-test-coverage/test-compiler-integration,-6,cef2196568822b5ff6b2f8befd1daab40ceaaead,1
1497,apache/incubator-kie-drools,drools-test-coverage/test-compiler-integration,-5,c1310828e31ff4d5e61d77306e7166d1be52d79f,1
1497,apache/incubator-kie-drools,drools-test-coverage/test-compiler-integration,-4,ca1a166c609cc7b3e2867b7968a92adeff80d630,1
1497,apache/incubator-kie-drools,drools-test-coverage/test-compiler-integration,-3,d2b751c25c9d6e5e749177c8d92f1cdfd494d2aa,1
1497,apache/incubator-kie-drools,drools-test-coverage/test-compiler-integration,-2,76cdb814148c7c6893f0ee5fb924e6dca03fb354,1
1497,apache/incubator-kie-drools,drools-test-coverage/test-compiler-integration,-1,46f9def0e249504c1c8cfce4c45aa70bb307f3b5,1
1497,apache/incubator-kie-drools,drools-test-coverage/test-compiler-integration,0,cfcd927b1bd02c6b111d45bd6fedb8e25762bd55,1
1497,apache/incubator-kie-drools,drools-test-coverage/test-compiler-integration,1,ae6bb581f5767cbde94d684c551ee4617c10193d,1
1497,apache/incubator-kie-drools,drools-test-coverage/test-compiler-integration,2,cf1fa88a3bf93087ed3f936a385d580d2a0b623f,1
1497,apache/incubator-kie-drools,drools-test-coverage/test-compiler-integration,3,8a48fe68f6ee5494c573f400c7c2b54215e5e0df,1
1497,apache/incubator-kie-drools,drools-test-coverage/test-compiler-integration,4,a54ffb9f3935b2a616c0c5e13a3ec2f176ac5593,1
1497,apache/incubator-kie-drools,drools-test-coverage/test-compiler-integration,5,9b650b185cbb18991222e015266c2f4041c0b1d5,1
1497,apache/incubator-kie-drools,drools-test-coverage/test-compiler-integration,6,c67fa83dad2d6ddf87eed029431a710821699ce8,1
1497,apache/incubator-kie-drools,drools-test-coverage/test-compiler-integration,7,2d04306f3d00220f7753e9b8008f716068f63361,1
1497,apache/incubator-kie-drools,drools-test-coverage/test-compiler-integration,8,4eb6d59aefa1df16a286666f75ead10d8b77746f,1
1497,apache/incubator-kie-drools,drools-test-coverage/test-compiler-integration,9,8bddd9e22b26609de35ed4a952da13053d8d625e,1
1497,apache/incubator-kie-drools,drools-test-coverage/test-compiler-integration,10,8c534fe8201ee0cd73fc6652e7fd000505675043,1
1497,apache/incubator-kie-drools,drools-test-coverage/test-compiler-integration,11,cb995661bef970c6c580d51962d4850640c07cac,1
1497,apache/incubator-kie-drools,drools-test-coverage/test-compiler-integration,12,a34e284a674da7b6b98e7e30c077b65501da7101,1
1497,apache/incubator-kie-drools,drools-test-coverage/test-compiler-integration,13,9bbe48b17a14125ee981470d2ab646e30f4f08f5,1
1497,apache/incubator-kie-drools,drools-test-coverage/test-compiler-integration,14,27c5dc004c7de97a619723673ebd0ae8bb26c281,1
1497,apache/incubator-kie-drools,drools-test-coverage/test-compiler-integration,15,d5815f1a65b071e7fcc4d6cbdf9077e785fa387d,1
1497,apache/incubator-kie-drools,drools-test-coverage/test-compiler-integration,16,80c6402a9f01d2bc83522aceaadc88703d19cb95,1
1497,apache/incubator-kie-drools,drools-test-coverage/test-compiler-integration,17,7448d5b27644fa0b41dcaaaf434712e392f55fa0,1
1497,apache/incubator-kie-drools,drools-test-coverage/test-compiler-integration,18,4dd238894c365b4286901c7ec3f065b429d06e78,1
1497,apache/incubator-kie-drools,drools-test-coverage/test-compiler-integration,19,6bed8b3efacb4f41346ed939abad44f0a91344cc,1
1497,apache/incubator-kie-drools,drools-test-coverage/test-compiler-integration,20,f9e909d9e0e8b3cd6142e91c56eea3b615f53c5f,1
1497,apache/incubator-kie-drools,drools-test-coverage/test-compiler-integration,21,f0ea4108dc19f0fa3371589f1b4d61b077cc3db8,1
1497,apache/incubator-kie-drools,drools-test-coverage/test-compiler-integration,22,8911d818e39aa2001e6b44a780894cf5969afbd2,1
1497,apache/incubator-kie-drools,drools-test-coverage/test-compiler-integration,23,461cc75cb4d0b82f05a91f6a8aed81a251591972,1
1497,apache/incubator-kie-drools,drools-test-coverage/test-compiler-integration,24,a9a4069017fe6139f9e9020530cb5fbaa596b56a,1
1497,apache/incubator-kie-drools,drools-test-coverage/test-compiler-integration,25,03def4bc26baecb33fc60bf4203d629ce6897b55,1
1497,apache/incubator-kie-drools,drools-test-coverage/test-compiler-integration,26,d6a37cc77950d00cc83d0134c542033d9eecada8,1
1497,apache/incubator-kie-drools,drools-test-coverage/test-compiler-integration,27,8598a3d275e30ed41f5be143b5d9c897ff4beb42,1
1497,apache/incubator-kie-drools,drools-test-coverage/test-compiler-integration,28,867af7777cf9e6eee0c006c6344dbff621d9c8db,1
1497,apache/incubator-kie-drools,drools-test-coverage/test-compiler-integration,29,fa2b3c229ed6bd228fc3a7c617305e3cd73766e2,1
1497,apache/incubator-kie-drools,drools-test-coverage/test-compiler-integration,30,c1bf9deb4b4006eb6e89d20a869a5318a71ca37c,1
1497,apache/incubator-kie-drools,drools-test-coverage/test-compiler-integration,31,478f8ea0813788a7a65692ffc476460d5a649d91,1
1497,apache/incubator-kie-drools,drools-test-coverage/test-compiler-integration,32,49d733112715af7ef0286115b711cb46f5e44f66,1
1497,apache/incubator-kie-drools,drools-test-coverage/test-compiler-integration,33,a264f338e8f70d4e6f57f681ef2259e52ce7c73a,1
1497,apache/incubator-kie-drools,drools-test-coverage/test-compiler-integration,34,fb7e4da7ce1748004bed82e260199584a1c1d9be,1
1497,apache/incubator-kie-drools,drools-test-coverage/test-compiler-integration,35,037714f66aec2e0b3d7884887817bb86ad6060f1,1
1497,apache/incubator-kie-drools,drools-test-coverage/test-compiler-integration,36,5abd3d30b8750fd450f8738edf7739e84ab59916,1
1497,apache/incubator-kie-drools,drools-test-coverage/test-compiler-integration,37,89fa4b474a474353393440d2c72783bcd1b89aa8,1
1497,apache/incubator-kie-drools,drools-test-coverage/test-compiler-integration,38,c77fc21e87b333bce14d52ce99f89c2d107e3390,1
1497,apache/incubator-kie-drools,drools-test-coverage/test-compiler-integration,39,76fb840a788a344e6f8982fd8f011c29f332a667,1
1497,apache/incubator-kie-drools,drools-test-coverage/test-compiler-integration,40,bc0e069e4c88f7450ec6938093240f2ab76748db,1
1497,apache/incubator-kie-drools,drools-test-coverage/test-compiler-integration,41,652834d573d6c5660304851afb39de204b4a845a,1
1497,apache/incubator-kie-drools,drools-test-coverage/test-compiler-integration,42,f3a5dafc99bdda18a3029184a99df0de3da46129,1
1497,apache/incubator-kie-drools,drools-test-coverage/test-compiler-integration,43,8a2b9dbaba8f0987c41c9ed2d1ee9dfdb9be0daf,1
1497,apache/incubator-kie-drools,drools-test-coverage/test-compiler-integration,44,b0153814cc5a50f857da4619fa0ba8ed16fe9a6c,1
1497,apache/incubator-kie-drools,drools-test-coverage/test-compiler-integration,45,577ebb87bef03376edcae540154a0e9c4c49234e,1
1497,apache/incubator-kie-drools,drools-test-coverage/test-compiler-integration,46,5be1f6f25f8b61e024ba860fb5c530c231ea229f,1
1497,apache/incubator-kie-drools,drools-test-coverage/test-compiler-integration,47,2719d2c41e2559b06263fd00d78ce631e2e924f9,1
1497,apache/incubator-kie-drools,drools-test-coverage/test-compiler-integration,48,f358b7c467e4e9d4c57494d40dfb19de66fe1193,1
1497,apache/incubator-kie-drools,drools-test-coverage/test-compiler-integration,49,30b4961cabc8549426c54df8be9e9e96df69bdcb,1
1497,apache/incubator-kie-drools,drools-test-coverage/test-compiler-integration,50,2ed1fda5994028e09af58d6b67432eebf2787871,1
1497,apache/incubator-kie-drools,drools-test-coverage/test-compiler-integration,51,0631899cc80321249f4d330a1bfb69a61c09daf4,1
1497,apache/incubator-kie-drools,drools-test-coverage/test-compiler-integration,52,aa29b83ed170ab1d2bb2fb44ae93a9ea8bb5ccf1,1
1497,apache/incubator-kie-drools,drools-test-coverage/test-compiler-integration,53,a1c4f80bbc3a9a557b501496c51aa55f701d51b4,1
1497,apache/incubator-kie-drools,drools-test-coverage/test-compiler-integration,54,999a28e71d2ce80410fdf99efc3caea732b93d76,1
1497,apache/incubator-kie-drools,drools-test-coverage/test-compiler-integration,55,92c23cfb75bf029219c8071d150b692362ddc853,1
1497,apache/incubator-kie-drools,drools-test-coverage/test-compiler-integration,56,4004fe9bf745c5eae18223cd1d3a42d8efd4566e,1
1497,apache/incubator-kie-drools,drools-test-coverage/test-compiler-integration,57,f3179021b7e97499e77a79ddceec483f5d568449,1
1497,apache/incubator-kie-drools,drools-test-coverage/test-compiler-integration,58,87b2f656c495ef61c048db7cc3aedf2a0ed821bd,1
1497,apache/incubator-kie-drools,drools-test-coverage/test-compiler-integration,59,0af05e67b6e3c5aad14dd5b4cbb9f363cab932b5,1
1497,apache/incubator-kie-drools,drools-test-coverage/test-compiler-integration,60,946067e2cb03a5065ac11c4e313df731f924c497,1
1497,apache/incubator-kie-drools,drools-test-coverage/test-compiler-integration,61,604ea35bba9c01055ac22ea1e256ae25973ce7bc,1
1497,apache/incubator-kie-drools,drools-test-coverage/test-compiler-integration,62,07a7e812997beccf45301a402131fb35a392298e,1
1497,apache/incubator-kie-drools,drools-test-coverage/test-compiler-integration,63,200c4697aede45bc8a76ea5a9ded7b17233f1b78,1
1497,apache/incubator-kie-drools,drools-test-coverage/test-compiler-integration,64,785ef86a9a774db20f8610a1b73f4d5cdb635eb4,1
1497,apache/incubator-kie-drools,drools-test-coverage/test-compiler-integration,65,664511036b3562fa11f333810990570705cb52dd,1
1497,apache/incubator-kie-drools,drools-test-coverage/test-compiler-integration,66,c599c119983b280fa2356a24adf032832c06f9fe,1
1497,apache/incubator-kie-drools,drools-test-coverage/test-compiler-integration,67,2e7f338369e8d4092dad8aa2432f1dc30873b07d,1
1497,apache/incubator-kie-drools,drools-test-coverage/test-compiler-integration,68,1ab862d3aa1ed426c22ed8ff5ce55e6b6192f525,1
1497,apache/incubator-kie-drools,drools-test-coverage/test-compiler-integration,69,23ff9dc9ffc3c0bd7a8e91fd65af5ffc2d0d3d5f,1
1497,apache/incubator-kie-drools,drools-test-coverage/test-compiler-integration,70,4b09ccaa06b1c9bdb2666bf5ebdb5e776d87db67,1
1497,apache/incubator-kie-drools,drools-test-coverage/test-compiler-integration,71,b3e7792f318f3f8c636a63aa369a0a75958be3ee,1
1497,apache/incubator-kie-drools,drools-test-coverage/test-compiler-integration,72,d04ab13454f2bce80c4259e16584c6d71f425bf7,1
1497,apache/incubator-kie-drools,drools-test-coverage/test-compiler-integration,73,4675dab998754604e62f15370ab92e0e0f7f51f6,1
1497,apache/incubator-kie-drools,drools-test-coverage/test-compiler-integration,74,9da9b0e8d64e6904a8243ec22bcbf73555482eaf,1
1497,apache/incubator-kie-drools,drools-test-coverage/test-compiler-integration,75,a5e6fda91666b74e15d01ae99a34e5c6e3250c47,1
1497,apache/incubator-kie-drools,drools-test-coverage/test-compiler-integration,76,1409e44eed391b0517aa176fcda64288feb8aa31,1
1497,apache/incubator-kie-drools,drools-test-coverage/test-compiler-integration,77,ee25c5bbf7be341133c97f5b05614768d91f5a71,1
1497,apache/incubator-kie-drools,drools-test-coverage/test-compiler-integration,78,b0ad6038c6f07712dcd3e4553011068f5458a5f5,1
1497,apache/incubator-kie-drools,drools-test-coverage/test-compiler-integration,79,dda88baf3750a7e5decf9065dc57b506034aff20,1
1497,apache/incubator-kie-drools,drools-test-coverage/test-compiler-integration,80,b67dac2ba46cc4195f54279a4a1c7f5f8ab30a66,1
1497,apache/incubator-kie-drools,drools-test-coverage/test-compiler-integration,81,9a7f01fc31627f95c098a95e618788d2da73d1bc,1
1497,apache/incubator-kie-drools,drools-test-coverage/test-compiler-integration,82,6b2d92d3db9d2f026a5ac1f247e9b754fdb806c3,1
1497,apache/incubator-kie-drools,drools-test-coverage/test-compiler-integration,83,60e30a61f2afbbd16c3e097b9a477b4c93ea888a,1
1497,apache/incubator-kie-drools,drools-test-coverage/test-compiler-integration,84,4f8b877abb1f7cbabd1971f33d70f596cc63ac15,1
1497,apache/incubator-kie-drools,drools-test-coverage/test-compiler-integration,85,5af319c77ea21d6626166e8b4475cbac7a183618,1
1497,apache/incubator-kie-drools,drools-test-coverage/test-compiler-integration,86,bc30897407d9ad48d598293efa540ab6ec0d5f74,1
1497,apache/incubator-kie-drools,drools-test-coverage/test-compiler-integration,87,68561d8dbac8c4b723f19576e750d576dfd7a00c,1
1497,apache/incubator-kie-drools,drools-test-coverage/test-compiler-integration,88,f990ec1a62c2b473905b2d4c4eb4c9b523216dfb,1
1497,apache/incubator-kie-drools,drools-test-coverage/test-compiler-integration,89,a930d1a2455cac4e52507c9e54aaae40621a0b74,1
1497,apache/incubator-kie-drools,drools-test-coverage/test-compiler-integration,90,5619e815ecec601efd20c758d79369214feb1110,1
1497,apache/incubator-kie-drools,drools-test-coverage/test-compiler-integration,91,c4711a9bda44e926104c3801ad87492753ed9ecd,1
1497,apache/incubator-kie-drools,drools-test-coverage/test-compiler-integration,92,14f5601b464965e50141fef98ba67a16de6886c5,1
1497,apache/incubator-kie-drools,drools-test-coverage/test-compiler-integration,93,7019125f016ed9f09d9934cda08ca77ac6b899dc,1
1497,apache/incubator-kie-drools,drools-test-coverage/test-compiler-integration,94,937aeabd9070772d96390d426b99c3d22e2b9b27,1
1497,apache/incubator-kie-drools,drools-test-coverage/test-compiler-integration,95,a8dbf0d134c4d9f27d81786fdb023235331f04ab,1
1497,apache/incubator-kie-drools,drools-test-coverage/test-compiler-integration,96,ed4a17b9b27e036164d0dceb7ec9b6ef1fbc68dc,1
1497,apache/incubator-kie-drools,drools-test-coverage/test-compiler-integration,97,83fa2e2c702aa99fe4638b652bc8cd273514865d,1
1497,apache/incubator-kie-drools,drools-test-coverage/test-compiler-integration,98,c8f84a74276d828df96e1807c7e31a6cec91e2ef,1
1497,apache/incubator-kie-drools,drools-test-coverage/test-compiler-integration,99,16cdf894d3444e03eaf5c758f1dafa1f47b5b053,1
1497,apache/incubator-kie-drools,drools-test-coverage/test-compiler-integration,100,59ef10953a50d769a78b188a85dd110a08e7a8e8,1
1683,javaparser/javaparser,javaparser-symbol-solver-testing,-100,babef8504d7e1d9a3e42ce0145691c2eb277111f,1
1683,javaparser/javaparser,javaparser-symbol-solver-testing,-99,ad9b7c7e8a85b8f2c46d5286e574cd5ceb59da85,1
1683,javaparser/javaparser,javaparser-symbol-solver-testing,-98,ebc91860013ebb5b920d7a66900f1c64ce987aa7,1
1683,javaparser/javaparser,javaparser-symbol-solver-testing,-97,cbf8642717a810e8d49064f60ad055e8f9fb48b5,1
1683,javaparser/javaparser,javaparser-symbol-solver-testing,-96,c7ff62ea9c42df698db467543b50dfba1533c011,1
1683,javaparser/javaparser,javaparser-symbol-solver-testing,-95,c34e87abf0f96d5bf6fe061a24c5eed7b1dbfc77,1
1683,javaparser/javaparser,javaparser-symbol-solver-testing,-94,186631b0f953d5ce4976468a962ba585d8cc638e,1
1683,javaparser/javaparser,javaparser-symbol-solver-testing,-93,6f2d866a39ca48bc931e7f261a39bfc12d77f8d1,1
1683,javaparser/javaparser,javaparser-symbol-solver-testing,-92,a2cda3ff9368c4b0d00fea7cff18d4ce39171c56,1
1683,javaparser/javaparser,javaparser-symbol-solver-testing,-91,2d15f3d3f1b77e0356f3bd668d2edd131fa0a3f3,1
1683,javaparser/javaparser,javaparser-symbol-solver-testing,-90,acd4cffcd42e62f8ff0bf912e5728898c0c5578f,1
1683,javaparser/javaparser,javaparser-symbol-solver-testing,-89,e6901c31067ce2a4b560164311c8a0c14d7da8f9,1
1683,javaparser/javaparser,javaparser-symbol-solver-testing,-88,358e5364688514d15f4ea175f97d8234e6abd452,1
1683,javaparser/javaparser,javaparser-symbol-solver-testing,-87,d8d616bc8ec47a349039180015c91a61e373aa3f,1
1683,javaparser/javaparser,javaparser-symbol-solver-testing,-86,e2590f3b4b1a96c51810029339f7c04a3f84d06d,1
1683,javaparser/javaparser,javaparser-symbol-solver-testing,-85,922cd3d60d330a47d4404e524a2ff318e97512f4,1
1683,javaparser/javaparser,javaparser-symbol-solver-testing,-84,655af9132cfbeb0e3ba38894e7c4b09b19ef79b5,1
1683,javaparser/javaparser,javaparser-symbol-solver-testing,-83,13ceb6ac26c75ec0ff607f616be8daa97025b5e0,1
1683,javaparser/javaparser,javaparser-symbol-solver-testing,-82,d0c65c43511e9ae724398c614e9ffaabb5de5c24,1
1683,javaparser/javaparser,javaparser-symbol-solver-testing,-81,5e9cb67af1a8df5b0fd7660695255d4c611ac2bb,1
1683,javaparser/javaparser,javaparser-symbol-solver-testing,-80,ca5c486dbb7536f59bdf9ec3a292a0aa510222ff,1
1683,javaparser/javaparser,javaparser-symbol-solver-testing,-79,8cc47f260fc368c0e0377e732fb6b2934702348d,1
1683,javaparser/javaparser,javaparser-symbol-solver-testing,-78,0abd32fb383e26234a1faeac09acc67f3feb04bb,1
1683,javaparser/javaparser,javaparser-symbol-solver-testing,-77,798d69f56d549cd3befe4b41f3e50c250c23a1d6,1
1683,javaparser/javaparser,javaparser-symbol-solver-testing,-76,0371502cb97f5492ce3c4d4f4b4c3aa1eeb095a8,1
1683,javaparser/javaparser,javaparser-symbol-solver-testing,-75,3e22ad6bf835e167a8492611e38e153749e3a490,1
1683,javaparser/javaparser,javaparser-symbol-solver-testing,-74,02cd68be23dab59708a212fb4c9d71cc25fb65ff,1
1683,javaparser/javaparser,javaparser-symbol-solver-testing,-73,46afa9088b94c3386304e8470b18fecb91c6a8b8,1
1683,javaparser/javaparser,javaparser-symbol-solver-testing,-72,892a60d1cdde1aa96b6da8b46b346af68af42b1c,1
1683,javaparser/javaparser,javaparser-symbol-solver-testing,-71,6aa8ce326340f7964fefdbd76658b066fca75487,1
1683,javaparser/javaparser,javaparser-symbol-solver-testing,-70,135d3c2209be9c57c3254705066061786477328f,1
1683,javaparser/javaparser,javaparser-symbol-solver-testing,-69,e156d42ef7d2ec5ffb238fde553b4f4cb34dcb77,1
1683,javaparser/javaparser,javaparser-symbol-solver-testing,-68,2251b152da199ffdf8eb863a8105df5d943aaf55,1
1683,javaparser/javaparser,javaparser-symbol-solver-testing,-67,ccebf56c3622ff33b892f57c07295b2964510cc1,1
1683,javaparser/javaparser,javaparser-symbol-solver-testing,-66,5e2a997c63810f289d3c0ab5c94a36ad8b335023,1
1683,javaparser/javaparser,javaparser-symbol-solver-testing,-65,14ca018225f6c2d74b39a749b3f7f4cc4985bd9f,1
1683,javaparser/javaparser,javaparser-symbol-solver-testing,-64,0885f432823644b336065883b966a61deccee05e,1
1683,javaparser/javaparser,javaparser-symbol-solver-testing,-63,e32ac0d54193d632f7c446490593ec4903569224,1
1683,javaparser/javaparser,javaparser-symbol-solver-testing,-62,7bc878838d18a73ae64545143c6049149e84c80a,1
1683,javaparser/javaparser,javaparser-symbol-solver-testing,-61,7e761814c661d67293fb9941287f544ce7fdd14c,1
1683,javaparser/javaparser,javaparser-symbol-solver-testing,-60,e53ce0d34818304c8d5bb87e26a352d96b42300d,1
1683,javaparser/javaparser,javaparser-symbol-solver-testing,-59,d920214efb1ea6cfd417ac2b4560430e23410f78,1
1683,javaparser/javaparser,javaparser-symbol-solver-testing,-58,6ac5b8a092230570ab847de7aac176228c2a5333,1
1683,javaparser/javaparser,javaparser-symbol-solver-testing,-57,79fd273ffa2ece84bfe1b7af52b7f7b2cbaddec7,1
1683,javaparser/javaparser,javaparser-symbol-solver-testing,-56,393541c35622240d8e86a56cd91607a49e77857d,1
1683,javaparser/javaparser,javaparser-symbol-solver-testing,-55,c85c517c5a699efb5fdbab0349954dc4ba4e1420,1
1683,javaparser/javaparser,javaparser-symbol-solver-testing,-54,6b9ff217c2f3bedabc7dd51c67011653defa6152,1
1683,javaparser/javaparser,javaparser-symbol-solver-testing,-53,2fa30c8b88b37b0fde2b52dab4da43d964188e1b,1
1683,javaparser/javaparser,javaparser-symbol-solver-testing,-52,11ed01dee14f39171cea32b9e05da6d28c59f579,1
1683,javaparser/javaparser,javaparser-symbol-solver-testing,-51,7d2f1b5de5e08efb9f61a91f72de1b28a8c8c615,1
1683,javaparser/javaparser,javaparser-symbol-solver-testing,-50,75db3a5342f8679e893258dc79156a134d45e037,1
1683,javaparser/javaparser,javaparser-symbol-solver-testing,-49,56be443caeb16032613c0c4997d92b74fc2e28e7,1
1683,javaparser/javaparser,javaparser-symbol-solver-testing,-48,e7e7751b28ad8df1ee30689eb15dfc0d63ecb25e,1
1683,javaparser/javaparser,javaparser-symbol-solver-testing,-47,67dcf3c505438a9bb41be0089ed4a546822274da,1
1683,javaparser/javaparser,javaparser-symbol-solver-testing,-46,d65ebb9f3b3a33c366d492dab732a95d624df29f,1
1683,javaparser/javaparser,javaparser-symbol-solver-testing,-45,f8000d94d39e3b39091ab232e568dc9d8700a8db,1
1683,javaparser/javaparser,javaparser-symbol-solver-testing,-44,e0413ed30da8f241ea2abb7da77f12fed8c84de1,1
1683,javaparser/javaparser,javaparser-symbol-solver-testing,-43,c0edc2244158c70800108bb369fff763bce96d65,1
1683,javaparser/javaparser,javaparser-symbol-solver-testing,-42,01c34a94a6b3e92510922235dba8d0b167cfe2e4,1
1683,javaparser/javaparser,javaparser-symbol-solver-testing,-41,f96288a74cde0d0ba4f616619f690ed957481198,1
1683,javaparser/javaparser,javaparser-symbol-solver-testing,-40,cc159998ac7c83234e2665cbc479f85dcc27f5d0,1
1683,javaparser/javaparser,javaparser-symbol-solver-testing,-39,6cb48c3eaffb0a105118b822746b49e6507c2c68,1
1683,javaparser/javaparser,javaparser-symbol-solver-testing,-38,bbc711c1c84f0899edb45eeb63221ea4cf3cad59,1
1683,javaparser/javaparser,javaparser-symbol-solver-testing,-37,b4b7eb20e0001e2303744fa088094b9357a2f1d0,1
1683,javaparser/javaparser,javaparser-symbol-solver-testing,-36,4cac173dd9328f3a6771d8a752cfaad3f443e7b9,1
1683,javaparser/javaparser,javaparser-symbol-solver-testing,-35,afaffe24e6a13a6f99db9516691d8424351d481e,1
1683,javaparser/javaparser,javaparser-symbol-solver-testing,-34,fb2c649645c73750b1a0ec1e426cd3b78305deb3,1
1683,javaparser/javaparser,javaparser-symbol-solver-testing,-33,fdee8246539385828d9b6db9cd5c150d248f73ce,1
1683,javaparser/javaparser,javaparser-symbol-solver-testing,-32,e6ceffaff3a6f5c8a93112c89bf06f4aa3999f91,1
1683,javaparser/javaparser,javaparser-symbol-solver-testing,-31,e02a5e7735b899bf747d6bed118c8ea055f3c615,1
1683,javaparser/javaparser,javaparser-symbol-solver-testing,-30,6e955255b6e45cc19e606c1d96021fa1cd8c0cf6,1
1683,javaparser/javaparser,javaparser-symbol-solver-testing,-29,3296e4ad4e1866a8413fff96bf48734485ea8b1b,1
1683,javaparser/javaparser,javaparser-symbol-solver-testing,-28,df08d055fce90b9f89ad760e3de911ab69f71ffd,1
1683,javaparser/javaparser,javaparser-symbol-solver-testing,-27,dfbe16ceb36d4e12605e8c56c0f03363c45a48a7,1
1683,javaparser/javaparser,javaparser-symbol-solver-testing,-26,c6c0d3244ce13b74f68455c355f363588ab07a35,1
1683,javaparser/javaparser,javaparser-symbol-solver-testing,-25,24627a59e1f1e39f132cc94900869acaeb4e177c,1
1683,javaparser/javaparser,javaparser-symbol-solver-testing,-24,b87e88052f1c87609688df895c4566063947faa9,1
1683,javaparser/javaparser,javaparser-symbol-solver-testing,-23,cf75fd02230e73fde0f3824e9af31f35a2cb93b8,1
1683,javaparser/javaparser,javaparser-symbol-solver-testing,-22,dbe5ed247d666b03732c31950e3bb22acd2f95cb,1
1683,javaparser/javaparser,javaparser-symbol-solver-testing,-21,bf612b4f11a72a87df8284431e3e92d4f5b11671,1
1683,javaparser/javaparser,javaparser-symbol-solver-testing,-20,834a2f9fffb55f788b7fb5f5c51e8029e9d773f5,1
1683,javaparser/javaparser,javaparser-symbol-solver-testing,-19,5fb89f5f138c19598f076c5a8a031294a742484c,1
1683,javaparser/javaparser,javaparser-symbol-solver-testing,-18,766bcc9e17cc30a18642acb4e71d03ea32dda0b0,1
1683,javaparser/javaparser,javaparser-symbol-solver-testing,-17,246d5650e1d362435d9eb634a1be26b0db8feb93,1
1683,javaparser/javaparser,javaparser-symbol-solver-testing,-16,c6a0e51fa1c5c91ec6db8dbd8e737e61ef0f3cf2,1
1683,javaparser/javaparser,javaparser-symbol-solver-testing,-15,c37b0d5b0a408e5d9315ff6a7897a484e7f4f9e0,1
1683,javaparser/javaparser,javaparser-symbol-solver-testing,-14,91a71e5684a45ecf17037bfe91665b88ed09e722,1
1683,javaparser/javaparser,javaparser-symbol-solver-testing,-13,8f34dabf9b01f67f3ceafc9f5da45c673062554d,1
1683,javaparser/javaparser,javaparser-symbol-solver-testing,-12,e5204cfe0de7de0d561f9777cd277c8dba3f01f1,1
1683,javaparser/javaparser,javaparser-symbol-solver-testing,-11,5c116dbf6aed07fc10c9c1593bd735143eb2ecbb,1
1683,javaparser/javaparser,javaparser-symbol-solver-testing,-10,63c5ad4448603662f03218dac498dab053189bb2,1
1683,javaparser/javaparser,javaparser-symbol-solver-testing,-9,60522cdd69f7f823419e16a0eddd24f3fa84e046,1
1683,javaparser/javaparser,javaparser-symbol-solver-testing,-8,b73b81a7725c9e2f607886ee8edce7dee8758a4d,1
1683,javaparser/javaparser,javaparser-symbol-solver-testing,-7,b6865c5cc8d2ce3bad39406af3b8597fcac37c74,1
1683,javaparser/javaparser,javaparser-symbol-solver-testing,-6,d408fc56f9bb8cf56e9c363824ab37b373ae43d9,1
1683,javaparser/javaparser,javaparser-symbol-solver-testing,-5,2bb9b3a98cb2a8402860f44fd212969397dfc8f4,1
1683,javaparser/javaparser,javaparser-symbol-solver-testing,-4,1e0b768c9bcd011034e9e90a84ff9f50ac1bd67a,1
1683,javaparser/javaparser,javaparser-symbol-solver-testing,-3,4603287b0f5174ca76f2d3674cf5d292ec815228,1
1683,javaparser/javaparser,javaparser-symbol-solver-testing,-2,0d14859260a2ad9a910a417ded91677a72fe6409,1
1683,javaparser/javaparser,javaparser-symbol-solver-testing,-1,0846c654b713a25a21952c2dd973abea9ae18b7e,1
1683,javaparser/javaparser,javaparser-symbol-solver-testing,0,6254c7538f14efe09176fc17e7e3dd7de3dfbb15,1
1683,javaparser/javaparser,javaparser-symbol-solver-testing,1,430763bfd133a0ad6ff6924656dedf478cc9063b,1
1683,javaparser/javaparser,javaparser-symbol-solver-testing,2,eed85f00848efa26404ef6e05c398dfeaa37b361,1
1683,javaparser/javaparser,javaparser-symbol-solver-testing,3,afc5c751e20fdbfdd94565b2e830ea0a4c88b98d,1
1683,javaparser/javaparser,javaparser-symbol-solver-testing,4,3492371f90e3e66ef0aff0b1108880cdddc7aba2,1
1683,javaparser/javaparser,javaparser-symbol-solver-testing,5,070021f951ee6e8f3df9004d2ab8b922dc023212,1
1683,javaparser/javaparser,javaparser-symbol-solver-testing,6,2cd8281e0cca30ed2d3efb3183fa6b26fd654c39,1
1683,javaparser/javaparser,javaparser-symbol-solver-testing,7,0837acaf449dae0a3d3de86f23872c996eb8367b,1
1683,javaparser/javaparser,javaparser-symbol-solver-testing,8,7d618801bcdb056ed9d7d3a7db1c66aff3cddef4,1
1683,javaparser/javaparser,javaparser-symbol-solver-testing,9,b59fc9224479bb4976ce731da75f63e814ada387,1
1683,javaparser/javaparser,javaparser-symbol-solver-testing,10,c33390a5c6752330421dcfce78bbd30486c63e38,1
1683,javaparser/javaparser,javaparser-symbol-solver-testing,11,8696647feff6794c966b0af1f0589f1c40264684,1
1683,javaparser/javaparser,javaparser-symbol-solver-testing,12,0ca0164a7adad1a7b61b6617aca345a641660ac8,1
1683,javaparser/javaparser,javaparser-symbol-solver-testing,13,e65ade0c52775c6d9b70349c104dbf6b603a4153,1
1683,javaparser/javaparser,javaparser-symbol-solver-testing,14,27abfef9f097fa4cfd9f3b89a0084d6b007b3279,1
1683,javaparser/javaparser,javaparser-symbol-solver-testing,15,dd3f9b07def346a2c08b1a61b57d98ff5df55c11,1
1683,javaparser/javaparser,javaparser-symbol-solver-testing,16,4b5f48cb0b130d342cb815d853ac6301e4e97d62,1
1683,javaparser/javaparser,javaparser-symbol-solver-testing,17,b958b3577acd2c04b412717faf0874331c35d078,1
1683,javaparser/javaparser,javaparser-symbol-solver-testing,18,f509f85e03d3b61678028ccc612938e51ee65d78,1
1683,javaparser/javaparser,javaparser-symbol-solver-testing,19,20c87536a3189080f002bc6cd320154c03987cd9,1
1683,javaparser/javaparser,javaparser-symbol-solver-testing,20,ac7d2ef768ae4c9585fe9f33745ab93592f7f4d7,1
1683,javaparser/javaparser,javaparser-symbol-solver-testing,21,455bfd10d8a60568d9c1e7ea232003c2122f6f9c,1
1683,javaparser/javaparser,javaparser-symbol-solver-testing,22,e942cc82f28f6a8ebf15e55399b7a53fa1433828,1
1683,javaparser/javaparser,javaparser-symbol-solver-testing,23,15aeb1d4b3c0523eef0b01e8699a390488f095f2,1
1683,javaparser/javaparser,javaparser-symbol-solver-testing,24,e29e552801686eb0b0f1832cb3b999189956663a,1
1683,javaparser/javaparser,javaparser-symbol-solver-testing,25,459a448ef8e8fca593741695720b00029ece1c2e,1
1683,javaparser/javaparser,javaparser-symbol-solver-testing,26,deb711246d4b269464ac287761ef5db306247124,1
1683,javaparser/javaparser,javaparser-symbol-solver-testing,27,5b61826a7e351930045049826c6ff897d9695ae6,1
1683,javaparser/javaparser,javaparser-symbol-solver-testing,28,5106428130cd3ff052a57d37a3d192f040da5edf,1
1683,javaparser/javaparser,javaparser-symbol-solver-testing,29,557198be4849beff1f5dc2d7178206f41c5b51ee,1
1683,javaparser/javaparser,javaparser-symbol-solver-testing,30,0deb5da8ab1de782f1d231b4fe72a8d7908f31f8,1
1683,javaparser/javaparser,javaparser-symbol-solver-testing,31,b14c61eaf58f7045e7b610559bccb96eff1b822c,1
1683,javaparser/javaparser,javaparser-symbol-solver-testing,32,23676de64dd68baf9d1184d3cd6389f2b5121218,1
1683,javaparser/javaparser,javaparser-symbol-solver-testing,33,28aeb860a119af9fe61fd200b18efb93d8cd7f73,1
1683,javaparser/javaparser,javaparser-symbol-solver-testing,34,45c7c357199ae2810f1754d365fb27ca23b4a022,1
1683,javaparser/javaparser,javaparser-symbol-solver-testing,35,0e85ec9a71bc6f358b710bd1925b0557a6c1daca,1
1683,javaparser/javaparser,javaparser-symbol-solver-testing,36,17f7ad8c30a283990f2bef8a3b108bc66fb77571,1
1683,javaparser/javaparser,javaparser-symbol-solver-testing,37,1092d4c31ba5690633d6b13adb48ee1831e9f118,1
1683,javaparser/javaparser,javaparser-symbol-solver-testing,38,facab17c544b577dc7df0fb5eaeb4c2a3ec18572,1
1683,javaparser/javaparser,javaparser-symbol-solver-testing,39,6cacf2eb8dc40d941ba3b1dbb566114a596ad10e,1
1683,javaparser/javaparser,javaparser-symbol-solver-testing,40,ba2e9e3d2e0d3b9258db1070b653c8d2f044d8bc,1
1683,javaparser/javaparser,javaparser-symbol-solver-testing,41,c6b456a41e0ff13f4bdef0479ba26227aee09310,1
1683,javaparser/javaparser,javaparser-symbol-solver-testing,42,4a03555cd3bfe45b1661adfc6968a30dc47cba13,1
1683,javaparser/javaparser,javaparser-symbol-solver-testing,43,bb519a16833a4de81958e32a2dc3ea493de0fb1d,1
1683,javaparser/javaparser,javaparser-symbol-solver-testing,44,4ee4851d450f3c1d864bf97967a079cc4387951f,1
1683,javaparser/javaparser,javaparser-symbol-solver-testing,45,58c763941ba5cfd6656ffe047b677fd6af9109e9,1
1683,javaparser/javaparser,javaparser-symbol-solver-testing,46,029167af28cc7b7066aa468c49293bfcfcbd129e,1
1683,javaparser/javaparser,javaparser-symbol-solver-testing,47,888936e9c8fea866a3dd35b4231932012309e297,1
1683,javaparser/javaparser,javaparser-symbol-solver-testing,48,4f34a2d747fa1fb2cf753d93ea06070e012ea6cf,1
1683,javaparser/javaparser,javaparser-symbol-solver-testing,49,2739c759f1854eabf8157ad83063bb4fd0a06dd0,1
1683,javaparser/javaparser,javaparser-symbol-solver-testing,50,5bc963ea6658c8dce0efd23f751c4575624fb890,1
1683,javaparser/javaparser,javaparser-symbol-solver-testing,51,9b14c1cc041b3f3cb05f411976bd53650dbaa7e7,1
1683,javaparser/javaparser,javaparser-symbol-solver-testing,52,c1b0e1e0fe87743afae3260775773bb3d8a2283c,1
1683,javaparser/javaparser,javaparser-symbol-solver-testing,53,08bb1fa1dcbdfa6a3e9204bb86ff1f04d1a7349a,1
1683,javaparser/javaparser,javaparser-symbol-solver-testing,54,e1d59d3fa0270ff166fe8596926a7ead82b93258,1
1683,javaparser/javaparser,javaparser-symbol-solver-testing,55,379ad81fd0683dfcc74cc6e52b5dfea2e4a85b63,1
1683,javaparser/javaparser,javaparser-symbol-solver-testing,56,94bc680ae02a53ff8a8a5de9189417b62c1fcfe8,1
1683,javaparser/javaparser,javaparser-symbol-solver-testing,57,1a1ae3095a10111ecd84e3acbff96d76fab66af8,1
1683,javaparser/javaparser,javaparser-symbol-solver-testing,58,66963e94eb31089354f11e18380159b89dcfee2c,1
1683,javaparser/javaparser,javaparser-symbol-solver-testing,59,0ed19322f8efcf13ca541673cbe3f60a605af32c,1
1683,javaparser/javaparser,javaparser-symbol-solver-testing,60,fb8e2e1866462463bb9e12db7c14c33a2223a3f1,1
1683,javaparser/javaparser,javaparser-symbol-solver-testing,61,a1ae330f66d074c25bfc0c8906607dee6fc31275,1
1683,javaparser/javaparser,javaparser-symbol-solver-testing,62,f59c469822f2a2ded6bbaf3f4febb6944a49fd4f,1
1683,javaparser/javaparser,javaparser-symbol-solver-testing,63,16d4eea2121a4a94ae03f2662f9a4f5665355723,1
1683,javaparser/javaparser,javaparser-symbol-solver-testing,64,e73d7338ef4db2df0482157d12c89216b728b2ab,1
1683,javaparser/javaparser,javaparser-symbol-solver-testing,65,e5b285e4d9ea6ee19eaeee1f5ba2ab2a5ee6560e,1
1683,javaparser/javaparser,javaparser-symbol-solver-testing,66,5acfba9882e5144f554bd6cfa65fba751abe8e15,1
1683,javaparser/javaparser,javaparser-symbol-solver-testing,67,28265c599905834f3d9debcd0809215d44b4d8fe,1
1683,javaparser/javaparser,javaparser-symbol-solver-testing,68,cea057cb557174ec8442be6eee4bb6181802a35b,1
1683,javaparser/javaparser,javaparser-symbol-solver-testing,69,c06c7aee01ec0c0ef15e4585a0c28323d60176a0,1
1683,javaparser/javaparser,javaparser-symbol-solver-testing,70,1463475005a2c1d007935fc5400178f4d2cadfc0,1
1683,javaparser/javaparser,javaparser-symbol-solver-testing,71,cfbcc633d38e6c09a6d92e5455b5fb3d1375994c,1
1683,javaparser/javaparser,javaparser-symbol-solver-testing,72,4c5f5c8e5d76e02247345a9588eea6edb763bd99,1
1683,javaparser/javaparser,javaparser-symbol-solver-testing,73,01c51aeb1ac396a7e9cd169685164232adde936f,1
1683,javaparser/javaparser,javaparser-symbol-solver-testing,74,85d7b57ac6ec875e010318c3346058d1063d1dd8,1
1683,javaparser/javaparser,javaparser-symbol-solver-testing,75,a93cd4dd2ebc991ae9c89faeb3e608b3a7e52893,1
1683,javaparser/javaparser,javaparser-symbol-solver-testing,76,42e17b2588cb395ad47f2d1d1a1e8514045b87df,1
1683,javaparser/javaparser,javaparser-symbol-solver-testing,77,4cdbd6e43dbed13b234aa6f8dc8455a6a29627c5,1
1683,javaparser/javaparser,javaparser-symbol-solver-testing,78,f3e4de82d7785c3d576f11ba36b8c0d91ef23d2d,1
1683,javaparser/javaparser,javaparser-symbol-solver-testing,79,51c6911d391514f46cbe977e8d1accacf20ae848,1
1683,javaparser/javaparser,javaparser-symbol-solver-testing,80,f3ff9d6114e4b009a5ce6d7ab97802d28f072840,1
1683,javaparser/javaparser,javaparser-symbol-solver-testing,81,f91139247103eafeef83846d341b62a375d35991,1
1683,javaparser/javaparser,javaparser-symbol-solver-testing,82,0d7c557d1d331bc24dd4ec285efc886b42886750,1
1683,javaparser/javaparser,javaparser-symbol-solver-testing,83,f9c9dd83ab932776923740804a1d041dcf0ff825,1
1683,javaparser/javaparser,javaparser-symbol-solver-testing,84,cbf34bda11cccbc136e9a214a44a030eb5b49d85,1
1683,javaparser/javaparser,javaparser-symbol-solver-testing,85,4bc4b208a2ba71ec4e0df16d3c36f07a593888eb,1
1683,javaparser/javaparser,javaparser-symbol-solver-testing,86,7a24d4a2c7e841769e88e59c0a7e6b86bc657f92,1
1683,javaparser/javaparser,javaparser-symbol-solver-testing,87,922c5e50da0da33bf3310dcf9c59cd989bf5469c,1
1683,javaparser/javaparser,javaparser-symbol-solver-testing,88,b8feaa56bef90384345945952266c23976979501,1
1683,javaparser/javaparser,javaparser-symbol-solver-testing,89,66b3bac92dc38c2cad7e7a5541a542b9771f5ee5,1
1683,javaparser/javaparser,javaparser-symbol-solver-testing,90,b75cdecd2d5aa773ac47497f7ee3e402eac63cf8,1
1683,javaparser/javaparser,javaparser-symbol-solver-testing,91,a0cab53e2cd12930cf7d2810353d1e47e2e45528,1
1683,javaparser/javaparser,javaparser-symbol-solver-testing,92,43c803d54e66ac0d7036dcbab11fd5a9a81a8314,1
1683,javaparser/javaparser,javaparser-symbol-solver-testing,93,e8fa78fa410916288e5300130a7294d48aa307a4,1
1683,javaparser/javaparser,javaparser-symbol-solver-testing,94,fd89ae0fb9c3f738d6f529be1772b5c862452290,1
1683,javaparser/javaparser,javaparser-symbol-solver-testing,95,ff3c527ac0e1dc9b423f61ee5ac1998041eaf4e1,1
1683,javaparser/javaparser,javaparser-symbol-solver-testing,96,14479e3bc860b5d24623194df85cd77922370e71,1
1683,javaparser/javaparser,javaparser-symbol-solver-testing,97,76b9479428b7a402fcbbf33d9717c245b255e059,1
1683,javaparser/javaparser,javaparser-symbol-solver-testing,98,08c7c66634ce9da6144517c86a7f98f8b76a860d,1
1683,javaparser/javaparser,javaparser-symbol-solver-testing,99,c62982b9e563e6d78e6a014481fb81099a460cb9,1
1683,javaparser/javaparser,javaparser-symbol-solver-testing,100,5222d6b15836d2550980a58668e9bb5d31ffcb37,1
1685,javaparser/javaparser,javaparser-core-testing,-100,245bf0532fe36fdbeb6fe88f4d90cf3a603e3538,1
1685,javaparser/javaparser,javaparser-core-testing,-99,cf3d95dfb30169397039ce06c11524d81333bc5f,1
1685,javaparser/javaparser,javaparser-core-testing,-98,945249a691bd7a69edb600e32d2abab87bf66f19,1
1685,javaparser/javaparser,javaparser-core-testing,-97,fc8303ac59d329df319f844cbf4eb29b9c801cea,1
1685,javaparser/javaparser,javaparser-core-testing,-96,d5b3d9fe93fe44a465378267d77544106dcff805,1
1685,javaparser/javaparser,javaparser-core-testing,-95,e87fef819279f9215483ecf970be0fce37f83072,1
1685,javaparser/javaparser,javaparser-core-testing,-94,b7375c946214c0301dd83d9fcd98b3a8ca991296,1
1685,javaparser/javaparser,javaparser-core-testing,-93,c34e87abf0f96d5bf6fe061a24c5eed7b1dbfc77,1
1685,javaparser/javaparser,javaparser-core-testing,-92,186631b0f953d5ce4976468a962ba585d8cc638e,1
1685,javaparser/javaparser,javaparser-core-testing,-91,7652a88547cccbd089ac83d3790ee99e8c4079dc,1
1685,javaparser/javaparser,javaparser-core-testing,-90,434b9e3b4efa4d12de4760337afd1c733de0160f,1
1685,javaparser/javaparser,javaparser-core-testing,-89,8ded2d7b3fd293a349d7df933fe0a9d7431c00ce,1
1685,javaparser/javaparser,javaparser-core-testing,-88,c501f9306127d08a4560925e4b377cc6b576aee6,1
1685,javaparser/javaparser,javaparser-core-testing,-87,3d88001a11df1828f3c880d5b3b2288c8532bb79,1
1685,javaparser/javaparser,javaparser-core-testing,-86,5bce7750d4055114e44226fc50cad4338d49bc79,1
1685,javaparser/javaparser,javaparser-core-testing,-85,279e44736d78a1f98baf96d31db1ce3a67462e8d,1
1685,javaparser/javaparser,javaparser-core-testing,-84,250fb283aeee8aa6a23b9015be2a260292a6842e,1
1685,javaparser/javaparser,javaparser-core-testing,-83,966e091ceddcebf424fbe5f08d2852d49e426897,1
1685,javaparser/javaparser,javaparser-core-testing,-82,2762feaba4c133b3a13b8999987378a9803c54c5,1
1685,javaparser/javaparser,javaparser-core-testing,-81,e6a1fdde8bbfec502e93e5ca782bbf2f79df85fd,1
1685,javaparser/javaparser,javaparser-core-testing,-80,e1c623240cdd215d3b33e1dccf96e7d8a2b266b3,1
1685,javaparser/javaparser,javaparser-core-testing,-79,140042c436bd173da182985e88167e7fab2ee07d,1
1685,javaparser/javaparser,javaparser-core-testing,-78,d8d616bc8ec47a349039180015c91a61e373aa3f,1
1685,javaparser/javaparser,javaparser-core-testing,-77,e2590f3b4b1a96c51810029339f7c04a3f84d06d,1
1685,javaparser/javaparser,javaparser-core-testing,-76,b0efefd046322b4395d1d1835ad394aae405c3b5,1
1685,javaparser/javaparser,javaparser-core-testing,-75,5401ed223cf9ee6f79e60ef8eb9859b0880b6b22,1
1685,javaparser/javaparser,javaparser-core-testing,-74,b4c274293ba1c9a77f14062869b11b10822105f3,1
1685,javaparser/javaparser,javaparser-core-testing,-73,2ce3f29e14c28af2200b7abe7ed7e0db7d4e4915,1
1685,javaparser/javaparser,javaparser-core-testing,-72,72d5eeaab8e164fd8ed2ad51987ff4cbd8b9d95d,1
1685,javaparser/javaparser,javaparser-core-testing,-71,b2187e91d5d1dd30e332d42df7bbae141549881d,1
1685,javaparser/javaparser,javaparser-core-testing,-70,e77eb892a65c457a0fdc2556f9f54c26be19f389,1
1685,javaparser/javaparser,javaparser-core-testing,-69,281e6900cddae135bb880ace89010944cb27c12f,1
1685,javaparser/javaparser,javaparser-core-testing,-68,8e19d9edd32ada78fe70d4759a17c5a03a42c096,1
1685,javaparser/javaparser,javaparser-core-testing,-67,d0c65c43511e9ae724398c614e9ffaabb5de5c24,1
1685,javaparser/javaparser,javaparser-core-testing,-66,5e9cb67af1a8df5b0fd7660695255d4c611ac2bb,1
1685,javaparser/javaparser,javaparser-core-testing,-65,d7beddafc7f4e6477ad25ee2a9cbae11d936d7b5,1
1685,javaparser/javaparser,javaparser-core-testing,-64,46afa9088b94c3386304e8470b18fecb91c6a8b8,1
1685,javaparser/javaparser,javaparser-core-testing,-63,892a60d1cdde1aa96b6da8b46b346af68af42b1c,1
1685,javaparser/javaparser,javaparser-core-testing,-62,6aa8ce326340f7964fefdbd76658b066fca75487,1
1685,javaparser/javaparser,javaparser-core-testing,-61,381f6c6f0596f9dca38b30b1d5e360663ff296f4,1
1685,javaparser/javaparser,javaparser-core-testing,-60,4ea9b52e091b7fc529ed99351612dcc9e21a113c,1
1685,javaparser/javaparser,javaparser-core-testing,-59,7e761814c661d67293fb9941287f544ce7fdd14c,1
1685,javaparser/javaparser,javaparser-core-testing,-58,e53ce0d34818304c8d5bb87e26a352d96b42300d,1
1685,javaparser/javaparser,javaparser-core-testing,-57,1952dfe2d39035d1d527850734eeca55ebc20d6f,1
1685,javaparser/javaparser,javaparser-core-testing,-56,ab852cd2c994d4ee5c28f31856f14c2f7cef33c4,1
1685,javaparser/javaparser,javaparser-core-testing,-55,5d2f91a03d4ded3691164a417deaef6de997594f,1
1685,javaparser/javaparser,javaparser-core-testing,-54,f77f827a43ce006ec7c712bdeb880bfa2d3c9fe9,1
1685,javaparser/javaparser,javaparser-core-testing,-53,0690bc54aaa924d6b92dd57b849738768e92e750,1
1685,javaparser/javaparser,javaparser-core-testing,-52,1d50cb2412a3f787ac86c9b1ddf1ec67abfe1a10,1
1685,javaparser/javaparser,javaparser-core-testing,-51,a60a846a6ca59fd1421625c47261f0797897ce3a,1
1685,javaparser/javaparser,javaparser-core-testing,-50,6b9ff217c2f3bedabc7dd51c67011653defa6152,1
1685,javaparser/javaparser,javaparser-core-testing,-49,2fa30c8b88b37b0fde2b52dab4da43d964188e1b,1
1685,javaparser/javaparser,javaparser-core-testing,-48,1df25c74f4872084eacb57a9a040326f1ba36b16,1
1685,javaparser/javaparser,javaparser-core-testing,-47,25b12b3edff2661c29cde8c80cc66abc6348c93b,1
1685,javaparser/javaparser,javaparser-core-testing,-46,a2222a0b667c4b319e972f61008f5826c984c66a,1
1685,javaparser/javaparser,javaparser-core-testing,-45,75db3a5342f8679e893258dc79156a134d45e037,1
1685,javaparser/javaparser,javaparser-core-testing,-44,56be443caeb16032613c0c4997d92b74fc2e28e7,1
1685,javaparser/javaparser,javaparser-core-testing,-43,4e14ef5b270647ce745c4613d76b6651c080e149,1
1685,javaparser/javaparser,javaparser-core-testing,-42,ddc72f3674d50a4feb456ba48ea301145ffeb782,1
1685,javaparser/javaparser,javaparser-core-testing,-41,3e192b41989243d3d8654b48306120a0010f45e8,1
1685,javaparser/javaparser,javaparser-core-testing,-40,49933b4507be197dc1562656389381e2a77c78d4,1
1685,javaparser/javaparser,javaparser-core-testing,-39,4d6f7b18b265078e1bee0c335c42265c51f1dd52,1
1685,javaparser/javaparser,javaparser-core-testing,-38,6b264f9f61d53e855538f589eba03d7a0b61b5dd,1
1685,javaparser/javaparser,javaparser-core-testing,-37,67dcf3c505438a9bb41be0089ed4a546822274da,1
1685,javaparser/javaparser,javaparser-core-testing,-36,d65ebb9f3b3a33c366d492dab732a95d624df29f,1
1685,javaparser/javaparser,javaparser-core-testing,-35,e8c325aa51c2b7ff08e36d327be1e73b4c46cedc,1
1685,javaparser/javaparser,javaparser-core-testing,-34,80ad7dce15657815d5a6ad1b9b72a5193495963e,1
1685,javaparser/javaparser,javaparser-core-testing,-33,dd96c06b3623a03b71cdaa860cef3ae9ea55e528,1
1685,javaparser/javaparser,javaparser-core-testing,-32,c808ebfa8325091c8f7a10524492cf4469227176,1
1685,javaparser/javaparser,javaparser-core-testing,-31,dcfd52b307ad2f561e1b9eab668b3f11078352d6,1
1685,javaparser/javaparser,javaparser-core-testing,-30,afaffe24e6a13a6f99db9516691d8424351d481e,1
1685,javaparser/javaparser,javaparser-core-testing,-29,fb2c649645c73750b1a0ec1e426cd3b78305deb3,1
1685,javaparser/javaparser,javaparser-core-testing,-28,ba9779a5f0126a298ed1985bc8946d4f4f8f1104,1
1685,javaparser/javaparser,javaparser-core-testing,-27,38869c78a9296a2a86cf2e3309c585c1a5ede9fc,1
1685,javaparser/javaparser,javaparser-core-testing,-26,df08d055fce90b9f89ad760e3de911ab69f71ffd,1
1685,javaparser/javaparser,javaparser-core-testing,-25,82ee5b160f19fcb9a62c61d708e54f3854f3cc8a,1
1685,javaparser/javaparser,javaparser-core-testing,-24,687abcdc88b20b7e7c1e94f565b85ee66abf33c6,1
1685,javaparser/javaparser,javaparser-core-testing,-23,e71c55e3c576c66921ea2c27185117445f580c65,1
1685,javaparser/javaparser,javaparser-core-testing,-22,2f5b010e5b1421f75c5b86fade578386c257cb59,1
1685,javaparser/javaparser,javaparser-core-testing,-21,9d4f0bcdde39648e702748017a1d5b14b6643a2a,1
1685,javaparser/javaparser,javaparser-core-testing,-20,e166273339d79fa29c3aede365dafb788fdf9d5b,1
1685,javaparser/javaparser,javaparser-core-testing,-19,01f5e19fb7a87989b4d8c38f4fc6408764afad5b,1
1685,javaparser/javaparser,javaparser-core-testing,-18,9d4efde6d5f34cf20d1f69048622a603f15e75c0,1
1685,javaparser/javaparser,javaparser-core-testing,-17,a23a0283ada3bd0dbfe74647841a06f778253c1c,1
1685,javaparser/javaparser,javaparser-core-testing,-16,d98b68a68e13832e2b341d1c007660823c6c445f,1
1685,javaparser/javaparser,javaparser-core-testing,-15,3d0133ddac083198ff1130774b3df5774bdd24fa,1
1685,javaparser/javaparser,javaparser-core-testing,-14,a0e407282d9f4a8e2d08b33076a96dcefe1b316a,1
1685,javaparser/javaparser,javaparser-core-testing,-13,cf75fd02230e73fde0f3824e9af31f35a2cb93b8,1
1685,javaparser/javaparser,javaparser-core-testing,-12,dbe5ed247d666b03732c31950e3bb22acd2f95cb,1
1685,javaparser/javaparser,javaparser-core-testing,-11,834a2f9fffb55f788b7fb5f5c51e8029e9d773f5,1
1685,javaparser/javaparser,javaparser-core-testing,-10,99442667fdf315ae1a31cb18dbfc977820ce3f67,1
1685,javaparser/javaparser,javaparser-core-testing,-9,0b8210bec776bbb19cd5cc2ac54a4df10dc2daec,1
1685,javaparser/javaparser,javaparser-core-testing,-8,3c30361b2020ad9fddaffbf5f07fa1eac19d9928,1
1685,javaparser/javaparser,javaparser-core-testing,-7,443c286c27704e657a23f185ba6393de00d61323,1
1685,javaparser/javaparser,javaparser-core-testing,-6,84adc9a4cb766aa91c2361cafe6c93f4e83b86eb,1
1685,javaparser/javaparser,javaparser-core-testing,-5,39f35fd322df62a3a567adb7162106d564896550,1
1685,javaparser/javaparser,javaparser-core-testing,-4,3eaebf9289adc360262bbb3542d84a88b8146a18,1
1685,javaparser/javaparser,javaparser-core-testing,-3,a2d6fe5e312c39cd14307e85cb91f440d0915d82,1
1685,javaparser/javaparser,javaparser-core-testing,-2,c37b0d5b0a408e5d9315ff6a7897a484e7f4f9e0,1
1685,javaparser/javaparser,javaparser-core-testing,-1,91a71e5684a45ecf17037bfe91665b88ed09e722,1
1685,javaparser/javaparser,javaparser-core-testing,0,2c8ce56933b17e6fa6fd9638aeaff604b24dd6c7,1
1685,javaparser/javaparser,javaparser-core-testing,1,59545d3ab5b9881fade1c45f80e993d8bbdfa45a,1
1685,javaparser/javaparser,javaparser-core-testing,2,d78202d8e8c639ece6b1948d83cc66f5d71cb3fd,1
1685,javaparser/javaparser,javaparser-core-testing,3,b6865c5cc8d2ce3bad39406af3b8597fcac37c74,1
1685,javaparser/javaparser,javaparser-core-testing,4,acaf675f8277a9e244e6e6ff986fef9315d8e834,1
1685,javaparser/javaparser,javaparser-core-testing,5,d408fc56f9bb8cf56e9c363824ab37b373ae43d9,1
1685,javaparser/javaparser,javaparser-core-testing,6,2bb9b3a98cb2a8402860f44fd212969397dfc8f4,1
1685,javaparser/javaparser,javaparser-core-testing,7,bd95adcf97a361831b1bac715ddb7400a31b3ae3,1
1685,javaparser/javaparser,javaparser-core-testing,8,d87467c77c13ebfa9fc504e3ee9ef1b99cd4a1fa,1
1685,javaparser/javaparser,javaparser-core-testing,9,a75a2bc3cfbb4c65e44e5320a3b4d44e08d91e63,1
1685,javaparser/javaparser,javaparser-core-testing,10,6a26527b8a0745c53be0523f009a01aa0540cfb3,1
1685,javaparser/javaparser,javaparser-core-testing,11,9147ce2f365e9a2ae0f83322e85a3ea83265d5fe,1
1685,javaparser/javaparser,javaparser-core-testing,12,df56883dd7df911e0578e0def6ae7a8c5a95f17d,1
1685,javaparser/javaparser,javaparser-core-testing,13,3636a055d1f4f8d13aa2de251084c2e13e14da90,1
1685,javaparser/javaparser,javaparser-core-testing,14,199cfe836a2a0d2de9987848f61d310bb112ca04,1
1685,javaparser/javaparser,javaparser-core-testing,15,f97a2d8a29d1758117a0f467caf870602b9ecc11,1
1685,javaparser/javaparser,javaparser-core-testing,16,6254c7538f14efe09176fc17e7e3dd7de3dfbb15,1
1685,javaparser/javaparser,javaparser-core-testing,17,430763bfd133a0ad6ff6924656dedf478cc9063b,1
1685,javaparser/javaparser,javaparser-core-testing,18,289b2d4c5d5480083dde05ce9ce8206d7bc30ce3,1
1685,javaparser/javaparser,javaparser-core-testing,19,60dcf2e305c02159bd476736e938b008e01ac53d,1
1685,javaparser/javaparser,javaparser-core-testing,20,09fdbe073d20412c965e60cdf7697e30c96b1c8c,1
1685,javaparser/javaparser,javaparser-core-testing,21,3492371f90e3e66ef0aff0b1108880cdddc7aba2,1
1685,javaparser/javaparser,javaparser-core-testing,22,070021f951ee6e8f3df9004d2ab8b922dc023212,1
1685,javaparser/javaparser,javaparser-core-testing,23,4a825450f6657663e959d343160fbf9c407dc395,1
1685,javaparser/javaparser,javaparser-core-testing,24,fd2f387a6c04e793709f363257d1f7b183373d4e,1
1685,javaparser/javaparser,javaparser-core-testing,25,ff297485f8a72e2ad20716d20dc4ff247712a23d,1
1685,javaparser/javaparser,javaparser-core-testing,26,121c760cea36413f7b03226ed223a316ade13507,1
1685,javaparser/javaparser,javaparser-core-testing,27,c99f32881a25600a38bb2b2712550016dac3bca8,1
1685,javaparser/javaparser,javaparser-core-testing,28,c8b5c77775f059e55e7531f34f522ed36fa976f7,1
1685,javaparser/javaparser,javaparser-core-testing,29,2cd8281e0cca30ed2d3efb3183fa6b26fd654c39,1
1685,javaparser/javaparser,javaparser-core-testing,30,9f532e5e4246287bd6519d564bcb382c1c123459,1
1685,javaparser/javaparser,javaparser-core-testing,31,7e2e4577c8cdf5a733466ff9f11b0c7cf0ef45ff,1
1685,javaparser/javaparser,javaparser-core-testing,32,7df03e32cc4cea093f318956590d9c75f61f9468,1
1685,javaparser/javaparser,javaparser-core-testing,33,d3fb64086bd9f0d5e6b8306263a2ca915d389899,1
1685,javaparser/javaparser,javaparser-core-testing,34,c33390a5c6752330421dcfce78bbd30486c63e38,1
1685,javaparser/javaparser,javaparser-core-testing,35,a602571cb46db24894558fd6e59d08ef26040411,1
1685,javaparser/javaparser,javaparser-core-testing,36,bf90de2d675ce25a06a795703c79690aa5f42c7d,1
1685,javaparser/javaparser,javaparser-core-testing,37,aab474ba3b5e604cf3b147cbfd02bc52a5b06819,1
1685,javaparser/javaparser,javaparser-core-testing,38,9f31fd3ef5498905d05bd6066820d9c92bd040e9,1
1685,javaparser/javaparser,javaparser-core-testing,39,0309e917e88427f4bdf14a09e917c7e517d709b9,1
1685,javaparser/javaparser,javaparser-core-testing,40,0b1f57218dd3bb9d782f7cc3f31e8b3e8f914e11,1
1685,javaparser/javaparser,javaparser-core-testing,41,7523720e6ef44f20f0389f36334c4e7c5491bdaf,1
1685,javaparser/javaparser,javaparser-core-testing,42,08145e1b284eb12890f657e59218b1b259681d53,1
1685,javaparser/javaparser,javaparser-core-testing,43,524214204c7726d376409894093cd32a982a3884,1
1685,javaparser/javaparser,javaparser-core-testing,44,181b471cff83e69f3d1b1428b726e5875575ffe1,1
1685,javaparser/javaparser,javaparser-core-testing,45,181fcd689031ae2996e93e49365a75c17d6060f5,1
1685,javaparser/javaparser,javaparser-core-testing,46,a131800508b064dcf0643694f67b2b458e50b7b9,1
1685,javaparser/javaparser,javaparser-core-testing,47,58a4063771e9f9104cc855c465143ceb8b46ab45,1
1685,javaparser/javaparser,javaparser-core-testing,48,15aeb1d4b3c0523eef0b01e8699a390488f095f2,1
1685,javaparser/javaparser,javaparser-core-testing,49,00c016ea826218512f09620aa41c5e8d393e2306,1
1685,javaparser/javaparser,javaparser-core-testing,50,33b200ff092c05ade2364e01e31847fc33280747,1
1685,javaparser/javaparser,javaparser-core-testing,51,979c7bf866a6efbba18aeace49267768f9795540,1
1685,javaparser/javaparser,javaparser-core-testing,52,459a448ef8e8fca593741695720b00029ece1c2e,1
1685,javaparser/javaparser,javaparser-core-testing,53,d927a930805915cdf8b5f88436b4a04be0f92330,1
1685,javaparser/javaparser,javaparser-core-testing,54,e2e8818e18ffa33781f98cf34e22f298e1dbb6c0,1
1685,javaparser/javaparser,javaparser-core-testing,55,45e72334253e88d9287eac9c0087cdd7c05f224b,1
1685,javaparser/javaparser,javaparser-core-testing,56,d8224af265aa67b5afaf233e0f8c3c03a6710446,1
1685,javaparser/javaparser,javaparser-core-testing,57,9d4305dc2a989d650c98fa98046bbc2b69ff14ad,1
1685,javaparser/javaparser,javaparser-core-testing,58,5e7a6867ac01d6cd52fbe222cb6c10e17a2e15b7,1
1685,javaparser/javaparser,javaparser-core-testing,59,15a21da4b4979fb82af21f64da5f919c7a0a1d43,1
1685,javaparser/javaparser,javaparser-core-testing,60,5106428130cd3ff052a57d37a3d192f040da5edf,1
1685,javaparser/javaparser,javaparser-core-testing,61,b14c61eaf58f7045e7b610559bccb96eff1b822c,1
1685,javaparser/javaparser,javaparser-core-testing,62,23676de64dd68baf9d1184d3cd6389f2b5121218,1
1685,javaparser/javaparser,javaparser-core-testing,63,b196113c436b5f210e9e8000fd2cc3a87e8fd638,1
1685,javaparser/javaparser,javaparser-core-testing,64,2d94f87d2c6617a70200c2d5caae747434cbeb16,1
1685,javaparser/javaparser,javaparser-core-testing,65,0e85ec9a71bc6f358b710bd1925b0557a6c1daca,1
1685,javaparser/javaparser,javaparser-core-testing,66,d16ccc43091b6f723284d70de722396cd5ff595e,1
1685,javaparser/javaparser,javaparser-core-testing,67,8b3a85124fe608d119de41bdeaefa32b1f68912b,1
1685,javaparser/javaparser,javaparser-core-testing,68,770f766589c690c9080a59f4538a1dc0c44b8d02,1
1685,javaparser/javaparser,javaparser-core-testing,69,0ed19322f8efcf13ca541673cbe3f60a605af32c,1
1685,javaparser/javaparser,javaparser-core-testing,70,fb8e2e1866462463bb9e12db7c14c33a2223a3f1,1
1685,javaparser/javaparser,javaparser-core-testing,71,602f8edcf651b3ea6a08e1e400fc9922018b16d1,1
1685,javaparser/javaparser,javaparser-core-testing,72,b05f7bdd3ea0d8e608e793e8119082d4e47fe636,1
1685,javaparser/javaparser,javaparser-core-testing,73,e055205aa6fa376c9e35522c77bc9b4d7b2df25a,1
1685,javaparser/javaparser,javaparser-core-testing,74,9d40fb2f2e962c11502e700ce261400e03ccf5c1,1
1685,javaparser/javaparser,javaparser-core-testing,75,8c26cfe481b05ea197ed402a95559163a117cf76,1
1685,javaparser/javaparser,javaparser-core-testing,76,5b62ebaabe0c760d2b0dcd7f7e3ddb4a6e77600b,1
1685,javaparser/javaparser,javaparser-core-testing,77,91cbbcb561a1ec53e1275c4b7427c4a9908897eb,1
1685,javaparser/javaparser,javaparser-core-testing,78,51340fec4b7ef4ac2dbf8a0c750fdda29a3a777e,1
1685,javaparser/javaparser,javaparser-core-testing,79,073be68c8e183c0b6af8fccb915fbd98570d14c3,1
1685,javaparser/javaparser,javaparser-core-testing,80,cea057cb557174ec8442be6eee4bb6181802a35b,1
1685,javaparser/javaparser,javaparser-core-testing,81,9a9af89b51b076d4a948e02ff59a1a2b600fe857,1
1685,javaparser/javaparser,javaparser-core-testing,82,d0e80da89b02c8c36520a5910bcd82dbee666cc5,1
1685,javaparser/javaparser,javaparser-core-testing,83,2cccfc4490ae3fed58829e8be792d390a3e05961,1
1685,javaparser/javaparser,javaparser-core-testing,84,8ea7c628fe2105a1619c79e18a5f70c78d4e28fc,1
1685,javaparser/javaparser,javaparser-core-testing,85,cfbcc633d38e6c09a6d92e5455b5fb3d1375994c,1
1685,javaparser/javaparser,javaparser-core-testing,86,5c21ae44f7576b3107cf4d170628159f3a117447,1
1685,javaparser/javaparser,javaparser-core-testing,87,4090a694bc5231e16d7408f9d3c4a3f6566f177b,1
1685,javaparser/javaparser,javaparser-core-testing,88,a93cd4dd2ebc991ae9c89faeb3e608b3a7e52893,1
1685,javaparser/javaparser,javaparser-core-testing,89,a20e2ee17ccbb5331f69e6dc13a954b99a1bdca0,1
1685,javaparser/javaparser,javaparser-core-testing,90,42e17b2588cb395ad47f2d1d1a1e8514045b87df,1
1685,javaparser/javaparser,javaparser-core-testing,91,4cdbd6e43dbed13b234aa6f8dc8455a6a29627c5,1
1685,javaparser/javaparser,javaparser-core-testing,92,c7f779e7bad3f4055bfc209d5c5c4aa030dc7169,1
1685,javaparser/javaparser,javaparser-core-testing,93,07d746afbcbd24fc602515ebb855ae63d519dbb2,1
1685,javaparser/javaparser,javaparser-core-testing,94,b3d0b61a308f1bb6ef8004814f93d866a268636a,1
1685,javaparser/javaparser,javaparser-core-testing,95,f4db5051bc31d0a4134cae66aa61af70d582a465,1
1685,javaparser/javaparser,javaparser-core-testing,96,13213514cd49e00c50386c1068eb638ee9cc168a,1
1685,javaparser/javaparser,javaparser-core-testing,97,0798575e2b50016bad36f669dd791457bd032ab2,1
1685,javaparser/javaparser,javaparser-core-testing,98,76b9479428b7a402fcbbf33d9717c245b255e059,1
1685,javaparser/javaparser,javaparser-core-testing,99,08c7c66634ce9da6144517c86a7f98f8b76a860d,1
1685,javaparser/javaparser,javaparser-core-testing,100,3e0cdd798ec1104204f16ff5c5154ad84e5d1cf2,1
1694,apache/iotdb,iotdb-core/confignode,-100,5b22e7b010b0237b45b1568eed51d0685e72ed1b,1
1694,apache/iotdb,iotdb-core/confignode,-99,1ded38ce5fd9ef06018de9ffab422095716a71bc,1
1694,apache/iotdb,iotdb-core/confignode,-98,9ed645db6cc6a4db747d48ce04fa7ed20934801e,1
1694,apache/iotdb,iotdb-core/confignode,-97,ee9b752bacc6ac54ffe366d485579dab12aef6ed,1
1694,apache/iotdb,iotdb-core/confignode,-96,374deefeb86793643f49a623fe9d6e05b4212bd7,1
1694,apache/iotdb,iotdb-core/confignode,-95,e7a37dc03abf412e925650d4c5300bc37106a50b,1
1694,apache/iotdb,iotdb-core/confignode,-94,b9a181a1cd9b6d5dbf79bf48a4b6d6d0f72c65ea,1
1694,apache/iotdb,iotdb-core/confignode,-93,08bc12c67bd1d86e0ba51ad2636b35d3b854960b,1
1694,apache/iotdb,iotdb-core/confignode,-92,c7a31ffa81f695dbfba6768f36c5c64e115582ca,1
1694,apache/iotdb,iotdb-core/confignode,-91,cc7394642de2e394dae5eb012e823a2314b3d0c6,1
1694,apache/iotdb,iotdb-core/confignode,-90,8efd9ef0ac4f08642472f0eec126819b867e8f61,1
1694,apache/iotdb,iotdb-core/confignode,-89,3544970fe6f196667eeb35bd3b12309442f0d668,1
1694,apache/iotdb,iotdb-core/confignode,-88,4a5c90293da0a4ce1b55e17100ad6c7c53fa819d,1
1694,apache/iotdb,iotdb-core/confignode,-87,9cc8ffddc0e8e7e6a658a2bdad488aeb91bdee6d,1
1694,apache/iotdb,iotdb-core/confignode,-86,360ca21fe3cebb538bf759f8fb0b65fb33b669cd,1
1694,apache/iotdb,iotdb-core/confignode,-85,1b4d1fb20d359b2c528cff62dd1fef613b8f6ce6,1
1694,apache/iotdb,iotdb-core/confignode,-84,b9214a5a4aa1463c7b7eda775a377001d88b25d3,1
1694,apache/iotdb,iotdb-core/confignode,-83,6fcef6c6dbd5b6e75ac8ea20ecbeb29090f751ed,1
1694,apache/iotdb,iotdb-core/confignode,-82,6fb3e3ce94ef1ccf07b77a5b0c866613c1fae998,1
1694,apache/iotdb,iotdb-core/confignode,-81,2168c7d4d12cc4d4fbb702b7bc7f2f6384ac1282,1
1694,apache/iotdb,iotdb-core/confignode,-80,29ae64355000ebb7ea80782da15e62aeb23f2ab3,1
1694,apache/iotdb,iotdb-core/confignode,-79,d359e0df0b2bcb7387c5c883de36569f081ab0e7,1
1694,apache/iotdb,iotdb-core/confignode,-78,8187498854a4a815b63fa4ab3831fb467644f9c0,1
1694,apache/iotdb,iotdb-core/confignode,-77,049399ce7daf1c07e26f896fe0a3d7f4ebc64d34,1
1694,apache/iotdb,iotdb-core/confignode,-76,88ef922e996fb97e8c77fff3bd8620239bee0e06,1
1694,apache/iotdb,iotdb-core/confignode,-75,7400e1b1145376175de608f5393e615627316bc7,1
1694,apache/iotdb,iotdb-core/confignode,-74,9ea87df69b8d9d80252c95fcfcd17bee1c4a04df,1
1694,apache/iotdb,iotdb-core/confignode,-73,9d9d6ea6eaa937422cbaeb2ff05be6df697ab391,1
1694,apache/iotdb,iotdb-core/confignode,-72,77a2dd7232d9193c78b9be31eeff702315ce346b,1
1694,apache/iotdb,iotdb-core/confignode,-71,6fcc15a347365a7507081f81ae9e8e2b07e16564,1
1694,apache/iotdb,iotdb-core/confignode,-70,630597e502a4d053ee42385bbcab79a0036e5f58,1
1694,apache/iotdb,iotdb-core/confignode,-69,cef2ebb77749880febebdbb4126af5033cddc731,1
1694,apache/iotdb,iotdb-core/confignode,-68,2877daf0d3ba0565893b4767c825f6ca5291e061,1
1694,apache/iotdb,iotdb-core/confignode,-67,d35da563bd026e94e69d2765dc8c316ed60cdbf4,1
1694,apache/iotdb,iotdb-core/confignode,-66,063fdddaaa5b675ee17e9f79e633390a8381c21b,1
1694,apache/iotdb,iotdb-core/confignode,-65,b0d7fa6149454e3114d1449ef64e9699d6d24267,1
1694,apache/iotdb,iotdb-core/confignode,-64,f77cab3148ba553eb601c66c1d9acfe3af4383ca,1
1694,apache/iotdb,iotdb-core/confignode,-63,38f6d0f7cecc16ebbddceb2ac388d8328e32c0fc,1
1694,apache/iotdb,iotdb-core/confignode,-62,b39c3255ed6045676fa2e99a934d548a7c6cbba9,1
1694,apache/iotdb,iotdb-core/confignode,-61,a7e2f09173f4c5b71a23e715492f7e74285a6f2d,1
1694,apache/iotdb,iotdb-core/confignode,-60,34fc3cac38c266f8a13ee3f8b7e21ff605304f8e,1
1694,apache/iotdb,iotdb-core/confignode,-59,8a92aaf56bfc90f251de0ad272afaeb9c5033a8e,1
1694,apache/iotdb,iotdb-core/confignode,-58,e437ef3d05648a4d356bdb28544a14eda1a64f83,1
1694,apache/iotdb,iotdb-core/confignode,-57,0d6482789ab7c865bbf52a37d6a25e676df25a78,1
1694,apache/iotdb,iotdb-core/confignode,-56,63da4a42c941bc0e8135769365eac52808362e98,1
1694,apache/iotdb,iotdb-core/confignode,-55,5fd2c9cd45cba16c7365706e4e5bb3cbb1f39a2c,1
1694,apache/iotdb,iotdb-core/confignode,-54,0fb31a70bca430c63c5a20b55bb7ecd435e5a05f,1
1694,apache/iotdb,iotdb-core/confignode,-53,4a76dfbabbd847b5b666c9207c152e6b3a2e77d9,1
1694,apache/iotdb,iotdb-core/confignode,-52,82a1dc3990ac1cafad8d1e8002adba432ee1945f,1
1694,apache/iotdb,iotdb-core/confignode,-51,3cb544e39b250b56bdc8d4c4e3ff0b50c2922e5f,1
1694,apache/iotdb,iotdb-core/confignode,-50,adcedc0bc57cf61dea112074f201be98381b60b6,1
1694,apache/iotdb,iotdb-core/confignode,-49,ec5d2ca16037239590b71d0bd3665f8231ed1e0e,1
1694,apache/iotdb,iotdb-core/confignode,-48,7852cb67411c748aa1ea67ddb809ead666301ee3,1
1694,apache/iotdb,iotdb-core/confignode,-47,6242d939c221cb1ad1f767c79d49c0a48cd0d2cd,1
1694,apache/iotdb,iotdb-core/confignode,-46,65ab3ea7b2c4da40cb4807d81a47a099d80f40ff,1
1694,apache/iotdb,iotdb-core/confignode,-45,d171a53053e9b0a7a919785eb74c3fd082414017,1
1694,apache/iotdb,iotdb-core/confignode,-44,9b22f7c6304c3880c96f3fe5421dbad6ba95ff19,1
1694,apache/iotdb,iotdb-core/confignode,-43,68daea60b0a4f7c8141fbe17f198a9bfdace873c,1
1694,apache/iotdb,iotdb-core/confignode,-42,8a6405cdfa7a517927aa17e50cc73568a55971ab,1
1694,apache/iotdb,iotdb-core/confignode,-41,d751364acb3a8e525052a50e7bc682a27841f770,1
1694,apache/iotdb,iotdb-core/confignode,-40,2b548342ea2506e4ff915145d6b645703981ed5d,1
1694,apache/iotdb,iotdb-core/confignode,-39,b34b714c80e386e1f4ff37e277b0443a1a9f6f10,1
1694,apache/iotdb,iotdb-core/confignode,-38,041d292b092aa4e2c599971732fb5a31bbdc1dbb,1
1694,apache/iotdb,iotdb-core/confignode,-37,eece66eec7d6dd2b085dba1bc7dd21e58ed8a244,1
1694,apache/iotdb,iotdb-core/confignode,-36,496c62e18192438528525e2fad9f07ccf9be477c,1
1694,apache/iotdb,iotdb-core/confignode,-35,d101d76879c8d4ddece6a7ac506ea8d9171dcd8b,1
1694,apache/iotdb,iotdb-core/confignode,-34,2aa7af9599ac5ef8b4032d30abd59ef3a8d39d2e,1
1694,apache/iotdb,iotdb-core/confignode,-33,a409dabf9c8359a50ff81c592fa7d4cbff65c320,1
1694,apache/iotdb,iotdb-core/confignode,-32,01f0a8fa30c891d598d8b7f1034df968964cfe92,1
1694,apache/iotdb,iotdb-core/confignode,-31,b3892dac3cc968df5f8dad83d5ea180e4d6f69a7,1
1694,apache/iotdb,iotdb-core/confignode,-30,07e146faee65ee60403121703e47f7297b73719e,1
1694,apache/iotdb,iotdb-core/confignode,-29,4f4dd798295bb5c82f01157abd6b675dcd96c374,1
1694,apache/iotdb,iotdb-core/confignode,-28,4513e5548d9ba920865c50b060b3a3fa50594f8c,1
1694,apache/iotdb,iotdb-core/confignode,-27,16f71c8b632727de3eaa1aa5b354aff7412b72e4,1
1694,apache/iotdb,iotdb-core/confignode,-26,a9c55474839b32ea1bfc5ed4118dd22400890e6c,1
1694,apache/iotdb,iotdb-core/confignode,-25,5c84e68de0920d916210bb45427c05904e826782,1
1694,apache/iotdb,iotdb-core/confignode,-24,09288dac0cbe025a6d5c707329da9f36f38aecff,1
1694,apache/iotdb,iotdb-core/confignode,-23,761c67edd18bdac0aa78c661ba431068c4d5f92a,1
1694,apache/iotdb,iotdb-core/confignode,-22,f1714d05cdb6bfd007dc1efd2c543ea5d36fcf3a,1
1694,apache/iotdb,iotdb-core/confignode,-21,05ea47388719bb7412074072625cf4c83bfdf57a,1
1694,apache/iotdb,iotdb-core/confignode,-20,6073d25712c158686e59c990b95df1fad09dd677,1
1694,apache/iotdb,iotdb-core/confignode,-19,e2cd299d17a93390fef1ce1a77666e9536596f6d,1
1694,apache/iotdb,iotdb-core/confignode,-18,c310cb0c3eb61cbc53168a3150d569c0ac5ee7a5,1
1694,apache/iotdb,iotdb-core/confignode,-17,12e1fb2fe557f477380632d8367ea22b0478089d,1
1694,apache/iotdb,iotdb-core/confignode,-16,edc318540ffff1a7940f919b4e2c49ce401c61d1,1
1694,apache/iotdb,iotdb-core/confignode,-15,f6b16ed0aec7e90289b8412a2bc7857eef263ff2,1
1694,apache/iotdb,iotdb-core/confignode,-14,9df0030ebca7b58adc55d47d587360f616914087,1
1694,apache/iotdb,iotdb-core/confignode,-13,2a26c6eb52b667a0c1045c016714ca97a28053bf,1
1694,apache/iotdb,iotdb-core/confignode,-12,61fa8d6f0047270c40ac89720d1bb7dbc3718282,1
1694,apache/iotdb,iotdb-core/confignode,-11,f013e9759330a7efe49b5d64833d8c7b2ab433ec,1
1694,apache/iotdb,iotdb-core/confignode,-10,50241423ef89f1bd65a0e8b3ac31b13a3650ca0b,1
1694,apache/iotdb,iotdb-core/confignode,-9,aee90fb8442b28391b714a1da3a66506c6e942e0,1
1694,apache/iotdb,iotdb-core/confignode,-8,fa4f6da8da079fad1e287b1b0ce2e78ce2c695ca,1
1694,apache/iotdb,iotdb-core/confignode,-7,7d92f47529645f3399727a5dbc02db2de7052021,1
1694,apache/iotdb,iotdb-core/confignode,-6,3ae23550d615bbf30a4a42635ff8e3831f724fec,1
1694,apache/iotdb,iotdb-core/confignode,-5,17729a987b25edf4257335db42c9080aff2cdb33,1
1694,apache/iotdb,iotdb-core/confignode,-4,530dd0bc653b9c15ed1e814340c7b3e95132edf9,1
1694,apache/iotdb,iotdb-core/confignode,-3,2c4bb243956f2b2b8c08d3efdd7f71fa6e4bc4e6,1
1694,apache/iotdb,iotdb-core/confignode,-2,81a58c0e8904c74c939aa41c28d1247f5890eeca,1
1694,apache/iotdb,iotdb-core/confignode,-1,81d32f6d67918f9821f77e7929c5eab04faa1177,1
1694,apache/iotdb,iotdb-core/confignode,0,0ad33adbae3168200442b37fb25160c26c2d26f9,1
1694,apache/iotdb,iotdb-core/confignode,1,f3ebf521b78c957f1fb7a9f45cc41398df9f0031,1
1694,apache/iotdb,iotdb-core/confignode,2,7bbf27df0ac5cdb064a379cdf819d4a1adce8bf6,1
1694,apache/iotdb,iotdb-core/confignode,3,815ea9c069dff66fe7102e5ea94867bcc04c6eed,1
1694,apache/iotdb,iotdb-core/confignode,4,5f01571f4c64033c460545ff885f320433ff8bfc,1
1694,apache/iotdb,iotdb-core/confignode,5,2d436e0689704cd7efad14ac0cb7aafeff31f0d6,1
1694,apache/iotdb,iotdb-core/confignode,6,c8d7c5dfea9afeb8883302fa0786034169a404cf,1
1694,apache/iotdb,iotdb-core/confignode,7,82c85483572fce80bcdb5275fe909d3850323380,1
1694,apache/iotdb,iotdb-core/confignode,8,3ac203c4e79429166a8263a37f9048899ad15e8c,1
1694,apache/iotdb,iotdb-core/confignode,9,97a08c880fb854c6e5c3e33ab04f0d29dcd9db3c,1
1694,apache/iotdb,iotdb-core/confignode,10,8e7605f80db131d4bb5ce524afe3b3a1dab15c81,1
1694,apache/iotdb,iotdb-core/confignode,11,141b7ba634c59a1801d6766796db58f68843c543,1
1694,apache/iotdb,iotdb-core/confignode,12,41a49e7c1e6db3e88242f0b38f62bb5074fa8810,1
1694,apache/iotdb,iotdb-core/confignode,13,8b6311bd0420af0efb8f75cb912d671ecaea170b,1
1694,apache/iotdb,iotdb-core/confignode,14,cb4c05c0319d9b156e94ba58354df3114cebda24,1
1694,apache/iotdb,iotdb-core/confignode,15,3369e7a202e027a88388bd95f85f578dffc9a458,1
1694,apache/iotdb,iotdb-core/confignode,16,1b0af7dfd25186e196eb2453ba50ccec42b3d0a4,1
1694,apache/iotdb,iotdb-core/confignode,17,024b05cc4d8e72f4ab9272db353b692084253ff1,1
1694,apache/iotdb,iotdb-core/confignode,18,02ff0d27c57ed79fb294fea08ed1583a2f8434d2,1
1694,apache/iotdb,iotdb-core/confignode,19,270e0d3a224226137162dc722ece8199e45455ba,1
1694,apache/iotdb,iotdb-core/confignode,20,0a628cbf5964e734e1127db22ac48f13e3b36c9c,1
1694,apache/iotdb,iotdb-core/confignode,21,2c0f7ec033bbddea3af0fba3f877aee49fc5d14a,1
1694,apache/iotdb,iotdb-core/confignode,22,d8e6c303fb6252a53e2a46d6029486b7c5dcff6c,1
1694,apache/iotdb,iotdb-core/confignode,23,b990b9e498b8ecb69a23c5e5f859fbedcf0cd953,1
1694,apache/iotdb,iotdb-core/confignode,24,3edb24fe96cbe217222e3c3dee9a4d06e5643312,1
1694,apache/iotdb,iotdb-core/confignode,25,330a683242d10013559a4e60cf7a85b6effcd0e7,1
1694,apache/iotdb,iotdb-core/confignode,26,f2c1a2a68b739b19901ed329da36953ce3e95990,1
1694,apache/iotdb,iotdb-core/confignode,27,2964bd20079ea8659f70c20c9b6f426308cf78f6,1
1694,apache/iotdb,iotdb-core/confignode,28,897e989261dcd096b5a0f3fccac6a37172434b65,1
1694,apache/iotdb,iotdb-core/confignode,29,8760e10b7965221787050875bc6274adf53a054d,1
1694,apache/iotdb,iotdb-core/confignode,30,4866f6d2cfa7a106c0b3eb0db085f4bdda54b558,1
1694,apache/iotdb,iotdb-core/confignode,31,9733c7540cff3813015d71963b59324fd4f4ade6,1
1694,apache/iotdb,iotdb-core/confignode,32,de10ea7891100a58d16a504785f21e3fecdf3555,1
1694,apache/iotdb,iotdb-core/confignode,33,fb2cb7a394be50c7337e68bdc3838a0062ea3769,1
1694,apache/iotdb,iotdb-core/confignode,34,95972550d8ca02e714e4f30fd0044570bb6e8faa,1
1694,apache/iotdb,iotdb-core/confignode,35,aad2caa9f22d207b7e44068d11aad01e41754e1d,1
1694,apache/iotdb,iotdb-core/confignode,36,662de3115c56551abb09e2d2ee6dd455a3ccdc6c,1
1694,apache/iotdb,iotdb-core/confignode,37,ee7e8f9d349de7b226e94df869991ba56d7efa1d,1
1694,apache/iotdb,iotdb-core/confignode,38,82e9361c6a6664384330a93eda2d33bd39adf21c,1
1694,apache/iotdb,iotdb-core/confignode,39,f4c85210eca9efdd544432a6180be81dd6b6e3a4,1
1694,apache/iotdb,iotdb-core/confignode,40,1ab9631cb4b5bfc60be03f06702e57eebd35507b,1
1694,apache/iotdb,iotdb-core/confignode,41,809ecd4cad16fb23977374ea055325da4683df77,1
1694,apache/iotdb,iotdb-core/confignode,42,5bb6803e9993e744a887ed1f6940ca566fe94d14,1
1694,apache/iotdb,iotdb-core/confignode,43,d7dbf41d95b68db02fff99f490834417a1c9ec58,1
1694,apache/iotdb,iotdb-core/confignode,44,24a93f578e999cc3559ccafe90315db640a16a31,1
1694,apache/iotdb,iotdb-core/confignode,45,06c0911adca5f2351952f67c41c198f4956a3582,1
1694,apache/iotdb,iotdb-core/confignode,46,a637327f31d40e72f94efd25699ce75b6bd6af28,1
1694,apache/iotdb,iotdb-core/confignode,47,93ec99d7ad0ed02c0a30920011c7057ea1d03e0d,1
1694,apache/iotdb,iotdb-core/confignode,48,8e650cbb1e1ca9cc9023b87cdfc4ae7ec5cc090e,1
1694,apache/iotdb,iotdb-core/confignode,49,50a48ce42b3c0a608fca49c326e364e3226f3a0d,1
1694,apache/iotdb,iotdb-core/confignode,50,262605e76576ce471aedd08a81179319f6bd51de,1
1694,apache/iotdb,iotdb-core/confignode,51,52d1df65382864112e0bca7d249115df6fc41b24,1
1694,apache/iotdb,iotdb-core/confignode,52,7cef068e674b01a8162093afc9b1213b30af0483,1
1694,apache/iotdb,iotdb-core/confignode,53,af03c1692b4da4016cc7a4304c7f2e18053c1562,1
1694,apache/iotdb,iotdb-core/confignode,54,d34f1c53c597c885414c1a251db8135502941f40,1
1694,apache/iotdb,iotdb-core/confignode,55,598080b47f7fd957a76a4f4fa14a8b2370594161,1
1694,apache/iotdb,iotdb-core/confignode,56,33d5b195fb014a9a8231c916f1ae8002bdbc6367,1
1694,apache/iotdb,iotdb-core/confignode,57,299c3df372cfca642e7b8652905c5c8cf08495ce,1
1694,apache/iotdb,iotdb-core/confignode,58,91fb32a5c3a7776a935baeb484ce43bea4f47c88,1
1694,apache/iotdb,iotdb-core/confignode,59,4678776f5c12621228f9915b3dde7f8d17bba154,1
1694,apache/iotdb,iotdb-core/confignode,60,a6088a28a07283731798ff99b1b9eaf35ae86876,1
1694,apache/iotdb,iotdb-core/confignode,61,8889255c0c48e40faf6e17346587364fa1162a4a,1
1694,apache/iotdb,iotdb-core/confignode,62,1697f54530714cb8bb5d3733f4100bc39eccb4b4,1
1694,apache/iotdb,iotdb-core/confignode,63,b6fea634d6199062dc0211cdd6a189625fa59b80,1
1694,apache/iotdb,iotdb-core/confignode,64,a4d1a50810010d83f04d8241856164d887ed8b90,1
1694,apache/iotdb,iotdb-core/confignode,65,d3d0687b3be9d0b91890369725718b00fbb81f24,1
1694,apache/iotdb,iotdb-core/confignode,66,518126ed7cedfb2df4261741be364fd2d86f5fbd,1
1694,apache/iotdb,iotdb-core/confignode,67,b8bba8ff2c85c0dc7ce7833cfea2698d6ce83ed0,1
1694,apache/iotdb,iotdb-core/confignode,68,c5ce0a3cb55dbc27f4e5bc2ce7d405097ac72aac,1
1694,apache/iotdb,iotdb-core/confignode,69,b20ab8accf2c3ee652445f43170c62a5d17ca936,1
1694,apache/iotdb,iotdb-core/confignode,70,285ee5b5b6b500c038ae71099ac94fba7fa1595c,1
1694,apache/iotdb,iotdb-core/confignode,71,db62fba21bace6d196f41c6e2f075b6eafe60613,1
1694,apache/iotdb,iotdb-core/confignode,72,7650b4793474b11405698bbe9290f814ef3afc06,1
1694,apache/iotdb,iotdb-core/confignode,73,17da13e45d72f9b8bb0e97ce51aaa21e0fc6f8ef,1
1694,apache/iotdb,iotdb-core/confignode,74,953780620df07eb6282d5391c0069fabd63cb40a,1
1694,apache/iotdb,iotdb-core/confignode,75,edda98e37a0164687e760c5fb8677033d4d1829e,1
1694,apache/iotdb,iotdb-core/confignode,76,d960f9eed93ef59ff8ef57ddeead971017123405,1
1694,apache/iotdb,iotdb-core/confignode,77,3288914e32690ea37add10be764db18d8150986f,1
1694,apache/iotdb,iotdb-core/confignode,78,c8103f9dcc4a5da66a1cf3e930911accb327ce75,1
1694,apache/iotdb,iotdb-core/confignode,79,29a68365b8612613eeb222746cb1d5b9061e9a27,1
1694,apache/iotdb,iotdb-core/confignode,80,ccd3060f14adb364a639964dd5c4dfaab633081b,1
1694,apache/iotdb,iotdb-core/confignode,81,d4818124bc1a6bd5ebf932396458ff608122ce01,1
1694,apache/iotdb,iotdb-core/confignode,82,78689179359d6064d5d6568b4baf147fce482604,1
1694,apache/iotdb,iotdb-core/confignode,83,9ea12aacef669bc019e2b8a24066a84bbf4d7b92,1
1694,apache/iotdb,iotdb-core/confignode,84,7e5b75167241ac44ced008eec9d81db8bb4bd24f,1
1694,apache/iotdb,iotdb-core/confignode,85,7f54522b4790bd29f31f5a6587dd639f42c98883,1
1694,apache/iotdb,iotdb-core/confignode,86,5caf8fcd211034f3e99f6f19f3bf72a2b948d900,1
1694,apache/iotdb,iotdb-core/confignode,87,325b414c237c515b7256f3c9b770de147f713411,1
1694,apache/iotdb,iotdb-core/confignode,88,5ad4a940ed84abca27c7e8be86cb371a49900491,1
1694,apache/iotdb,iotdb-core/confignode,89,1c1574fb9e840a68e97baac35e896a40f8d6c1da,1
1694,apache/iotdb,iotdb-core/confignode,90,f6b2d07a61b424a06744e52c0b693badb99d114e,1
1694,apache/iotdb,iotdb-core/confignode,91,3ba8b0c17ac1842278770b78ad053ee572440948,1
1694,apache/iotdb,iotdb-core/confignode,92,b3cb21fe86a7c40e4816e6787992034cfe3a6d6b,1
1694,apache/iotdb,iotdb-core/confignode,93,7ad193cb33b92b94be3e6760159092e60e630572,1
1694,apache/iotdb,iotdb-core/confignode,94,db7729a31615ed54f24688679c7d88fb54944704,1
1694,apache/iotdb,iotdb-core/confignode,95,8b18a87b696aa54ff848f6a2400b67628ff67b5a,1
1694,apache/iotdb,iotdb-core/confignode,96,3f2cd13298ba19ff68fdbf2c87ecdbdda5533587,1
1694,apache/iotdb,iotdb-core/confignode,97,dbdf1d02c8b015980568139ec6e9980dc9bb0386,1
1694,apache/iotdb,iotdb-core/confignode,98,0f656575928cc100c72e98ffdb2cd4397d613dc5,1
1694,apache/iotdb,iotdb-core/confignode,99,51bad1ec88d5d20aa4e84f3ccd6841fbfba75390,1
1694,apache/iotdb,iotdb-core/confignode,100,215a1b7f697cbe8b7b188ba6307b14c9de63b57f,1
1778,spring-projects/spring-ai,models/spring-ai-openai,-100,7fda93f7a40866af1a52125d85907888b6ebb946,1
1778,spring-projects/spring-ai,models/spring-ai-openai,-99,8b019c5fee22414f4440956ff8fbaf65a571c6b7,1
1778,spring-projects/spring-ai,models/spring-ai-openai,-98,db9cc62defc6fdf19f2ff30b2fb32792691e6943,1
1778,spring-projects/spring-ai,models/spring-ai-openai,-97,501774925c809fb47e02c73688092e46cdb78099,1
1778,spring-projects/spring-ai,models/spring-ai-openai,-96,e63dc6a45788e103188c105516e95974795a39d1,1
1778,spring-projects/spring-ai,models/spring-ai-openai,-95,1673907db09a6cff72439ce62f87450d4deac977,1
1778,spring-projects/spring-ai,models/spring-ai-openai,-94,a55316c44dee87c01c330b90403075996d9acc73,1
1778,spring-projects/spring-ai,models/spring-ai-openai,-93,f56ce20cade7523396a2ce8728c856b0c0a159c0,1
1778,spring-projects/spring-ai,models/spring-ai-openai,-92,6fc76b7f9bfcb032ac721ac8eaef0dab4a9386e2,1
1778,spring-projects/spring-ai,models/spring-ai-openai,-91,89cfa9911dc16dd7d56722921382a091db93138d,1
1778,spring-projects/spring-ai,models/spring-ai-openai,-90,45c6622736972114fc91fc3bdb6eb283b5eec280,1
1778,spring-projects/spring-ai,models/spring-ai-openai,-89,9c10a08bef839ef045cc23881db6810b62a29ae9,1
1778,spring-projects/spring-ai,models/spring-ai-openai,-88,3b1c68ac10e2f3fc51775d52f368bd9bec9d18c6,1
1778,spring-projects/spring-ai,models/spring-ai-openai,-87,4e7e4cf2b589154c0ffb1634d412a05d48cd098c,1
1778,spring-projects/spring-ai,models/spring-ai-openai,-86,38082de0f8e4ac4533469e81f11d1cddae17754f,1
1778,spring-projects/spring-ai,models/spring-ai-openai,-85,22a61548ac09715ab3fcada677a24048e62b132a,1
1778,spring-projects/spring-ai,models/spring-ai-openai,-84,64b147e6996d61b13badc8f832734e2c5949c114,1
1778,spring-projects/spring-ai,models/spring-ai-openai,-83,9678ea53e8d5e988b05716c1abab3bfadd11eb6f,1
1778,spring-projects/spring-ai,models/spring-ai-openai,-82,6203325f302d93768c4e83bd2d4dff8fa6dd7858,1
1778,spring-projects/spring-ai,models/spring-ai-openai,-81,e30105e5fb5ea689bc9712d4629e8a0411e2b9f4,1
1778,spring-projects/spring-ai,models/spring-ai-openai,-80,4a892b526951fccbd6bb325955807157e6bd7a60,1
1778,spring-projects/spring-ai,models/spring-ai-openai,-79,4c83fe830211756e098e4ce72ed10a5644bb2968,1
1778,spring-projects/spring-ai,models/spring-ai-openai,-78,2e0a51fac5e63c781848453b5eb42c671e64456b,1
1778,spring-projects/spring-ai,models/spring-ai-openai,-77,d17c0720fd561800cc496ddca0d90f4673f37bfa,1
1778,spring-projects/spring-ai,models/spring-ai-openai,-76,278a61fde496f6a799cbd319573bff26f8dd19fb,1
1778,spring-projects/spring-ai,models/spring-ai-openai,-75,2c17577f2fb9dfd84c17da7801b0ed9d47c9939c,1
1778,spring-projects/spring-ai,models/spring-ai-openai,-74,a1980ec4dd558cefbe5a5c8f2dbbd0ef90a147ee,1
1778,spring-projects/spring-ai,models/spring-ai-openai,-73,8e758dbd00bf6865edf35f3bdaaeadabe2b250e6,1
1778,spring-projects/spring-ai,models/spring-ai-openai,-72,081840eef209596737d6c9db4d083dfb153a0553,1
1778,spring-projects/spring-ai,models/spring-ai-openai,-71,94ddefc73f6bb2b61becddd1ef1e61241e56210b,1
1778,spring-projects/spring-ai,models/spring-ai-openai,-70,cdc1cecb5768e0e1672cccd89bf5d7605aacbaf9,1
1778,spring-projects/spring-ai,models/spring-ai-openai,-69,12ff83b068465092ba877fb6db2fe1dbdcc4c38d,1
1778,spring-projects/spring-ai,models/spring-ai-openai,-68,4184af53414e59a454d0122eeadd6ef1569e1812,1
1778,spring-projects/spring-ai,models/spring-ai-openai,-67,0c07edc2e7ec3ba55e3d15c10fdc471aeb96b3de,1
1778,spring-projects/spring-ai,models/spring-ai-openai,-66,166e3d5f37747b3bf85f26ebfc4b0a0401131f31,1
1778,spring-projects/spring-ai,models/spring-ai-openai,-65,3e9a3fd3b0bb508a07ee7aff5526f35e841b077c,1
1778,spring-projects/spring-ai,models/spring-ai-openai,-64,fd8cac57bb6fb42a76f5bb367a208168944f2ad1,1
1778,spring-projects/spring-ai,models/spring-ai-openai,-63,d0312ba42654be15f7153f6ef4c673bf0eb1df60,1
1778,spring-projects/spring-ai,models/spring-ai-openai,-62,66f58d2d700ab1739800c9e809fa0fb2d09a1237,1
1778,spring-projects/spring-ai,models/spring-ai-openai,-61,3fbc310ff45afcf39de36c468be3de2d609b3182,1
1778,spring-projects/spring-ai,models/spring-ai-openai,-60,0b4f90e8c034eaf3921b4315aa52aaed236bd198,1
1778,spring-projects/spring-ai,models/spring-ai-openai,-59,2a6f55a8c5e3ae4191b2550b54b8784567064827,1
1778,spring-projects/spring-ai,models/spring-ai-openai,-58,cd886437eb1a6a5ec9bc7b7bf367a94a098c1dcc,1
1778,spring-projects/spring-ai,models/spring-ai-openai,-57,83f7164bff2fe13e078467b5345e256dd5f1343a,1
1778,spring-projects/spring-ai,models/spring-ai-openai,-56,f92450279148cfe9988b5224c3bb00da55dcbfb7,1
1778,spring-projects/spring-ai,models/spring-ai-openai,-55,35f46e957fab1f3e59b5b56148b420a86a546c23,1
1778,spring-projects/spring-ai,models/spring-ai-openai,-54,c1fc687730eaeeed2e4727bbab8b22f27a96dbb6,1
1778,spring-projects/spring-ai,models/spring-ai-openai,-53,865d429451d01ba0f777f2f37ce1754d29197c8f,1
1778,spring-projects/spring-ai,models/spring-ai-openai,-52,5f6b892eda068c420ba421f7421501eef726a2ec,1
1778,spring-projects/spring-ai,models/spring-ai-openai,-51,4de95b7708ebd51e3f6d800d7d210276d050f8fc,1
1778,spring-projects/spring-ai,models/spring-ai-openai,-50,72c84fe8b8da18b2c282a2355e2f4b18684582ab,1
1778,spring-projects/spring-ai,models/spring-ai-openai,-49,fb0d99dc3700117ad7100374e84d8f4e4bcbf3ed,1
1778,spring-projects/spring-ai,models/spring-ai-openai,-48,0ca91b2ed999e3db361f8291a363626a9ef8c915,1
1778,spring-projects/spring-ai,models/spring-ai-openai,-47,432954dad7f7c3a33117848a4259bc7076865c5f,1
1778,spring-projects/spring-ai,models/spring-ai-openai,-46,c038526dd11f3005a67f4e26b6222c3d64f02d87,1
1778,spring-projects/spring-ai,models/spring-ai-openai,-45,f5b00a027c3ed9a6715e3cb391ba8859d3c7973a,1
1778,spring-projects/spring-ai,models/spring-ai-openai,-44,3812d2e6d89bdf1079f63013154cc6a6c5e5d466,1
1778,spring-projects/spring-ai,models/spring-ai-openai,-43,33c05c399cdd4ba2379d9f345dbc03def5aeac38,1
1778,spring-projects/spring-ai,models/spring-ai-openai,-42,67a88964229c207ebb740bafcf752d369d6b67bd,1
1778,spring-projects/spring-ai,models/spring-ai-openai,-41,f388f5349a5c92357bea506291640f2703fa9c88,1
1778,spring-projects/spring-ai,models/spring-ai-openai,-40,479a0959769b5ff3be9841212b9e483743b671e0,1
1778,spring-projects/spring-ai,models/spring-ai-openai,-39,33f431e4a733e684d3ea9723cd8b2eb1c87c4308,1
1778,spring-projects/spring-ai,models/spring-ai-openai,-38,9ebc6d2c3ceb230281e816eeff5f00acad5e63bb,1
1778,spring-projects/spring-ai,models/spring-ai-openai,-37,d0a0c878f89883d32057c5f842330304c64523f4,1
1778,spring-projects/spring-ai,models/spring-ai-openai,-36,dcc8d5b6207a1ad382e258af087e2c51d4b310eb,1
1778,spring-projects/spring-ai,models/spring-ai-openai,-35,6a195ee9fe15bf7d549cb85f91ace6b2d3f1687c,1
1778,spring-projects/spring-ai,models/spring-ai-openai,-34,cdffc72c14490b92db8e2207c49eb3e8ece86041,1
1778,spring-projects/spring-ai,models/spring-ai-openai,-33,50223d20e36b44e38e3d2e6c717fa9ea1fa1b131,1
1778,spring-projects/spring-ai,models/spring-ai-openai,-32,6cfe5e79e809027e5b167ebb42aa075530102947,1
1778,spring-projects/spring-ai,models/spring-ai-openai,-31,ebd29e0959086ea950d505a8aefb9e32ca7732a7,1
1778,spring-projects/spring-ai,models/spring-ai-openai,-30,c4ca5826f79db851e466c9513818550cad64639e,1
1778,spring-projects/spring-ai,models/spring-ai-openai,-29,9f775ab2c24b3b25a733bb5ca34ed663eb7d3e93,1
1778,spring-projects/spring-ai,models/spring-ai-openai,-28,9a5d61cc05ac2339f0aad6c22e3ba2592583333e,1
1778,spring-projects/spring-ai,models/spring-ai-openai,-27,dfbc394f8311b4c919079a734280aa56f6e1b7d0,1
1778,spring-projects/spring-ai,models/spring-ai-openai,-26,16a9d891aa041b613d960792146db315bfd77c6d,1
1778,spring-projects/spring-ai,models/spring-ai-openai,-25,ebc91680f85e5a65a47b539093460fba15041e34,1
1778,spring-projects/spring-ai,models/spring-ai-openai,-24,ad87c122d927fefb03358bbb0ebf0b1ec497db84,1
1778,spring-projects/spring-ai,models/spring-ai-openai,-23,f252b2417a53db6be32480940a27159b1d45469c,1
1778,spring-projects/spring-ai,models/spring-ai-openai,-22,187360d1327ad6514c0d4e63c2409d0920663af9,1
1778,spring-projects/spring-ai,models/spring-ai-openai,-21,58efee6d909ccebbf693a4816de75a4e4c0ecf95,1
1778,spring-projects/spring-ai,models/spring-ai-openai,-20,429bd2af3567d88e930fffb9d1307c7fad4e5919,1
1778,spring-projects/spring-ai,models/spring-ai-openai,-19,627fb79e5e24e8f95892c49a54f00afc33e4f7ea,1
1778,spring-projects/spring-ai,models/spring-ai-openai,-18,19e61bf71a0c11861cce9dd21295c3a9ce284b8a,1
1778,spring-projects/spring-ai,models/spring-ai-openai,-17,99a44fbab84f401a979fcd558a165758cb6ca501,1
1778,spring-projects/spring-ai,models/spring-ai-openai,-16,5f300c237e72446a43a302bb97bd29dd87030e29,1
1778,spring-projects/spring-ai,models/spring-ai-openai,-15,1c72f14a696b9ed857faf96e6bc6088ff22ca913,1
1778,spring-projects/spring-ai,models/spring-ai-openai,-14,95eb9fd6a350ef4e336b301ea0fd2d148e63dded,1
1778,spring-projects/spring-ai,models/spring-ai-openai,-13,2e5ee4316f1f11864db063f74327f55473592698,1
1778,spring-projects/spring-ai,models/spring-ai-openai,-12,1e68862142c24837c9d993a37ffde40b6085f52c,1
1778,spring-projects/spring-ai,models/spring-ai-openai,-11,ab022fa956fa5160ce5eadb24f31bc9040e9522e,1
1778,spring-projects/spring-ai,models/spring-ai-openai,-10,d7fe07b0f1c2fcc24462c48ca826e0864da47a4b,1
1778,spring-projects/spring-ai,models/spring-ai-openai,-9,7fe3b389c4fd529828fde8cd4e046739599aac78,1
1778,spring-projects/spring-ai,models/spring-ai-openai,-8,823766f43602e4bce732abedfca897a0e6ab5008,1
1778,spring-projects/spring-ai,models/spring-ai-openai,-7,977500f7a1cced53fb360aa371347e9a9c517865,1
1778,spring-projects/spring-ai,models/spring-ai-openai,-6,3c539a37a38e009e11e2a8870a1708787831069b,1
1778,spring-projects/spring-ai,models/spring-ai-openai,-5,7d53ef20565e084758d631e0a0df7daaba9498b2,1
1778,spring-projects/spring-ai,models/spring-ai-openai,-4,7e303a06e5a50aa8f5e760624bf7ba9396ae2529,1
1778,spring-projects/spring-ai,models/spring-ai-openai,-3,9d95f0f7c9278bd0f0746c4b5376f1070fac039c,1
1778,spring-projects/spring-ai,models/spring-ai-openai,-2,bb6b8cc20f082535e531130913285c934b185f41,1
1778,spring-projects/spring-ai,models/spring-ai-openai,-1,7521cab9db3a02ee454f998f62f637165775d6dc,1
1778,spring-projects/spring-ai,models/spring-ai-openai,0,39be9aeba29be4bfab8f8a35857381d845b8c807,1
1778,spring-projects/spring-ai,models/spring-ai-openai,1,4b64aa0ca638ce323db511749a8f593de8f70b7b,1
1778,spring-projects/spring-ai,models/spring-ai-openai,2,bada4036438f3886456a7d62159d70d6d051118b,1
1778,spring-projects/spring-ai,models/spring-ai-openai,3,8303a52611a68e53f35485c283d9e2d846e8a7ec,1
1778,spring-projects/spring-ai,models/spring-ai-openai,4,fe323fbad12585e73d4fcbab59510e6819a6b9df,1
1778,spring-projects/spring-ai,models/spring-ai-openai,5,b03a6c9ef887f503577745f023a1bb913f103f0d,1
1778,spring-projects/spring-ai,models/spring-ai-openai,6,78a58a15e8edfa6595d2eb69969c8489bdfba73c,1
1778,spring-projects/spring-ai,models/spring-ai-openai,7,14ec6b2dc00017d3c5e3e03b18052ef14878fb65,1
1778,spring-projects/spring-ai,models/spring-ai-openai,8,f36b73cce2827688548cf8c436f742881c4c8194,1
1778,spring-projects/spring-ai,models/spring-ai-openai,9,b902ca2afb7fdd918f32eb40c0c3b0761aff4aca,1
1778,spring-projects/spring-ai,models/spring-ai-openai,10,54463e66229960147a1333956f6256c87e39e9d7,1
1778,spring-projects/spring-ai,models/spring-ai-openai,11,2932769883ea0b6bc6fecf23160119e4dd2be1c6,1
1778,spring-projects/spring-ai,models/spring-ai-openai,12,c5becf742904c4c07f4e512c4f213590582d6e08,1
1778,spring-projects/spring-ai,models/spring-ai-openai,13,74178b9f0ef4b8f5a7f8259ac560468dcca4c80f,1
1778,spring-projects/spring-ai,models/spring-ai-openai,14,35101e75ae3fe0fd14efd0909ffa8d1e7ca7459e,1
1778,spring-projects/spring-ai,models/spring-ai-openai,15,45421b1c93bbf19f5d7c5871f5064c9a4df8b067,1
1778,spring-projects/spring-ai,models/spring-ai-openai,16,fc2690cdf8f9765862da9aad1845fec528320d21,1
1778,spring-projects/spring-ai,models/spring-ai-openai,17,52198ed9d774b0fc983d532fd7b6c582bb003ba9,1
1778,spring-projects/spring-ai,models/spring-ai-openai,18,e92616b10e36f438bfc4def8c54945ba97f931f8,1
1778,spring-projects/spring-ai,models/spring-ai-openai,19,b936a9c429cbba1afa86f7cffcecf9b298270026,1
1778,spring-projects/spring-ai,models/spring-ai-openai,20,a8e305d28a7e97f5d893bcbaeaa69b863c9b46e5,1
1778,spring-projects/spring-ai,models/spring-ai-openai,21,a528253ab07e61060dadbdf37e88815c574403c3,1
1778,spring-projects/spring-ai,models/spring-ai-openai,22,82d98b6b485a8d98caf7c9dd17ba0b9f2ab011bd,1
1778,spring-projects/spring-ai,models/spring-ai-openai,23,28bceb3ac5de0c031133767ec1b010784bc1a18d,1
1778,spring-projects/spring-ai,models/spring-ai-openai,24,ded9facfe5900f4196da1c23c56b397f1e16afdd,1
1778,spring-projects/spring-ai,models/spring-ai-openai,25,77ee57cec0aabdb4a1e26542ea346b7236ee042d,1
1778,spring-projects/spring-ai,models/spring-ai-openai,26,0164b5dcf9628a4faadbedd0ab407d0b860ba211,1
1778,spring-projects/spring-ai,models/spring-ai-openai,27,1f2713801c3a72b321cee9f922022a6a1528bbb7,1
1778,spring-projects/spring-ai,models/spring-ai-openai,28,24fb447227302dd22b4eb924a05d826b7a7acfff,1
1778,spring-projects/spring-ai,models/spring-ai-openai,29,64a4f79783deea8605022a3de96b56e270bb6fb1,1
1778,spring-projects/spring-ai,models/spring-ai-openai,30,e888895a4e717ba02f9814b40b85606e7bdbf9e5,1
1778,spring-projects/spring-ai,models/spring-ai-openai,31,8f20aabfdc290649971d1dd7638c92a323736835,1
1778,spring-projects/spring-ai,models/spring-ai-openai,32,3233e10054514c7c728dda77a36b3620dfde6c74,1
1778,spring-projects/spring-ai,models/spring-ai-openai,33,e3f9b7c16b76f5575567d90904fee1fc4ca74992,1
1778,spring-projects/spring-ai,models/spring-ai-openai,34,d45ff8e984504ccf0655c6d2f86567756b1005d7,1
1778,spring-projects/spring-ai,models/spring-ai-openai,35,72e746db13430872be45dbee298a1e2441048e27,1
1778,spring-projects/spring-ai,models/spring-ai-openai,36,717e4195153f9b92579789413b3b4b87f59d0a0f,1
1778,spring-projects/spring-ai,models/spring-ai-openai,37,0d748e2b877f1ad532ffd7c00b8297cf82c68f1a,1
1778,spring-projects/spring-ai,models/spring-ai-openai,38,fbec267eca89396ea875e6ade81696bf21d14e0e,1
1778,spring-projects/spring-ai,models/spring-ai-openai,39,14e7033a8e4dee9e34d3b46de80ec2772c2b99a4,1
1778,spring-projects/spring-ai,models/spring-ai-openai,40,186175a96d4f4ac21d847aff91b1aa8b08af89b7,1
1778,spring-projects/spring-ai,models/spring-ai-openai,41,eef5f74b4cd3e6f9bc653d72383379b4f0c12f12,1
1778,spring-projects/spring-ai,models/spring-ai-openai,42,584138af28572d397fd5b99e7ef50d454d8ed2f1,1
1778,spring-projects/spring-ai,models/spring-ai-openai,43,bda702e8e14723614de4792f1ecf79ed50d7bea4,1
1778,spring-projects/spring-ai,models/spring-ai-openai,44,d9e7ace99617c9c82856879feb09de50448eb68b,1
1778,spring-projects/spring-ai,models/spring-ai-openai,45,76a1dbe747f9cdc13df13ef17cfb8967bfba8ea8,1
1778,spring-projects/spring-ai,models/spring-ai-openai,46,53a7af500b9940d0b251592be240caa0bf891fa8,1
1778,spring-projects/spring-ai,models/spring-ai-openai,47,593083980b4c966fa5ccaa8c711af8cc6e8ca714,1
1778,spring-projects/spring-ai,models/spring-ai-openai,48,1f59ccadad13f007f07a2389edc33923b6d710ea,1
1778,spring-projects/spring-ai,models/spring-ai-openai,49,c0bc6231a5884c56f8c07547d722a6df2db8a4e0,1
1778,spring-projects/spring-ai,models/spring-ai-openai,50,0024e4dd497be3222367508e5c99a37068afd966,1
1778,spring-projects/spring-ai,models/spring-ai-openai,51,8deb23afe1e5661809221fcaf98d424690d8476a,1
1778,spring-projects/spring-ai,models/spring-ai-openai,52,f18aac07b73a25c0e1efd5b48649079c04ef04fc,1
1778,spring-projects/spring-ai,models/spring-ai-openai,53,783e21966b79a247e01d78c098a97449f1521ecd,1
1778,spring-projects/spring-ai,models/spring-ai-openai,54,5527d037f2a8de5e4dd8d59ea1783807cdcaa852,1
1778,spring-projects/spring-ai,models/spring-ai-openai,55,ec95eeb250e371d017ceb5b359c2efb59fb57900,1
1778,spring-projects/spring-ai,models/spring-ai-openai,56,091fca2d163e757394f5b2a68d87934fc3388647,1
1778,spring-projects/spring-ai,models/spring-ai-openai,57,c347c6feaff4c4a5942302e7ebd464af5e7c28be,1
1778,spring-projects/spring-ai,models/spring-ai-openai,58,b657cf3baead4a464886fcd62ae47873ada1e20b,1
1778,spring-projects/spring-ai,models/spring-ai-openai,59,3acc206eb23b186bdab4b279b0a0c16e9f88be1d,1
1778,spring-projects/spring-ai,models/spring-ai-openai,60,d5423f26f1a3321000196001b850ca1eea3eef3e,1
1778,spring-projects/spring-ai,models/spring-ai-openai,61,722c77e812f3f3ea40cf2258056fcf1578b15c62,1
1778,spring-projects/spring-ai,models/spring-ai-openai,62,06edee406978d172a1f87f4c7b255282f9d55e4c,1
1778,spring-projects/spring-ai,models/spring-ai-openai,63,228ef10bfbfe279d7d09f2a7ba166db873372118,1
1778,spring-projects/spring-ai,models/spring-ai-openai,64,8acf4b99ffb1130f53ff5c4a5c59ba953071a045,1
1778,spring-projects/spring-ai,models/spring-ai-openai,65,9ca3a7d15ff3314265448622ffd3afa824efbb9b,1
1778,spring-projects/spring-ai,models/spring-ai-openai,66,4fe74d886e26d52abf6f2f5545264d422a0be4b2,1
1778,spring-projects/spring-ai,models/spring-ai-openai,67,10ff11da14122cc8575fb0f4e5bcf3a404d4a3c0,1
1778,spring-projects/spring-ai,models/spring-ai-openai,68,97f90b19d62076b0c1249c89c7dc3a2869cc367a,1
1778,spring-projects/spring-ai,models/spring-ai-openai,69,0e15197298c0848b78a746f3d740191e6a6aee7a,1
1778,spring-projects/spring-ai,models/spring-ai-openai,70,d781199b48f87ba817cce6810ca85579b8614003,1
1778,spring-projects/spring-ai,models/spring-ai-openai,71,ebfa5b9b2cc2ab0d20e25dc6128c4b1c9c327f89,1
1778,spring-projects/spring-ai,models/spring-ai-openai,72,6c9b4d6cd49d173bd3b806c98c1afff2b4ff76e1,1
1778,spring-projects/spring-ai,models/spring-ai-openai,73,9774b4eedc1e8121e315272a0861e3f34010a0e7,1
1778,spring-projects/spring-ai,models/spring-ai-openai,74,53019c69d16f6e4b048765a39bb62d92b6f33c7a,1
1778,spring-projects/spring-ai,models/spring-ai-openai,75,9de13d1b2fdb67219dc7afbf319ade789784f2b9,1
1778,spring-projects/spring-ai,models/spring-ai-openai,76,5f6c618f7629ba28c9742c36eba0ea46a40387f6,1
1778,spring-projects/spring-ai,models/spring-ai-openai,77,7739e1e54c13724935ab2b0172362bbd8ea75b70,1
1778,spring-projects/spring-ai,models/spring-ai-openai,78,7aa440e6bcac14c4b6755da24ad377d9d81d93fe,1
1778,spring-projects/spring-ai,models/spring-ai-openai,79,0c95cc396f0e739c52ca07cb0106c90f630c2a99,1
1778,spring-projects/spring-ai,models/spring-ai-openai,80,848a3fd31fadd07c9ba77f6dc30425389d095e9a,1
1778,spring-projects/spring-ai,models/spring-ai-openai,81,59b36d14dab72d76f2f3d49ce9385a69faaabbba,1
1778,spring-projects/spring-ai,models/spring-ai-openai,82,f5f02129b56bce42575e1f92ed8380d84c89198a,1
1778,spring-projects/spring-ai,models/spring-ai-openai,83,30a9638de889b2336a887ecd63bd4c2d3f95f4b3,1
1778,spring-projects/spring-ai,models/spring-ai-openai,84,f2940cffcea2efaeb453d1c2239641fc10a5e3ef,1
1778,spring-projects/spring-ai,models/spring-ai-openai,85,55ac78046d9aff9e797cb1ec0994396d671158c5,1
1778,spring-projects/spring-ai,models/spring-ai-openai,86,368be3a04f3b3c3d9566ed46b2bc64d46eb82d19,1
1778,spring-projects/spring-ai,models/spring-ai-openai,87,2f5d53fde044b380a4605ac0a867efc06103706c,1
1778,spring-projects/spring-ai,models/spring-ai-openai,88,5d6bbd93686686cd6f7d9e28c1de93093deeb9b9,1
1778,spring-projects/spring-ai,models/spring-ai-openai,89,fcd2803f36f35939c20ed152c9c1b0863fa35dcf,1
1778,spring-projects/spring-ai,models/spring-ai-openai,90,d93ab77d7055642714a4b0b82e086e0b05f45c8c,1
1778,spring-projects/spring-ai,models/spring-ai-openai,91,7466cb9527e59e77310a12234a80fdf71ecbda3a,1
1778,spring-projects/spring-ai,models/spring-ai-openai,92,1f2bd0878a96a5dbc8d212984bd95234451f47c1,1
1778,spring-projects/spring-ai,models/spring-ai-openai,93,3a527eeb987c18a9c57f27d5ef89fa81adca14b6,1
1778,spring-projects/spring-ai,models/spring-ai-openai,94,313aae0e8944c202e54e0996fcbb89c643d6dea9,1
1778,spring-projects/spring-ai,models/spring-ai-openai,95,a58cfd96f8c69b5e8dd619a6243c3c488f3b2e7a,1
1778,spring-projects/spring-ai,models/spring-ai-openai,96,64ea88ac9393fe289be91adc6d615cc97d8bdae3,1
1778,spring-projects/spring-ai,models/spring-ai-openai,97,ab88fea83e662c09904f42f2bf3096069c8f8852,1
1778,spring-projects/spring-ai,models/spring-ai-openai,98,4621c812cc3cad11f0508d0e56a1e7dd70f610c4,1
1778,spring-projects/spring-ai,models/spring-ai-openai,99,eb69a60df13371374932053d70eae303bc0164e4,1
1778,spring-projects/spring-ai,models/spring-ai-openai,100,cecc046c26ebc265a1355b43cc6b4bfbcd290ee4,1
2088,liquibase/liquibase,liquibase-standard,-100,225383ace427cbc8f596374ab18d9ae1902810cf,1
2088,liquibase/liquibase,liquibase-standard,-99,1d3a56915c389bec3f1106c7acc8cbaa9d7ae0c6,1
2088,liquibase/liquibase,liquibase-standard,-98,a0349539fc9fa71208e27a49305c14dc2ad81157,1
2088,liquibase/liquibase,liquibase-standard,-97,e5882c7345061ccf877fdcf92ebb223d76990ad9,1
2088,liquibase/liquibase,liquibase-standard,-96,1ee80730ee53e607cba4ae9805c05e1929224e34,1
2088,liquibase/liquibase,liquibase-standard,-95,bc8fddead505148a36cc003e16891fd90eb78584,1
2088,liquibase/liquibase,liquibase-standard,-94,1318d510c49f1d2db0878c6fba966d2899ff925e,1
2088,liquibase/liquibase,liquibase-standard,-93,1b95dea6926a4b6235ab446e8aeb8e33198bbeba,1
2088,liquibase/liquibase,liquibase-standard,-92,3740823fe4d6a14d6fec79206e0b293212f0e072,1
2088,liquibase/liquibase,liquibase-standard,-91,179bbdb7803e13c3b3d2ea41786024af2f8a3893,1
2088,liquibase/liquibase,liquibase-standard,-90,90cc0b245a0e7dfb136723f47295f8158379f6eb,1
2088,liquibase/liquibase,liquibase-standard,-89,53b476eb84df58ce6c979b9679c77952a7fcaf09,1
2088,liquibase/liquibase,liquibase-standard,-88,a413c23f5c2dfb72bf4fbd51881fd0ce88bd3636,1
2088,liquibase/liquibase,liquibase-standard,-87,abe61c8fb9957a9b4d59c3e54cd178a6bff50826,1
2088,liquibase/liquibase,liquibase-standard,-86,dd20cf144b2be1b5fcd3f9e7a999aa7786e2dd41,1
2088,liquibase/liquibase,liquibase-standard,-85,b52c8925e5b47c739a39aea165a03fad5d76a686,1
2088,liquibase/liquibase,liquibase-standard,-84,44cc691ac8617341ed615ca7ac9646c7325de6e5,1
2088,liquibase/liquibase,liquibase-standard,-83,258ac4c2a01f7d36e4d9bda423c8c07fb1bf1008,1
2088,liquibase/liquibase,liquibase-standard,-82,d56f74039305e916f44b7493a99fdac29643fac2,1
2088,liquibase/liquibase,liquibase-standard,-81,ff672ded7121625e7c6b275907fd8d187ebac043,1
2088,liquibase/liquibase,liquibase-standard,-80,d1dcdde6077b17c78cf0f7d743bf9dd2b13909e3,1
2088,liquibase/liquibase,liquibase-standard,-79,946f4e47be62f710458e1adf29745301e0e7c95a,1
2088,liquibase/liquibase,liquibase-standard,-78,89a3c3bc0bd211c8c5862af54d7fb9a22a5577ca,1
2088,liquibase/liquibase,liquibase-standard,-77,dd7d32410bb4bae20f3e7fc237f2c6da5dbd3300,1
2088,liquibase/liquibase,liquibase-standard,-76,1f69299231c4bf439c3ffb98b257b9f384f91372,1
2088,liquibase/liquibase,liquibase-standard,-75,052f67f0b0fcf7abd6e5e72c9112c46ae4168c24,1
2088,liquibase/liquibase,liquibase-standard,-74,4055e1ad8605079e9244c70937429bb6bd8541db,1
2088,liquibase/liquibase,liquibase-standard,-73,7b56aaea8824acfebf0e7e0e005e04dac1eee889,1
2088,liquibase/liquibase,liquibase-standard,-72,ff717ee506fd0aa7a400931de70a6d3f0e255b2b,1
2088,liquibase/liquibase,liquibase-standard,-71,bf2fc4770e244c28d5ddd7d5fcc19126d259746b,1
2088,liquibase/liquibase,liquibase-standard,-70,e69dc5804726701e8ad57ee7960ead4263aadb7a,1
2088,liquibase/liquibase,liquibase-standard,-69,76951d6ea7322c4e8f9a32293b3a306d0515b247,1
2088,liquibase/liquibase,liquibase-standard,-68,33a400bd59967c2c4677823e69356c05e70f69d9,1
2088,liquibase/liquibase,liquibase-standard,-67,2f20e7a7a873c30ec62805008ed151201ca7f368,1
2088,liquibase/liquibase,liquibase-standard,-66,68d1e036cc05abd08a55a495f26af1b0a92d7056,1
2088,liquibase/liquibase,liquibase-standard,-65,2c2170ec0be7c47f0684037d27a6488eb5f4d3f1,1
2088,liquibase/liquibase,liquibase-standard,-64,ccc333175776e6981c335fddfdd577d627f6027b,1
2088,liquibase/liquibase,liquibase-standard,-63,c492c4310289242179dd29b40fe8940af3a1fed5,1
2088,liquibase/liquibase,liquibase-standard,-62,f337b4afd25afe0902500fcbe0ffffc24b6cf718,1
2088,liquibase/liquibase,liquibase-standard,-61,28e3fa52b909262c82880c30b054d0ee1d5ccfb4,1
2088,liquibase/liquibase,liquibase-standard,-60,4db540bfdc3f03c492c562f6fb5a9a7e52f7bab8,1
2088,liquibase/liquibase,liquibase-standard,-59,2c04047c8f462341c1200faf0d1c768c80236b96,1
2088,liquibase/liquibase,liquibase-standard,-58,3db80b4197d727b325ba18df02b298e7d92166dd,1
2088,liquibase/liquibase,liquibase-standard,-57,789c5e6a0209366b9f6e0cead157c5db7d96573d,1
2088,liquibase/liquibase,liquibase-standard,-56,38cc3e90c49f99b582de177951bf9052a7ed9863,1
2088,liquibase/liquibase,liquibase-standard,-55,3082aa602b218b6dda1081a55502ac3bcb0a3f35,1
2088,liquibase/liquibase,liquibase-standard,-54,b31ad5ac725853fca5ea2be70a669badf1cc2f18,1
2088,liquibase/liquibase,liquibase-standard,-53,33ced29f26c87dca7d9b77a8e0729524f91d5d2d,1
2088,liquibase/liquibase,liquibase-standard,-52,7d7f21246f1a9c115b1af32ad5e50856691bbbbd,1
2088,liquibase/liquibase,liquibase-standard,-51,cfe542c18e52871a0425b9202cd6f3afa9b64575,1
2088,liquibase/liquibase,liquibase-standard,-50,28ab1facd7357c912f9ab453923201b3b020138f,1
2088,liquibase/liquibase,liquibase-standard,-49,8c2beb7961d0c8ebbced13fa956cd236c4f4b1dd,1
2088,liquibase/liquibase,liquibase-standard,-48,c382cd37c5175fabbab7d343e1c90e0aa94420ec,1
2088,liquibase/liquibase,liquibase-standard,-47,f1faad6cf7d7cbf29c6d90f7acf958a93063851c,1
2088,liquibase/liquibase,liquibase-standard,-46,a7fa2ee68957339ca641d60153f51d8556931604,1
2088,liquibase/liquibase,liquibase-standard,-45,50dbd2a6f31f5ddd000762781c9c9a52544af68f,1
2088,liquibase/liquibase,liquibase-standard,-44,4314b449e08b77e672bb44427ed09bd5ccf57745,1
2088,liquibase/liquibase,liquibase-standard,-43,0822cbdcf1c6c78b050a4a7d0e89954e0ec6dceb,1
2088,liquibase/liquibase,liquibase-standard,-42,838f8681386c16edc512be8f6aa1c6822d989890,1
2088,liquibase/liquibase,liquibase-standard,-41,08ac7ff08616d4ef60796f0db74ecacc47f8a4bd,1
2088,liquibase/liquibase,liquibase-standard,-40,a27248bf32bdd5aa5551da25dca67e3c78d67c20,1
2088,liquibase/liquibase,liquibase-standard,-39,bee9458ba45bcaea35904e1ba22b8837f7c3c51c,1
2088,liquibase/liquibase,liquibase-standard,-38,fa399319cfe6ae8336ec4923d18da3900df2ebcb,1
2088,liquibase/liquibase,liquibase-standard,-37,3b735c4f188c2fb2105d3b664b1eeecfa03d305f,1
2088,liquibase/liquibase,liquibase-standard,-36,894ddf4006dc9aaf5a6dc58fe625f905248b960b,1
2088,liquibase/liquibase,liquibase-standard,-35,1db5d6a96919d81e92e9ccd605feb9c29b7902a4,1
2088,liquibase/liquibase,liquibase-standard,-34,ac02a7c45e210f570b7891ba97d199510c3f58d4,1
2088,liquibase/liquibase,liquibase-standard,-33,e619c31de710ed0c205d6827914a8b533e676c28,1
2088,liquibase/liquibase,liquibase-standard,-32,fa9b803224f6ed75c884d2e0fdd8f16ec9f20de7,1
2088,liquibase/liquibase,liquibase-standard,-31,32facb07d01b380e8a61557a3e86c00ffbcc8bca,1
2088,liquibase/liquibase,liquibase-standard,-30,05e86dd044cd11c676c5576c2dace4c973384c2e,1
2088,liquibase/liquibase,liquibase-standard,-29,c866127005d4cfa9b8216fbfd5294673b0e93002,1
2088,liquibase/liquibase,liquibase-standard,-28,3f03a6b57cba0d9612415226d7fc4438203b17c8,1
2088,liquibase/liquibase,liquibase-standard,-27,255becc1c85f6129e4c798c0d1d27c9221ceef2b,1
2088,liquibase/liquibase,liquibase-standard,-26,8edd46c8d6cf2cac81eb814a494f64b78e8ddf98,1
2088,liquibase/liquibase,liquibase-standard,-25,dba1a5a6c0a2d2ba21f501217c41c8299c917d02,1
2088,liquibase/liquibase,liquibase-standard,-24,a1af29b6b9bfbafb4d7bcb4ce1f7141e7017096b,1
2088,liquibase/liquibase,liquibase-standard,-23,73cf510ae6ddc88d18d61df66a1e84183d221047,1
2088,liquibase/liquibase,liquibase-standard,-22,9709b539c42bf6a1e7ab760b3f9dc5365d9d324e,1
2088,liquibase/liquibase,liquibase-standard,-21,afc487c973d168430d1bed8d3446a0970e5db7be,1
2088,liquibase/liquibase,liquibase-standard,-20,475ae39a667ccb523ac4ae52e7e6e9c9d5eeec29,1
2088,liquibase/liquibase,liquibase-standard,-19,da95bd9868471dfec0bd27d1d39b28997d6ac604,1
2088,liquibase/liquibase,liquibase-standard,-18,b50087ef33f3a473d740ab94ce4382da098920c1,1
2088,liquibase/liquibase,liquibase-standard,-17,e748acc2a4222d8ade07b4d118cffc59c27bf422,1
2088,liquibase/liquibase,liquibase-standard,-16,cbef0a2ad748b20799bb9aa0959f021abdc78639,1
2088,liquibase/liquibase,liquibase-standard,-15,32de1cfdaff53723b65c8a1d4c8629ec98d5c8fc,1
2088,liquibase/liquibase,liquibase-standard,-14,2119a0f68d1c2bdeaa7c9a37feb392a2c19a2d95,1
2088,liquibase/liquibase,liquibase-standard,-13,ff2b0c961df21769f983df4a798dcbf17ea176a4,1
2088,liquibase/liquibase,liquibase-standard,-12,c4848597bb39ecd60b741825cc355fc29d07505a,1
2088,liquibase/liquibase,liquibase-standard,-11,1c27df5bc927cba4feee63a4bc2d5b16d45fef9c,1
2088,liquibase/liquibase,liquibase-standard,-10,a4da538d7d9970deae977ff4fd01bcbf1b254836,1
2088,liquibase/liquibase,liquibase-standard,-9,bcb5a5ba479d79b469892f3739ca61e4bd63cd7e,1
2088,liquibase/liquibase,liquibase-standard,-8,273c06cf75af302a64b4828ea6d455256ca9beaf,1
2088,liquibase/liquibase,liquibase-standard,-7,78b17ce838f42b97144c8f8fee206e9173a4da44,1
2088,liquibase/liquibase,liquibase-standard,-6,a181c5fd044796b60d1ca015c3b8b72a4bc07bd8,1
2088,liquibase/liquibase,liquibase-standard,-5,12d2373bb26726c15945c42715745bc3e522ee0e,1
2088,liquibase/liquibase,liquibase-standard,-4,213845e4c9356fcfdf4cc53ea2d34916308f8581,1
2088,liquibase/liquibase,liquibase-standard,-3,387958b4637d15b0fbb0aa77aef814262fc37e36,1
2088,liquibase/liquibase,liquibase-standard,-2,f1262983147ec7dbab3c89a67e81efb21c7972a9,1
2088,liquibase/liquibase,liquibase-standard,-1,70bafe27de680b9b5b1500100a580cbd06a12bf7,1
2088,liquibase/liquibase,liquibase-standard,0,2f474fb30aefb132670d7804cdf005a546e3243c,1
2088,liquibase/liquibase,liquibase-standard,1,e68abdcb99333ff9efaefeab8588352cc6c3bb3b,1
2088,liquibase/liquibase,liquibase-standard,2,4cd35094d1dd76011bd99a89d81213fa75e4f87e,1
2088,liquibase/liquibase,liquibase-standard,3,d4250c06070b3c5e569e64d1af49dc696abef0e5,1
2088,liquibase/liquibase,liquibase-standard,4,509e5751dd993d9e0d58e2664e31921528667494,1
2088,liquibase/liquibase,liquibase-standard,5,bb867230fee9a0252ab6697ca89861c4492bf7aa,1
2088,liquibase/liquibase,liquibase-standard,6,b2e968bf426a51f0b9c0592f1063f9d9ea78a764,1
2088,liquibase/liquibase,liquibase-standard,7,62748656385017cf1ed46ae29862a5d6f2f44795,1
2088,liquibase/liquibase,liquibase-standard,8,84c2336570652463c81a7a669e342bbc214533ce,1
2088,liquibase/liquibase,liquibase-standard,9,688aab953cc60db93dbaf84ea9bf3d61f713fd32,1
2088,liquibase/liquibase,liquibase-standard,10,32d86d74ea9f1a2a15a43304fb36eac88f29a54c,1
2088,liquibase/liquibase,liquibase-standard,11,dad41e55b73abfe49232ab8d4bbde93d318c63e0,1
2088,liquibase/liquibase,liquibase-standard,12,e402ce0f15cfd2c1528eab503d6ba0e327626515,1
2088,liquibase/liquibase,liquibase-standard,13,1b444ca439e2cbd8c13da4e1e6ba0487f76a9b43,1
2088,liquibase/liquibase,liquibase-standard,14,6c524fca6d8f0d5828ad30812ec0334407b55751,1
2088,liquibase/liquibase,liquibase-standard,15,469bbcb973e02ae301e0c41d32a0ffddfce1d6be,1
2088,liquibase/liquibase,liquibase-standard,16,3931f2da9205e51c1a44e709ffbaca4822ee4740,1
2088,liquibase/liquibase,liquibase-standard,17,a725877cd91fc6e9fcd72e9e76f12ed0fe2cca03,1
2088,liquibase/liquibase,liquibase-standard,18,2f947b5cda0b6d9a65d9ffc6683277eb5c7e97ce,1
2088,liquibase/liquibase,liquibase-standard,19,2654de2f47d1bea6d6fad185d7acee110e8edfdf,1
2088,liquibase/liquibase,liquibase-standard,20,d534727e88c6ecd17678ee92fe27276deb5c865a,1
2088,liquibase/liquibase,liquibase-standard,21,9cf8ff14ccdca1184ee1bc2bbbd8c5256dab09c9,1
2088,liquibase/liquibase,liquibase-standard,22,e79ffc5e3d92ce013f1487c64ce370a370b786ce,1
2088,liquibase/liquibase,liquibase-standard,23,e6f1b3a11a6b24966a013518e9d072b2f4621708,1
2088,liquibase/liquibase,liquibase-standard,24,06a1a239b5802a78ef385f77c3387c1d6c6edef3,1
2088,liquibase/liquibase,liquibase-standard,25,239060261fda10571d723bbbb3274843d48e5706,1
2088,liquibase/liquibase,liquibase-standard,26,3c3779fc64d854be4d716b820b124710f9d8db77,1
2088,liquibase/liquibase,liquibase-standard,27,2ca49dd4a03d9f5934d985bd565f3ea4884bf378,1
2088,liquibase/liquibase,liquibase-standard,28,7a0844651dde5691f10273d95830c6f287c567dd,1
2088,liquibase/liquibase,liquibase-standard,29,afbed8b944fa334e472fa9c5f5b286b8b604534c,1
2088,liquibase/liquibase,liquibase-standard,30,3970db84fe5aabe70910695c8e4d80e364ae4be7,1
2088,liquibase/liquibase,liquibase-standard,31,80cb7bea44f2b390e315fc1094de7987f0186f10,1
2088,liquibase/liquibase,liquibase-standard,32,751724ed6c98bc1f91067880278fda59e99b72e2,1
2088,liquibase/liquibase,liquibase-standard,33,38d5a6d4527add881e9c8593b85cad9fef80445f,1
2088,liquibase/liquibase,liquibase-standard,34,6ac715f9f9120d8e1996f913c4b694f6400b3c07,1
2088,liquibase/liquibase,liquibase-standard,35,9dace5fb22d0d9da5c3abacdef0dfea74c64c890,1
2088,liquibase/liquibase,liquibase-standard,36,e3a471e69a19127217a6c4fbc5c8c2075d14e9ff,1
2088,liquibase/liquibase,liquibase-standard,37,2983275001f2fe7e662ef4b0c25534a5ad260734,1
2088,liquibase/liquibase,liquibase-standard,38,a03ac61b8a85625242923b923d021d2bd0d25e1f,1
2088,liquibase/liquibase,liquibase-standard,39,1e4a566e28f051e9dcd3078ed031f31e42d4a6ca,1
2088,liquibase/liquibase,liquibase-standard,40,970e73875635680af2773df9c7503b7f84a9b5af,1
2088,liquibase/liquibase,liquibase-standard,41,a11dbd789b17265c4db3765b4a6b4108266a94b8,1
2088,liquibase/liquibase,liquibase-standard,42,9aadddffe2a48f9234e523478c7727e1234b8169,1
2088,liquibase/liquibase,liquibase-standard,43,b96048315b13688c21031398cc852c0e5a03a616,1
2088,liquibase/liquibase,liquibase-standard,44,8bb21270adebb7495b3042e235edf8e1e262b0b2,1
2088,liquibase/liquibase,liquibase-standard,45,c286b4bfc5b4137412e84e4f21f73951b70fa035,1
2088,liquibase/liquibase,liquibase-standard,46,d71143f7e863070151095b3d8475591426ecf55e,1
2088,liquibase/liquibase,liquibase-standard,47,e55ed38d96395bfd8a74c0cce89d4b6511b7d586,1
2088,liquibase/liquibase,liquibase-standard,48,11d75aedf021e56ad1b22ae22678d82992a6eb02,1
2088,liquibase/liquibase,liquibase-standard,49,fcd51a7f0fde6d8339ea7bee64fb7ebac0301f70,1
2088,liquibase/liquibase,liquibase-standard,50,3e72f2f7b2d1c6209d61b04b5ddae68edab7016b,1
2088,liquibase/liquibase,liquibase-standard,51,69d2e5f012c6936cbf771d78a76283a4b7695bbc,1
2088,liquibase/liquibase,liquibase-standard,52,8346c292b9ca39b37a1d2da3a8533aaf4f4f815c,1
2088,liquibase/liquibase,liquibase-standard,53,2fb919a2ebd22edec66de11df9c40a8555226211,1
2088,liquibase/liquibase,liquibase-standard,54,9dff93684fbe99000245b2adcbd647b554e78413,1
2088,liquibase/liquibase,liquibase-standard,55,270761c2e795ea2962ecec38181f079849e61866,1
2088,liquibase/liquibase,liquibase-standard,56,f6f67a6e3c00a365711e3bbda1ae36a4ef325c2e,1
2088,liquibase/liquibase,liquibase-standard,57,766f466c84af9dfb9d62e4ac9314b30e1072e1ef,1
2088,liquibase/liquibase,liquibase-standard,58,38960ac66c7a783dc7a9f7d597b666b18b15eace,1
2088,liquibase/liquibase,liquibase-standard,59,01021693adb26878bb3eae54b4d693f4f8f76d77,1
2088,liquibase/liquibase,liquibase-standard,60,cabc14e0a35197ac23ad6b2e9775a71f09515a13,1
2088,liquibase/liquibase,liquibase-standard,61,b95df756ebca6c3562461ea76933a2e2468da5bd,1
2088,liquibase/liquibase,liquibase-standard,62,7863041bf261a25ed5e9400fcfc9c25737c035eb,1
2088,liquibase/liquibase,liquibase-standard,63,b7407e43ab0f129f37a688e18250a3b55f44d05e,1
2088,liquibase/liquibase,liquibase-standard,64,5270d47a22d6761e678705602763f674ff0f4897,1
2088,liquibase/liquibase,liquibase-standard,65,7b431546de9d743f1b1e3129027ac661287f1a81,1
2088,liquibase/liquibase,liquibase-standard,66,fdfde897660c0ce580715615d10eda289e7246bf,1
2088,liquibase/liquibase,liquibase-standard,67,ab889f2d7ea8b4fe492b975ce488ea955278e0b0,1
2088,liquibase/liquibase,liquibase-standard,68,1b20ab224111ddaeaeb2f1b2c1f36da9d4a0bb8f,1
2088,liquibase/liquibase,liquibase-standard,69,cc0e85736db4e5c025ff3739f5337ac8610f3525,1
2088,liquibase/liquibase,liquibase-standard,70,cdb0f980b3f82105bc756bb38b492c339b6f70da,1
2088,liquibase/liquibase,liquibase-standard,71,67fbc71f9c4b99edf2a85184a58cdd524f1522a3,1
2088,liquibase/liquibase,liquibase-standard,72,48be78adf73868d3694de875d5a76a5c98389481,1
2088,liquibase/liquibase,liquibase-standard,73,c13aa45f47386e35b7564f67188177ad18fb2155,1
2088,liquibase/liquibase,liquibase-standard,74,2fcccc2bc76771372577cbaae4271d3946b55ba7,1
2088,liquibase/liquibase,liquibase-standard,75,90fbd2552b417cafff04a94631a4aafd9a23ed33,1
2088,liquibase/liquibase,liquibase-standard,76,078a2619c4a1f81da2a9b69dd3de366bf347052d,1
2088,liquibase/liquibase,liquibase-standard,77,e872b1bccf034670e4e87a03a6cf4bfccf38436d,1
2088,liquibase/liquibase,liquibase-standard,78,cc8a1b2024450c159d9abe5d6f11804a1e65a5c1,1
2088,liquibase/liquibase,liquibase-standard,79,26efdf6392e6d08bf35995acbfcb887a52afe2ba,1
2088,liquibase/liquibase,liquibase-standard,80,281dcad71f2ea4b10a1f9240dff629ab8b080575,1
2088,liquibase/liquibase,liquibase-standard,81,9ccbb52cc3c3a2c11f657d935cbf63d3fc8f3e06,1
2088,liquibase/liquibase,liquibase-standard,82,86d832338628bf6a05edb297afb791215c156683,1
2088,liquibase/liquibase,liquibase-standard,83,7c90f8adf26abe7d93a3393989d9298774614cd9,1
2088,liquibase/liquibase,liquibase-standard,84,69a7df2f609db6918cae721696f139549f72adb4,1
2088,liquibase/liquibase,liquibase-standard,85,51b3134934ba3a1243d080b3ff482e471395b18f,1
2088,liquibase/liquibase,liquibase-standard,86,05218dcfaf6e99e6cd611d6830cc0741bd90d619,1
2088,liquibase/liquibase,liquibase-standard,87,f0d5c4a733900a53d82c2686e6eddd882ee54993,1
2088,liquibase/liquibase,liquibase-standard,88,278f62b1f3334537b822ce54718a82972d0e70f7,1
2088,liquibase/liquibase,liquibase-standard,89,9c8f11fe502819973eec74625b208e35e9c48ee4,1
2088,liquibase/liquibase,liquibase-standard,90,f8bb5963cb4e45e70192f348e135eac3c815e933,1
2088,liquibase/liquibase,liquibase-standard,91,7d8b5b7f114ea724ab151e0d4c9ded5450795c42,1
2088,liquibase/liquibase,liquibase-standard,92,bc566aa8423d88bb7e19fb08e3aff9c002e17fe8,1
2088,liquibase/liquibase,liquibase-standard,93,1b37d12dba42bf6a306a9a13e151ce589c9eea14,1
2088,liquibase/liquibase,liquibase-standard,94,45e646dd11a2a10f4a4c102b7a486860303dc15d,1
2088,liquibase/liquibase,liquibase-standard,95,f46d9416eacb8b36a8d3ddfdf9055b1e7968ff74,1
2088,liquibase/liquibase,liquibase-standard,96,42f7ca9818db524f737864a8cea23dc551900171,1
2088,liquibase/liquibase,liquibase-standard,97,46d1e32eed10e9990485706a6f14096e4fc23821,1
2088,liquibase/liquibase,liquibase-standard,98,abb93a67fd8302dffa46ca9d3dffc0e683bab4be,1
2088,liquibase/liquibase,liquibase-standard,99,2c742752e71c9c8830cead8d0636d2ee440b2d30,1
2088,liquibase/liquibase,liquibase-standard,100,8a6ca1e8812204ecfe89679a6409b6e7f9d0d5e5,1
3320,apache/curator,curator-recipes,-100,3478aca7ed6852484b5574a6082f4bb75c04a1e0,1
3320,apache/curator,curator-recipes,-99,ee5d65463b73abb2a2b732fb02729239b183519d,1
3320,apache/curator,curator-recipes,-98,0a3e8490b64ad8466989726ac6215b357fed3152,1
3320,apache/curator,curator-recipes,-97,125dc969942a89f498b06e190cb38f9819c7bb37,1
3320,apache/curator,curator-recipes,-96,2ae72d67a499c92a6ca0bea795d28b13b54d8b0c,1
3320,apache/curator,curator-recipes,-95,52c9c7d6fecb8df5eb93f0f5a28a2cf3f6268091,1
3320,apache/curator,curator-recipes,-94,6d392ecb929b292ea9438b0e177c4bbab2c3953b,1
3320,apache/curator,curator-recipes,-93,144977f8bc94115fac53163f81310aff0d50c78d,1
3320,apache/curator,curator-recipes,-92,0b699a368bbb5f3c72ab609fa590bf225c2a2d7a,1
3320,apache/curator,curator-recipes,-91,2342578f424230ee9dd0abfd47f0042f9c422343,1
3320,apache/curator,curator-recipes,-90,cc49ae91f298243f80689a7f879bd9529133755e,1
3320,apache/curator,curator-recipes,-89,a47ab1e1d685fd1792ffd8d4e01412c91bb3dbe2,1
3320,apache/curator,curator-recipes,-88,8e7fbac86dfe14f18a540a6a10c75f5bfe74120a,1
3320,apache/curator,curator-recipes,-87,8b9f7d5ce0369976f766745069be62e2b126ef22,1
3320,apache/curator,curator-recipes,-86,87a145ca3346cd1bab8a4fbdc3b1d3d9fe237dc7,1
3320,apache/curator,curator-recipes,-85,08102b0f09f1b1ac79699d121bca8076853f4e44,1
3320,apache/curator,curator-recipes,-84,127efd5ee1fc186b5027717119c953c85267f506,1
3320,apache/curator,curator-recipes,-83,1571588f85d03326542af54e4ddd4212729e0c1f,1
3320,apache/curator,curator-recipes,-82,7d44baee3d87890b67fc4900f204bb5111368079,1
3320,apache/curator,curator-recipes,-81,0fc0cbec1ad65d108e2c239f7a6ddfb93f3ed2b0,1
3320,apache/curator,curator-recipes,-80,2672049482abea4fba1354e7e583e197cdc5c61e,1
3320,apache/curator,curator-recipes,-79,6d41d4a8025a8c982fc8fbd1c92b5cd9a3e3dacc,1
3320,apache/curator,curator-recipes,-78,bec1443c9cb04f512df8145fbbaaca7c1c6511b4,1
3320,apache/curator,curator-recipes,-77,1826b66d72f6e543a57aaf5f3acc3cd9ca6e965d,1
3320,apache/curator,curator-recipes,-76,302661a7af89d4101a9751acfa4897c45fcc44d9,1
3320,apache/curator,curator-recipes,-75,00ffe77951a88ea12c60a506a9beff1ae78de300,1
3320,apache/curator,curator-recipes,-74,da7f18c618eb51e6aaaff7b10f79240cefaf0183,1
3320,apache/curator,curator-recipes,-73,b84d351a5f3c44ab5450c690b462388cb0a90697,1
3320,apache/curator,curator-recipes,-72,96cb3374f1170afd1b3a5f7ac0fe82d79636a093,1
3320,apache/curator,curator-recipes,-71,abaabb5f65c2161f77527165a15d2420f6c88219,1
3320,apache/curator,curator-recipes,-70,086c5b4152cdb045e7bb4818d9cef925e88ed313,1
3320,apache/curator,curator-recipes,-69,ed3082ecfebc332ba96da7a5bda4508a1985db6e,1
3320,apache/curator,curator-recipes,-68,3ee1fdb809996a3bd07809fdbac6c66b3dc9fd94,1
3320,apache/curator,curator-recipes,-67,b1ffac9145750e03c01c4ce6823f4a8536054a1e,1
3320,apache/curator,curator-recipes,-66,0f5d10da38626494ae4d0e3339a2a35f270b0edd,1
3320,apache/curator,curator-recipes,-65,174faef5f0de10626c616d2a25eb9fb1e5572966,1
3320,apache/curator,curator-recipes,-64,5de6b818a8180291a6769e8db7d14b370dfb5221,1
3320,apache/curator,curator-recipes,-63,7442357b7e6dc76ff76c6bc6a3d361b65815f626,1
3320,apache/curator,curator-recipes,-62,4ad1fb8e5867648e311200edbba773b203c546ad,1
3320,apache/curator,curator-recipes,-61,3b9d60626bd5f469dbe0be37a4f952ed2f7dd15e,1
3320,apache/curator,curator-recipes,-60,34be09a44c7a941a95245a5bc31a11771e4f7e86,1
3320,apache/curator,curator-recipes,-59,0641243f75d25a92a9ceb811e8e2611a1e95869e,1
3320,apache/curator,curator-recipes,-58,58bc969fecc01a1947dd272300d4fb305d221ea2,1
3320,apache/curator,curator-recipes,-57,242b7011a7b8344f772c1a4497aadf6de16d73f5,1
3320,apache/curator,curator-recipes,-56,097083c4a2cd2e252c6f3b57e3e837e4a9ecabc9,1
3320,apache/curator,curator-recipes,-55,20a3db363273429cec80f511a32a737886c6f3c8,1
3320,apache/curator,curator-recipes,-54,96340af1d1525b2c5bf50adccc499c6917ff7563,1
3320,apache/curator,curator-recipes,-53,42ee566f4f93cf074b93eb08266634d2e993bf4c,1
3320,apache/curator,curator-recipes,-52,73cdf1608460c8187928febcd3829ad4ebec8951,1
3320,apache/curator,curator-recipes,-51,4d160aaa7d0ef5dedac0f0b1972160089e07be1d,1
3320,apache/curator,curator-recipes,-50,2b5aa1c31016ea01f5ac8162c13c2b8e73b0b8bc,1
3320,apache/curator,curator-recipes,-49,abe2babd8300380299b6afb83986ed3741f1aa46,1
3320,apache/curator,curator-recipes,-48,ac0b489287256dd2413789957ed7c9a8478061ab,1
3320,apache/curator,curator-recipes,-47,0cc62d64442e088bcaf9a8c43c14b28be12c87af,1
3320,apache/curator,curator-recipes,-46,8d52ecbc5ae712a891c3567a0f12818aad3edddb,1
3320,apache/curator,curator-recipes,-45,15eb063fa22569e797f850fb8d60a0949f52fbf5,1
3320,apache/curator,curator-recipes,-44,e40bda2e986345aa9025f13eedbeaebaec5d2125,1
3320,apache/curator,curator-recipes,-43,2f1ed8f98ca158efd5cc4db650e759d1f6694638,1
3320,apache/curator,curator-recipes,-42,64925a4e46f17a710d2a77a6b241a3ecfddd467b,1
3320,apache/curator,curator-recipes,-41,d502dde1c4601b2abc6d831d764561a73316bf00,1
3320,apache/curator,curator-recipes,-40,6d36a4793b31cdacaf4bbf6554e05d68bc680001,1
3320,apache/curator,curator-recipes,-39,21b0877842d12c61f5c8c7f886d596809e12a628,1
3320,apache/curator,curator-recipes,-38,e2d243e9c1e63cc720a259e33ec296102b459067,1
3320,apache/curator,curator-recipes,-37,de4432e84c1d0e8cdf84e5f404a70c8abbe99de6,1
3320,apache/curator,curator-recipes,-36,1c7be856fb514015286855f1ad9fd89069c32906,1
3320,apache/curator,curator-recipes,-35,939d7dce21341f0f9997b7853a3f5cda63067aea,1
3320,apache/curator,curator-recipes,-34,043270a58ba861717379dc5963e1febfced09c9a,1
3320,apache/curator,curator-recipes,-33,770a0f948e211ed6f794e318cf7722dff1fa1c0a,1
3320,apache/curator,curator-recipes,-32,6978b09d800ad5d367a88f5ae7cf8ed099a9ca7c,1
3320,apache/curator,curator-recipes,-31,99acafea6ad90175ff90d9bef12f491142c600fc,1
3320,apache/curator,curator-recipes,-30,2cc3f1f1f8aff8d817e65c8aa18124a5023e7c17,1
3320,apache/curator,curator-recipes,-29,f57206d6bd1744a71f7416438e010775f2e50adb,1
3320,apache/curator,curator-recipes,-28,f9128a87c837fd4a687c3d54c73ea779e46085fc,1
3320,apache/curator,curator-recipes,-27,b91036be07aaddc4ed2d81615b08b33075e923af,1
3320,apache/curator,curator-recipes,-26,97e76919ae0056985aacc786d6c440fb779a6877,1
3320,apache/curator,curator-recipes,-25,ddfcbc1e37fa9e8a9018f2c0d85b7f125efe173c,1
3320,apache/curator,curator-recipes,-24,b0cd91908973ff0b2ec3f5b5d117f51a514d9cd0,1
3320,apache/curator,curator-recipes,-23,aea4086f802a70670a9714a2325a1b6451ddb20e,1
3320,apache/curator,curator-recipes,-22,49d08ccca27113b24bceb74ed372fd7b5910994b,1
3320,apache/curator,curator-recipes,-21,4c993572f01e1368bd6898cf1fc6ab3eb59d8688,1
3320,apache/curator,curator-recipes,-20,b94844af500054dc6aa1b342e2ea3665de5f232f,1
3320,apache/curator,curator-recipes,-19,f49a6d10748ee9ad8bbc951fa9bea92e4ebbf6a8,1
3320,apache/curator,curator-recipes,-18,2d4aa5778aaca926e59e3fd3dcec6c46e4fbe1b4,1
3320,apache/curator,curator-recipes,-17,123a739f258d3d1c35e28454168a209936e51cde,1
3320,apache/curator,curator-recipes,-16,f91adb22e83d8e47b99ad98f8c13c86251bc4cb3,1
3320,apache/curator,curator-recipes,-15,239c93eb60a0cee44a92c37d9651888acf380f42,1
3320,apache/curator,curator-recipes,-14,df073e215f2f15fe6091ade5771b389600c34577,1
3320,apache/curator,curator-recipes,-13,73ce867cbfd5b9ea04b20f43e81837881f23277f,1
3320,apache/curator,curator-recipes,-12,5751526d4819d95d721f8ff7d26a29aa781996dc,1
3320,apache/curator,curator-recipes,-11,e6defc42c10fd48fa1b752fafa17983a4b55b074,1
3320,apache/curator,curator-recipes,-10,eada598fa1e85dbd89bc0289c30e6eb01fea46e4,1
3320,apache/curator,curator-recipes,-9,7f1c0dd83faec7ad7c50eabb88a62c1e31e39f87,1
3320,apache/curator,curator-recipes,-8,96f186abc3e4977eaac580054bd8a3cdfa79d22a,1
3320,apache/curator,curator-recipes,-7,a162f5b4606277e87f93b93e47c32237490846e1,1
3320,apache/curator,curator-recipes,-6,b18af513b4851c8ecb9486a957971d7dfa179ceb,1
3320,apache/curator,curator-recipes,-5,2e980e73d773d8ef28679012cc2f1e17e0365bcd,1
3320,apache/curator,curator-recipes,-4,48bd7670af41e1f5d33f77467c9ed54a73a2210e,1
3320,apache/curator,curator-recipes,-3,0a00aca63392f258426925ed5837d8d54e2959fd,1
3320,apache/curator,curator-recipes,-2,a6167b693db0abf67a4b5fead705474cbe4bc986,1
3320,apache/curator,curator-recipes,-1,0dd7ce3bc23068eedac7bbf2785eacac6b2fe62c,1
3320,apache/curator,curator-recipes,0,dc6e78513aa076545552b2661940f6ed4bcc5e75,1
3320,apache/curator,curator-recipes,1,b18a4316aa3198fb2909cee46aff774dc21f8953,1
3320,apache/curator,curator-recipes,2,fa3f84d3506a6a780d8d722468853fdf0ef7545c,1
3320,apache/curator,curator-recipes,3,a3514d87b1036716e5dc9877c9980fdd81440458,1
3320,apache/curator,curator-recipes,4,9fcd82b07252998e4d1f3531e99f087f45ba33cd,1
3320,apache/curator,curator-recipes,5,77470cbbe0befa26500c6d18e6fc93c29f831725,1
3320,apache/curator,curator-recipes,6,4b08d44d7f8b0cb35617166b1290b9c57a80f460,1
3320,apache/curator,curator-recipes,7,9fb8dadba00f6b030c5d7e6038fe971397f5538b,1
3320,apache/curator,curator-recipes,8,066ff40e2e99fadffb1a95be72c934369e3c1011,1
3320,apache/curator,curator-recipes,9,c670844a8c5bdaec94ca4b7becea5df734cf5a47,1
3320,apache/curator,curator-recipes,10,d05e7dc4bb3eec010d2dd56cfe4ea57bfdf688d9,1
3320,apache/curator,curator-recipes,11,3083f8dee9ded3fada94c8c7c29a64b7f991418a,1
3320,apache/curator,curator-recipes,12,c05a61bb58e5625fa3ca29871d0d9971271fcf49,1
3320,apache/curator,curator-recipes,13,959c1ca34f6ebcb11370180dfafbd8e85320dcd2,1
3320,apache/curator,curator-recipes,14,d1a9234ecae47e3704037c839e6041931c24d1f4,1
3320,apache/curator,curator-recipes,15,7bbb7196173b88baac0e102bdff265dc7f2ee77e,1
3320,apache/curator,curator-recipes,16,d65669b64f003326c98843b32b997e3ffab1e442,1
3320,apache/curator,curator-recipes,17,f204083e3d1d887971aa6ed34cc8d7f4cd1ecb5e,1
3320,apache/curator,curator-recipes,18,7f9e9cc48e04e4f6cdbea47b98ba2c602059d973,1
3320,apache/curator,curator-recipes,19,844c0ad36340b695b2784489c078cfd78522143c,1
3320,apache/curator,curator-recipes,20,b29bb010ada7f17626438b828de1f9e122e5d7bf,1
3320,apache/curator,curator-recipes,21,fd3728d56366bcc9c4b3444182a8b6e7a38633a6,1
3320,apache/curator,curator-recipes,22,7770d47676d8e396ce3c5b8d087de711f320092c,1
3320,apache/curator,curator-recipes,23,62cd345389eacb39623a67e383a4cf38c8921f39,1
3320,apache/curator,curator-recipes,24,1c56fc622c837dd98ed2b41f121309e6cd34e6fc,1
3320,apache/curator,curator-recipes,25,1d0c6f288107e024533aaa98279802f4d8081172,1
3320,apache/curator,curator-recipes,26,3d76a317b68839b83e298fdd48ead1a95e5f8fe8,1
3320,apache/curator,curator-recipes,27,1e8fb6a5d57fc21108c652e5013b7fba89ff412c,1
3320,apache/curator,curator-recipes,28,82304ea4fcf965b2493ddf94d8ab30ef74af9068,1
3320,apache/curator,curator-recipes,29,aa755720d4092aa3f65c418e06cc714b49d26f23,1
3320,apache/curator,curator-recipes,30,e0bb2fb251dd0ad3a75d829ad94d6f9e02c5461c,1
3320,apache/curator,curator-recipes,31,a4ddf2bcc3f2f9d961f47d41b2a9d055b2c8b76b,1
3320,apache/curator,curator-recipes,32,edf9f40f81b9a806ba1123181df40b45faf80238,1
3320,apache/curator,curator-recipes,33,1d6891a9d6dbfc97988c6e51520240c96e6e9394,1
3320,apache/curator,curator-recipes,34,275de95774f58ea30d88dbfcc6de7ef05e129012,1
3320,apache/curator,curator-recipes,35,a39c8969e23c2baf775ca9715656d6f478a9fce8,1
3320,apache/curator,curator-recipes,36,65ac6a4dce80d7ed297f6ef126fe1e4aae37ff1b,1
3320,apache/curator,curator-recipes,37,7a148288603ae5db0c232142f7dc07d43e01bea3,1
3320,apache/curator,curator-recipes,38,4a11aaef8b190dc220d35b7a91df294bfa06250e,1
3320,apache/curator,curator-recipes,39,a5749661bc8561f79d803a0adfbc503f2ed39b56,1
3320,apache/curator,curator-recipes,40,c1746faeeba88ae1df2340f0b492ac1c46306242,1
3320,apache/curator,curator-recipes,41,483379dfd31f103f379c6788f54662236649e001,1
3320,apache/curator,curator-recipes,42,ddadeeab9d8e1f42dac13ad65494c84e37f7f3d6,1
3320,apache/curator,curator-recipes,43,1038aa6d03f240fb8a8de9736adc51ccbcc9f5b6,1
3320,apache/curator,curator-recipes,44,c905ff611a845838aae9aa39152fd33c7f8f68c3,1
3320,apache/curator,curator-recipes,45,898b2ea5253200eb8a757f9a4ec94c649d21ae09,1
3320,apache/curator,curator-recipes,46,f1f9d5f8a09eee0ce288aa39c6a47700ae3fcd07,1
3320,apache/curator,curator-recipes,47,ae1d2ebeab6373b3a3b55c0d4a4a6e1593f7380b,1
3320,apache/curator,curator-recipes,48,f44ff8844f0727e155d7f8e8e6172757acc060cd,1
3320,apache/curator,curator-recipes,49,d58aa73f4cc78325abb2ae0ffd95fd9cf0776541,1
3320,apache/curator,curator-recipes,50,83de54888d39173acd7ddad0435f955e4ba736b1,1
3320,apache/curator,curator-recipes,51,f4abf511c6fc514aae41ed75deb2483bf9726f24,1
3320,apache/curator,curator-recipes,52,16db9230a95339265f34dce95716aee7a50f73f2,1
3320,apache/curator,curator-recipes,53,0a76a61f112e960c330a3365457776621bb430cc,1
3320,apache/curator,curator-recipes,54,176793b2916f5e3141a4cd421c948d66d3e5c660,1
3320,apache/curator,curator-recipes,55,4d9076ce65cacf502d511126f68b5602b1e7d87e,1
3320,apache/curator,curator-recipes,56,75d3c196cd40745ac8c3cd9040f4043168b704f5,1
3320,apache/curator,curator-recipes,57,d4aa4424a2b2e3f3c640937d8d539e8c76e2564a,1
3320,apache/curator,curator-recipes,58,4e19ca12a0ed5eced2ddcc026399382731b1ce19,1
3320,apache/curator,curator-recipes,59,4b96f18b311485d006f65c1462d2cdd0b5838c84,1
3320,apache/curator,curator-recipes,60,9b3a145372d9a8bc9a71adb630a1ad9b71fd2889,1
3320,apache/curator,curator-recipes,61,526e38c77fdd3d24f155ab49886fe7a9d8aab2d5,1
3320,apache/curator,curator-recipes,62,a69b3f141c5397354adf9ef128d6991781d1c9dd,1
3320,apache/curator,curator-recipes,63,17f3f3603eb078c40ea35fd9d386b1dada57aa1b,1
3320,apache/curator,curator-recipes,64,34432073079012fe1d45ab5ff6c15607d95b43d8,1
3320,apache/curator,curator-recipes,65,79edb0e20891951b7e4456d2b68c6ce64938f4e8,1
3320,apache/curator,curator-recipes,66,2c283bd97fbc50ce592231dcf846ece4190b7948,1
3320,apache/curator,curator-recipes,67,caccd293b60c14768509c55d3975f0936cb0a4fe,1
3320,apache/curator,curator-recipes,68,40885adbbc0f2e51a41cd9119cad305d9ac32760,1
3320,apache/curator,curator-recipes,69,34055bbaeda55f06b8cd47b99c08d69c4edde72e,1
3320,apache/curator,curator-recipes,70,328f985304b07cec046e4b9e4244a9c962fc91f5,1
3320,apache/curator,curator-recipes,71,484ede9a33abb1427ba58c77e5792814aac889f0,1
3320,apache/curator,curator-recipes,72,a4f1ef22fa4395d3188341f04025e723a84c961b,1
3320,apache/curator,curator-recipes,73,260afcdadbadde87ce7a8c2a904afdc3c1013884,1
3320,apache/curator,curator-recipes,74,f0d12ddee3ccc139eadc4cbe589a4287b5bfeae3,1
3320,apache/curator,curator-recipes,75,51483adb1d1dd3e43812b5d0ec7c03b6d1d05c7c,1
3320,apache/curator,curator-recipes,76,3468ee91561534d5a748bfb06902725542d07347,1
3320,apache/curator,curator-recipes,77,2a94b2d7971bf47c2c12554bcd4c2e95581f607a,1
3320,apache/curator,curator-recipes,78,4210bd712faaff85849d93baea913e6e3c6ba35d,1
3320,apache/curator,curator-recipes,79,2f1fc4ebe5dd1ae451bc801b65dbe29129839f5e,1
3320,apache/curator,curator-recipes,80,972fffac7cf76fd5e6aadf586e6d2959b3750c76,1
3320,apache/curator,curator-recipes,81,82f2e53459d4905efaedc47493cedb649d934e46,1
3320,apache/curator,curator-recipes,82,1027c2cdbbbac61436b8235b2be1729af4146d17,1
3320,apache/curator,curator-recipes,83,a9a8020918c345fb6c3c0a099a27189cbd7cf819,1
3320,apache/curator,curator-recipes,84,a57b94e4de88ef881618045dfa23ba642dd4f7db,1
3320,apache/curator,curator-recipes,85,b195062ae61974d98941c22394eee624d6b1c395,1
3320,apache/curator,curator-recipes,86,a8b4dc3f083849786463de9e8c05d11daa5bc225,1
3320,apache/curator,curator-recipes,87,07583f8d2cd562e19ddcbf89d5deec902e55214b,1
3320,apache/curator,curator-recipes,88,6a27ff0a17df9ecee994ed06acfc2de6cbde58cf,1
3320,apache/curator,curator-recipes,89,dd679362cad57f5f6df3963496d5fc1e4f342049,1
3320,apache/curator,curator-recipes,90,914f2f7d1e395e623a9351ff8bbe5e951e7bdfd0,1
3320,apache/curator,curator-recipes,91,f0646f93c54a14546afcd2ff7ebca78546154fe9,1
3320,apache/curator,curator-recipes,92,e26289665312e3962b5844109bbbd6db75318d7e,1
3320,apache/curator,curator-recipes,93,093cbcfc377dcc10ac7267ae706ca9615b013a5c,1
3320,apache/curator,curator-recipes,94,b9561fb8d5cde70cb508e1136d9dfb6852aecc86,1
3320,apache/curator,curator-recipes,95,1bd8450c6cfadb2267e22c8018aaa32ca22cc472,1
3320,apache/curator,curator-recipes,96,3f631ac866d0dd119be3724a7c73b4487abc8dfa,1
3320,apache/curator,curator-recipes,97,bac8ba9bab5e69f4531ccb90164eec39d2570eb5,1
3320,apache/curator,curator-recipes,98,57cf5135aa7cf2e5e37f3147b3d702f06b15ccfc,1
3320,apache/curator,curator-recipes,99,37c7a713984ef83413c695aee352af2af6daa974,1
3320,apache/curator,curator-recipes,100,28291442ebd843c474533be4894462ae317d9a5c,1
3323,apache/curator,curator-framework,-100,3df4c493e51a3e2fc1449050d18f615b67cae676,1
3323,apache/curator,curator-framework,-99,269c9988377805b27db0c8d67218b330de367967,1
3323,apache/curator,curator-framework,-98,bec1781e8964c7e66a877d1c8abc361f96104e24,1
3323,apache/curator,curator-framework,-97,d2b94e1139c26613bc225f9d2ca69c8642125cfd,1
3323,apache/curator,curator-framework,-96,1f411fc132be0512add75c1a6b79511c08e2feaa,1
3323,apache/curator,curator-framework,-95,2f6e2177e98d0f418b47a664a48c87abf5a72595,1
3323,apache/curator,curator-framework,-94,b51bb01176940896cad5408a453c524fcfe0fc49,1
3323,apache/curator,curator-framework,-93,82a8906ddb185e4d405056aeed8abc807f440440,1
3323,apache/curator,curator-framework,-92,0a3e8490b64ad8466989726ac6215b357fed3152,1
3323,apache/curator,curator-framework,-91,125dc969942a89f498b06e190cb38f9819c7bb37,1
3323,apache/curator,curator-framework,-90,651ac591725567bf85ec830a45b9b062d5dd7474,1
3323,apache/curator,curator-framework,-89,7c35e441b0a1b636e68c2e0f74cdb8e7fae69cb5,1
3323,apache/curator,curator-framework,-88,7f53bc179aa738e847c9d097ef4e0ad8b76de4f9,1
3323,apache/curator,curator-framework,-87,4a95669873604f200c379142d1376055af64a3a6,1
3323,apache/curator,curator-framework,-86,952dd6b118ce3d2505a03abe1877b8d3db24d126,1
3323,apache/curator,curator-framework,-85,d5daa4c115a794783e25ab7b1d035f5c2f9167f1,1
3323,apache/curator,curator-framework,-84,753142a7652401510096b35c516077b9b8fe38e5,1
3323,apache/curator,curator-framework,-83,8b9f7d5ce0369976f766745069be62e2b126ef22,1
3323,apache/curator,curator-framework,-82,87a145ca3346cd1bab8a4fbdc3b1d3d9fe237dc7,1
3323,apache/curator,curator-framework,-81,9b73d11bc03c6e37567e237e96c36cdf93e4ff66,1
3323,apache/curator,curator-framework,-80,1826b66d72f6e543a57aaf5f3acc3cd9ca6e965d,1
3323,apache/curator,curator-framework,-79,f89c1ea5336bbde932638a2a28d678b231a2e49b,1
3323,apache/curator,curator-framework,-78,d7d84c5527d8e35fc01b6aedb78eaafa9739018d,1
3323,apache/curator,curator-framework,-77,2e69bbf7cc2a128f1e2f98ee6a02ba6d1e47c34f,1
3323,apache/curator,curator-framework,-76,3ee1fdb809996a3bd07809fdbac6c66b3dc9fd94,1
3323,apache/curator,curator-framework,-75,0f5d10da38626494ae4d0e3339a2a35f270b0edd,1
3323,apache/curator,curator-framework,-74,c8df9a414b9a035f45946460ff7e1adff7fd65d4,1
3323,apache/curator,curator-framework,-73,f7e728b99b8bf8cf1e0b2d68da1c3bf10e75d52a,1
3323,apache/curator,curator-framework,-72,c6f7aeb39957158fad0207614583f867729e7770,1
3323,apache/curator,curator-framework,-71,ddf4cb281e61c6fb0a25ea68331e1b4599e4bb20,1
3323,apache/curator,curator-framework,-70,bd8fb6609601f399e7d3ffa0a6b60c658686a4d7,1
3323,apache/curator,curator-framework,-69,7a60af0dddbf1e547ddb7448ce99e14341413ef0,1
3323,apache/curator,curator-framework,-68,81fc3d9b29ddef501919b6a4166afeae3613cbc5,1
3323,apache/curator,curator-framework,-67,7e611bd1c7bbdea3f220af0a17d12bdf1b49b8c0,1
3323,apache/curator,curator-framework,-66,0641243f75d25a92a9ceb811e8e2611a1e95869e,1
3323,apache/curator,curator-framework,-65,58bc969fecc01a1947dd272300d4fb305d221ea2,1
3323,apache/curator,curator-framework,-64,242b7011a7b8344f772c1a4497aadf6de16d73f5,1
3323,apache/curator,curator-framework,-63,89182ed11a8f6ff4fa5ec9cc955ff68241076f5d,1
3323,apache/curator,curator-framework,-62,42ee566f4f93cf074b93eb08266634d2e993bf4c,1
3323,apache/curator,curator-framework,-61,aa976bbe83a8961b33f76aa5b0a7302a3b5f8f39,1
3323,apache/curator,curator-framework,-60,9f601cc15fc475eabe96fff2e0a915eadf08f748,1
3323,apache/curator,curator-framework,-59,4d160aaa7d0ef5dedac0f0b1972160089e07be1d,1
3323,apache/curator,curator-framework,-58,2b5aa1c31016ea01f5ac8162c13c2b8e73b0b8bc,1
3323,apache/curator,curator-framework,-57,abe2babd8300380299b6afb83986ed3741f1aa46,1
3323,apache/curator,curator-framework,-56,ac0b489287256dd2413789957ed7c9a8478061ab,1
3323,apache/curator,curator-framework,-55,0cc62d64442e088bcaf9a8c43c14b28be12c87af,1
3323,apache/curator,curator-framework,-54,8d52ecbc5ae712a891c3567a0f12818aad3edddb,1
3323,apache/curator,curator-framework,-53,15eb063fa22569e797f850fb8d60a0949f52fbf5,1
3323,apache/curator,curator-framework,-52,b01926d1be18775fa6d3255038e9267a32325479,1
3323,apache/curator,curator-framework,-51,931f1de5c4f72b71e96ea2071add297194e053bd,1
3323,apache/curator,curator-framework,-50,c86ca97326bc68e63b6b10c913cd8e73c0d57d7e,1
3323,apache/curator,curator-framework,-49,3d6176ce35d177abec98318b57d7bd023649e9e0,1
3323,apache/curator,curator-framework,-48,6ba4de36d4e8b2b65d45c005a6a92dd85c3c497f,1
3323,apache/curator,curator-framework,-47,6d36a4793b31cdacaf4bbf6554e05d68bc680001,1
3323,apache/curator,curator-framework,-46,bfdb790bc69022b0eef74558e9511e6ed2b665e9,1
3323,apache/curator,curator-framework,-45,c49f037ce87ce527bc244a94b4d2d1160c9ef012,1
3323,apache/curator,curator-framework,-44,0d01ea5587024fa517b79880c9cf5193f3a6522e,1
3323,apache/curator,curator-framework,-43,3f7b610ad5c5a0c6a7b0331f02294bd433a54554,1
3323,apache/curator,curator-framework,-42,166b5c3d5091bd254747f6372534519d37883bfa,1
3323,apache/curator,curator-framework,-41,ab2e756323b5c5398b01cb1493fbc984f572b946,1
3323,apache/curator,curator-framework,-40,1fade17a26b0b1e7d630f5b5ffbab298ecf5f1d6,1
3323,apache/curator,curator-framework,-39,770a0f948e211ed6f794e318cf7722dff1fa1c0a,1
3323,apache/curator,curator-framework,-38,6978b09d800ad5d367a88f5ae7cf8ed099a9ca7c,1
3323,apache/curator,curator-framework,-37,7bab002fe2f124bc426ea4c7e29103b39ea13d9d,1
3323,apache/curator,curator-framework,-36,eb6ad402bf14a71f9c7b532e461862b2a07d3802,1
3323,apache/curator,curator-framework,-35,72b7b8709c822b9170d8d7beb2814c4c36b89e58,1
3323,apache/curator,curator-framework,-34,6e8546706b1bdc267126c37601ac646584461c12,1
3323,apache/curator,curator-framework,-33,0a5b29d588800d7eeabf66f23ea2e3ad0fa0416c,1
3323,apache/curator,curator-framework,-32,9123e04c2e1410877c29d3db125ebedffb9e912e,1
3323,apache/curator,curator-framework,-31,b6af8fdabbb620d6f01ce9453efba1fe1ef60205,1
3323,apache/curator,curator-framework,-30,5920c744508afd678a20309313e1b8d78baac0c4,1
3323,apache/curator,curator-framework,-29,49485b8fa40c5d5fa95e60ffea3514acf548964b,1
3323,apache/curator,curator-framework,-28,129ef5e31170dd5506ef70eaba48667c81a50b98,1
3323,apache/curator,curator-framework,-27,b5cb8a4556d649592cb200b8f1b8c22e230dc962,1
3323,apache/curator,curator-framework,-26,b91036be07aaddc4ed2d81615b08b33075e923af,1
3323,apache/curator,curator-framework,-25,26ffdfb89c685873b5592db29c541f92c22a06cd,1
3323,apache/curator,curator-framework,-24,5c27ecc29c3503633462cd95971ceb6a91175404,1
3323,apache/curator,curator-framework,-23,4c993572f01e1368bd6898cf1fc6ab3eb59d8688,1
3323,apache/curator,curator-framework,-22,05f6a56730a956b5a977a11e05aa875fe862dedf,1
3323,apache/curator,curator-framework,-21,d9652662293529374c601d90a9700e132a466700,1
3323,apache/curator,curator-framework,-20,173183420688875c6e627260ffb4efbbdc48227c,1
3323,apache/curator,curator-framework,-19,caf2a9d81a333154a0d36fcea1a624d4e00df3e1,1
3323,apache/curator,curator-framework,-18,388787c838cb2e6e0b755b576eb958257e2cef22,1
3323,apache/curator,curator-framework,-17,ec7020861a724446e663156a7939555623fd70dd,1
3323,apache/curator,curator-framework,-16,f6868f4dd76d3ba556268a96a295dc61e161b235,1
3323,apache/curator,curator-framework,-15,f91adb22e83d8e47b99ad98f8c13c86251bc4cb3,1
3323,apache/curator,curator-framework,-14,4fa5c1d4d2e0d344db21c52c61e305836ea1bde5,1
3323,apache/curator,curator-framework,-13,2e802efeddd28b3cd6c0d96fb0708c0f0a94a35c,1
3323,apache/curator,curator-framework,-12,239c93eb60a0cee44a92c37d9651888acf380f42,1
3323,apache/curator,curator-framework,-11,df073e215f2f15fe6091ade5771b389600c34577,1
3323,apache/curator,curator-framework,-10,4251fe328908e5fca37af034fabc190aa452c73f,1
3323,apache/curator,curator-framework,-9,73ce867cbfd5b9ea04b20f43e81837881f23277f,1
3323,apache/curator,curator-framework,-8,ea505f54291dc548aca947503630960cd10225d0,1
3323,apache/curator,curator-framework,-7,5751526d4819d95d721f8ff7d26a29aa781996dc,1
3323,apache/curator,curator-framework,-6,e0b6c9bc53d3ebebe3c83dd06d63a0a99e70655c,1
3323,apache/curator,curator-framework,-5,e6defc42c10fd48fa1b752fafa17983a4b55b074,1
3323,apache/curator,curator-framework,-4,782448e798ee8fcbb1a05294fcdfd53c0cda2cbf,1
3323,apache/curator,curator-framework,-3,6cf28ec31de71cbc50a36557e849143225306f78,1
3323,apache/curator,curator-framework,-2,7f1c0dd83faec7ad7c50eabb88a62c1e31e39f87,1
3323,apache/curator,curator-framework,-1,96f186abc3e4977eaac580054bd8a3cdfa79d22a,1
3323,apache/curator,curator-framework,0,a162f5b4606277e87f93b93e47c32237490846e1,1
3323,apache/curator,curator-framework,1,c9e3cf653997d488cc57a7bc0f06b7962707cef1,1
3323,apache/curator,curator-framework,2,7458a20e8320396b33a8389e6bba04d503d23430,1
3323,apache/curator,curator-framework,3,b18af513b4851c8ecb9486a957971d7dfa179ceb,1
3323,apache/curator,curator-framework,4,6e4466ffae5f0a354de8bdc98ac82f20009cd630,1
3323,apache/curator,curator-framework,5,48bd7670af41e1f5d33f77467c9ed54a73a2210e,1
3323,apache/curator,curator-framework,6,0a00aca63392f258426925ed5837d8d54e2959fd,1
3323,apache/curator,curator-framework,7,a6167b693db0abf67a4b5fead705474cbe4bc986,1
3323,apache/curator,curator-framework,8,0dd7ce3bc23068eedac7bbf2785eacac6b2fe62c,1
3323,apache/curator,curator-framework,9,dc6e78513aa076545552b2661940f6ed4bcc5e75,1
3323,apache/curator,curator-framework,10,b18a4316aa3198fb2909cee46aff774dc21f8953,1
3323,apache/curator,curator-framework,11,fa3f84d3506a6a780d8d722468853fdf0ef7545c,1
3323,apache/curator,curator-framework,12,a3514d87b1036716e5dc9877c9980fdd81440458,1
3323,apache/curator,curator-framework,13,066ff40e2e99fadffb1a95be72c934369e3c1011,1
3323,apache/curator,curator-framework,14,b6068853f1c886a1789905b5e0fa80fbbb99b496,1
3323,apache/curator,curator-framework,15,009bfc46dbe055334feec5fefced88e5c44225e8,1
3323,apache/curator,curator-framework,16,d1a9234ecae47e3704037c839e6041931c24d1f4,1
3323,apache/curator,curator-framework,17,7bbb7196173b88baac0e102bdff265dc7f2ee77e,1
3323,apache/curator,curator-framework,18,d65669b64f003326c98843b32b997e3ffab1e442,1
3323,apache/curator,curator-framework,19,f204083e3d1d887971aa6ed34cc8d7f4cd1ecb5e,1
3323,apache/curator,curator-framework,20,a3ca8b5d159262fcd3c2fc7cdfc5c26c6c5473cd,1
3323,apache/curator,curator-framework,21,003f6f0082163889d9a1d423ad62095cc41a1366,1
3323,apache/curator,curator-framework,22,4fb8f2cf1ff476dffa38eaba7fff927e528ee212,1
3323,apache/curator,curator-framework,23,629486ff647deb66831831e1e13845d3b62d0a5b,1
3323,apache/curator,curator-framework,24,04affff861f142881ebb60fce5d8d89568385ab5,1
3323,apache/curator,curator-framework,25,c32599670667e6c3f9b9773d3415e3b57b551fd0,1
3323,apache/curator,curator-framework,26,61d281721f06ba85cf3b764c332da904353fb2b0,1
3323,apache/curator,curator-framework,27,092c1e3f34c9e53d2dbf29c37f060e47a6fb74a1,1
3323,apache/curator,curator-framework,28,5d569518ea617f30296fd3ca983034940a26529d,1
3323,apache/curator,curator-framework,29,d1f21cf7700e33bd65c44eefb4e82c0c3ba24346,1
3323,apache/curator,curator-framework,30,f73b8fbb0429b7df934ee17f30f2846e7391deee,1
3323,apache/curator,curator-framework,31,1b23f2628952b4b831c0aefddbf9bccc21ab6af4,1
3323,apache/curator,curator-framework,32,e0bb2fb251dd0ad3a75d829ad94d6f9e02c5461c,1
3323,apache/curator,curator-framework,33,a4ddf2bcc3f2f9d961f47d41b2a9d055b2c8b76b,1
3323,apache/curator,curator-framework,34,275de95774f58ea30d88dbfcc6de7ef05e129012,1
3323,apache/curator,curator-framework,35,a39c8969e23c2baf775ca9715656d6f478a9fce8,1
3323,apache/curator,curator-framework,36,65ac6a4dce80d7ed297f6ef126fe1e4aae37ff1b,1
3323,apache/curator,curator-framework,37,800fdf4c5cbe3f0e3cebc64357707ba743fc46e2,1
3323,apache/curator,curator-framework,38,7a148288603ae5db0c232142f7dc07d43e01bea3,1
3323,apache/curator,curator-framework,39,d5666ab9ca22f45b905d6ffbf2b33fa30b38e15e,1
3323,apache/curator,curator-framework,40,7a09c1122843f178d2e4037359c68957071528ab,1
3323,apache/curator,curator-framework,41,e42a07a0203038d601957d7e24895fece8cd96dc,1
3323,apache/curator,curator-framework,42,4dffb5e658b28f734bc919bad8f1300c8364faed,1
3323,apache/curator,curator-framework,43,414a4085c0228c5c4f960c43fb79d06d680eeea4,1
3323,apache/curator,curator-framework,44,c1746faeeba88ae1df2340f0b492ac1c46306242,1
3323,apache/curator,curator-framework,45,483379dfd31f103f379c6788f54662236649e001,1
3323,apache/curator,curator-framework,46,9aafdec9f2607cc6b652371a7687ed38889ddd2b,1
3323,apache/curator,curator-framework,47,e2d32bd00ec05a18bf149a47865fd807e00a60e1,1
3323,apache/curator,curator-framework,48,fe50da4904aa4ca4f51b473ad298ae664358ff3c,1
3323,apache/curator,curator-framework,49,c905ff611a845838aae9aa39152fd33c7f8f68c3,1
3323,apache/curator,curator-framework,50,898b2ea5253200eb8a757f9a4ec94c649d21ae09,1
3323,apache/curator,curator-framework,51,176793b2916f5e3141a4cd421c948d66d3e5c660,1
3323,apache/curator,curator-framework,52,4d9076ce65cacf502d511126f68b5602b1e7d87e,1
3323,apache/curator,curator-framework,53,1a9bfd8fa4be4889aa904dd087e3eea36dadb25b,1
3323,apache/curator,curator-framework,54,c1b6d86a4a7503b2a6dbc825a951a6aabcbb71b1,1
3323,apache/curator,curator-framework,55,8fb978d0ff4569c80dae19514e8605eca6e80cfc,1
3323,apache/curator,curator-framework,56,46e1536d3309adcfc10c072d84d46d6ab24eb4fc,1
3323,apache/curator,curator-framework,57,d4aa4424a2b2e3f3c640937d8d539e8c76e2564a,1
3323,apache/curator,curator-framework,58,917a98ff79954dba0180745627c30c73d885b64c,1
3323,apache/curator,curator-framework,59,4e19ca12a0ed5eced2ddcc026399382731b1ce19,1
3323,apache/curator,curator-framework,60,526e38c77fdd3d24f155ab49886fe7a9d8aab2d5,1
3323,apache/curator,curator-framework,61,a69b3f141c5397354adf9ef128d6991781d1c9dd,1
3323,apache/curator,curator-framework,62,79edb0e20891951b7e4456d2b68c6ce64938f4e8,1
3323,apache/curator,curator-framework,63,37728a431e64dad8b989d4cc4ae5a4171e15f667,1
3323,apache/curator,curator-framework,64,d1b64d63d9772495e22154260b1c2634432cd436,1
3323,apache/curator,curator-framework,65,0095a273c157a74b133c5d9cc6ee9b61ecb43fd4,1
3323,apache/curator,curator-framework,66,9aea8ff99df5e807a8004a294dd1dde8f93d48dd,1
3323,apache/curator,curator-framework,67,40885adbbc0f2e51a41cd9119cad305d9ac32760,1
3323,apache/curator,curator-framework,68,34055bbaeda55f06b8cd47b99c08d69c4edde72e,1
3323,apache/curator,curator-framework,69,1e82d0c1d0708d84d06e5757e435d1d9dbebfb48,1
3323,apache/curator,curator-framework,70,4221604facf2447f4ef7789842ac0b8c4a9d4763,1
3323,apache/curator,curator-framework,71,484ede9a33abb1427ba58c77e5792814aac889f0,1
3323,apache/curator,curator-framework,72,f3c889cc3988974f47746e42c5dabd6dc6683531,1
3323,apache/curator,curator-framework,73,e44115e2fb5ea77af1bfe825ce122caf59e53fc1,1
3323,apache/curator,curator-framework,74,abfa96f0622549f610eda08b62a1fead87452083,1
3323,apache/curator,curator-framework,75,97fe626c25d57d47816f95486be77ef39646ed59,1
3323,apache/curator,curator-framework,76,bf587436c085d0361e881f919de64acb8424b1e5,1
3323,apache/curator,curator-framework,77,2a94b2d7971bf47c2c12554bcd4c2e95581f607a,1
3323,apache/curator,curator-framework,78,e949731759f18f7d747651f6228ed24110367369,1
3323,apache/curator,curator-framework,79,4210bd712faaff85849d93baea913e6e3c6ba35d,1
3323,apache/curator,curator-framework,80,2f1fc4ebe5dd1ae451bc801b65dbe29129839f5e,1
3323,apache/curator,curator-framework,81,972fffac7cf76fd5e6aadf586e6d2959b3750c76,1
3323,apache/curator,curator-framework,82,82f2e53459d4905efaedc47493cedb649d934e46,1
3323,apache/curator,curator-framework,83,a57b94e4de88ef881618045dfa23ba642dd4f7db,1
3323,apache/curator,curator-framework,84,b195062ae61974d98941c22394eee624d6b1c395,1
3323,apache/curator,curator-framework,85,782696aec17791e2097e2e8df472a7a167fdd743,1
3323,apache/curator,curator-framework,86,9fe79d81a8c5f2484bc29087024b5d65c8fba37f,1
3323,apache/curator,curator-framework,87,a8b4dc3f083849786463de9e8c05d11daa5bc225,1
3323,apache/curator,curator-framework,88,07583f8d2cd562e19ddcbf89d5deec902e55214b,1
3323,apache/curator,curator-framework,89,ad1979520a923cc6ad3e24fc99a509b36338c5eb,1
3323,apache/curator,curator-framework,90,eb9912469901e0a05f921a1cb24c51a9cd2dc57c,1
3323,apache/curator,curator-framework,91,476268a68d307b6fa989a5314eacd9345bedfc58,1
3323,apache/curator,curator-framework,92,914f2f7d1e395e623a9351ff8bbe5e951e7bdfd0,1
3323,apache/curator,curator-framework,93,8eb6f9ae382059b216876112d6c3f76e824e379d,1
3323,apache/curator,curator-framework,94,fb78e23d5228c7c5c850a2aa638c7e11caa931e9,1
3323,apache/curator,curator-framework,95,f0646f93c54a14546afcd2ff7ebca78546154fe9,1
3323,apache/curator,curator-framework,96,0bb3adf37877edd32c672c79fface4d748d3ed1a,1
3323,apache/curator,curator-framework,97,e26289665312e3962b5844109bbbd6db75318d7e,1
3323,apache/curator,curator-framework,98,093cbcfc377dcc10ac7267ae706ca9615b013a5c,1
3323,apache/curator,curator-framework,99,b9561fb8d5cde70cb508e1136d9dfb6852aecc86,1
3323,apache/curator,curator-framework,100,bac8ba9bab5e69f4531ccb90164eec39d2570eb5,1
3613,apache/paimon,paimon-core,-100,ef43c411e08d087fa316099331def16101b9e98b,1
3613,apache/paimon,paimon-core,-99,286212af7d8d413e82862d93b8d1bf90481a8354,1
3613,apache/paimon,paimon-core,-98,dba05e09539cddb7247f5e27d0a8292acfade77a,1
3613,apache/paimon,paimon-core,-97,1f6abfd0602a4ac63f904b11480d15c5c3d52a06,1
3613,apache/paimon,paimon-core,-96,3009807cdcb794c180d71079eaea516c9e54d0a6,1
3613,apache/paimon,paimon-core,-95,23554454a25e6669203c591d8dfa42a8416d9432,1
3613,apache/paimon,paimon-core,-94,26ac4b1c02535be52da5c3b5ec35df3e86f2607b,1
3613,apache/paimon,paimon-core,-93,7f239a23b1f5fea279b7bbd2dc494dbec46e8739,1
3613,apache/paimon,paimon-core,-92,0197aab272e6d3fc4df6f065de48ef243251f0af,1
3613,apache/paimon,paimon-core,-91,d6da6a808f7972131152d91b39c46ed45450c88d,1
3613,apache/paimon,paimon-core,-90,e41eacf9fd89706c5b509662da5940179a7a0217,1
3613,apache/paimon,paimon-core,-89,2c112dd7b7ad45feac6ce7da2cea2e52f4c4ace0,1
3613,apache/paimon,paimon-core,-88,7e99c594b26df1ca1fdc566456a48af27f9cae1b,1
3613,apache/paimon,paimon-core,-87,13c9071c8b9094ad5114a4b93c091198c879c399,1
3613,apache/paimon,paimon-core,-86,9331e01bd9ec7c5067b5105f841ca9336519698c,1
3613,apache/paimon,paimon-core,-85,0352fe9dc0028ae6132d3fbbb74fad4cd8b5396d,1
3613,apache/paimon,paimon-core,-84,8eb430a2deeac8fddea7805fc1049edfdb77d525,1
3613,apache/paimon,paimon-core,-83,8f8455ce87978578ee83349fe91a9158cee35a73,1
3613,apache/paimon,paimon-core,-82,ccc2d0f86e60ae04dd306dac056bc85c3dbc98c2,1
3613,apache/paimon,paimon-core,-81,510e855c9cafb29176d9ea07476e2e794974319c,1
3613,apache/paimon,paimon-core,-80,f6e3c8efc629b40ec1690e2787acbcaf73f19356,1
3613,apache/paimon,paimon-core,-79,9867e0a703b2b143cd7042b47e5eceed0b808ffb,1
3613,apache/paimon,paimon-core,-78,9ff0f8fd908c27b9a0a9853978b9f5e9b58e33de,1
3613,apache/paimon,paimon-core,-77,deeed7efabd9c08c23c243de99f2b49d2791f585,1
3613,apache/paimon,paimon-core,-76,6a28e6ea221ba6cc13e227518d3dec3dcd13bfdf,1
3613,apache/paimon,paimon-core,-75,b0d2c3cadfa922a97fbe3ff8aaff5f2b20227a19,1
3613,apache/paimon,paimon-core,-74,bedad5ce8eed055a66f3caf0237a28d246b1e4a1,1
3613,apache/paimon,paimon-core,-73,2b5089cf5df2e36e6dc18420e0162e408dc3e0f4,1
3613,apache/paimon,paimon-core,-72,b5ee79a70301666f54485f97951d8db94d258eb3,1
3613,apache/paimon,paimon-core,-71,b27375c44418fba40c7c20fb57757c3f9889d4d8,1
3613,apache/paimon,paimon-core,-70,417109da98539bb485f87a0bd4215f1099fb16bb,1
3613,apache/paimon,paimon-core,-69,ef3bec1e809584e981fe52b62b6c5aa2314b3c42,1
3613,apache/paimon,paimon-core,-68,a1b3b4689a776326dd88d174c8c619d8a04bc454,1
3613,apache/paimon,paimon-core,-67,24d690a6c363cb84794104c1346d4081259918a5,1
3613,apache/paimon,paimon-core,-66,fefbaf60c70dde58f1de0c1fb12c3847e9d99ff9,1
3613,apache/paimon,paimon-core,-65,0b5d8dab6993676c98061a7eb068985f6626c9ff,1
3613,apache/paimon,paimon-core,-64,8a8a9532ccf25c4690fed64e6e489d1a97b35d8a,1
3613,apache/paimon,paimon-core,-63,66396f70cb41809bf160f25dbcb2dad3e573e858,1
3613,apache/paimon,paimon-core,-62,671c5b478e22c1989b2175b72b8f568ca73bf9c3,1
3613,apache/paimon,paimon-core,-61,18bd8a4fb6717f0328758d49937eb26625c8ca33,1
3613,apache/paimon,paimon-core,-60,9c07e10902f2eef665316cd06766bce1daf29f49,1
3613,apache/paimon,paimon-core,-59,f3333cd8ea98133331f0d870e57f031be29cd420,1
3613,apache/paimon,paimon-core,-58,4d4e28fd96abf9a5027e236a981412ca1b09c8d9,1
3613,apache/paimon,paimon-core,-57,bbf91ad7f546a7e465ba03c77061c8168ce6224b,1
3613,apache/paimon,paimon-core,-56,59d38e3f86aaa49d73854b64ded29a54af2a10ee,1
3613,apache/paimon,paimon-core,-55,a5dc3ef83b01f6276360f18e842dd9c0d2749804,1
3613,apache/paimon,paimon-core,-54,624d449bc247a83714cc77cd3abfaa20bf1bb6b3,1
3613,apache/paimon,paimon-core,-53,75166c2cb1c7a506f287717ba3505018a3689aa1,1
3613,apache/paimon,paimon-core,-52,406c4e58d7dac8a8dc50e1e04a8e13c1f2cfb5b6,1
3613,apache/paimon,paimon-core,-51,6c7d41cbe4cf629b4984ce2f419ba1cf6e8a5d52,1
3613,apache/paimon,paimon-core,-50,ef1715e9e9a94b58ade227607edb8312133b214f,1
3613,apache/paimon,paimon-core,-49,66430f4b136a3f57c093c8b83f16ba4358d4afb9,1
3613,apache/paimon,paimon-core,-48,998ad3ea303fdafb34f13ab1e8b697eba4d8269f,1
3613,apache/paimon,paimon-core,-47,a441726ef92b6c5d74a3557a4ac5bd5a19e0e3cd,1
3613,apache/paimon,paimon-core,-46,73cf2aaaa82f48bc51a6465798b4ef42044ab8dd,1
3613,apache/paimon,paimon-core,-45,3831ca5263b09f1d99d358cabc9960a6309f62e0,1
3613,apache/paimon,paimon-core,-44,d6da5f21192a726364078777728d0d2e69749277,1
3613,apache/paimon,paimon-core,-43,61d635502e2561d97fdafd8fc70fcaf56d88075e,1
3613,apache/paimon,paimon-core,-42,08a1356dd720bc1eb28d05ae969021d1f4d3805e,1
3613,apache/paimon,paimon-core,-41,5f9a2733d5227af913d157c0f0268b4b53f6e5e7,1
3613,apache/paimon,paimon-core,-40,b9d09ccebc4485162deab15c4d1bf5f91a871f3f,1
3613,apache/paimon,paimon-core,-39,654c130b78d590d8cb2c137d9e540038716315d6,1
3613,apache/paimon,paimon-core,-38,6210708b096a98ad4af67724e75e008f8c31b843,1
3613,apache/paimon,paimon-core,-37,a3f4ab32bd8b2a6988ae537067123f68213ccfea,1
3613,apache/paimon,paimon-core,-36,fa411a095a25f328dd0d7d7fb82f7a17e1015a2a,1
3613,apache/paimon,paimon-core,-35,90014271c3470c1dbfd567767843b99df717563a,1
3613,apache/paimon,paimon-core,-34,ee08d832868e4a191f19167b1669f2d984b8636f,1
3613,apache/paimon,paimon-core,-33,7553bbec89724ea550c11283e77abb2c83968219,1
3613,apache/paimon,paimon-core,-32,89c86286b46182a53543ceb7996e9fd9c1ac629d,1
3613,apache/paimon,paimon-core,-31,a4effef50a8ed83db35014b6e453f78a986164b4,1
3613,apache/paimon,paimon-core,-30,edcc83c3420ce4ee3b3f0f5542439a10f1c577a0,1
3613,apache/paimon,paimon-core,-29,93e8cb407cc53b1e634da2362c5847c86661dd9a,1
3613,apache/paimon,paimon-core,-28,26c2bd4dac3d1a990f3d11d4d193c026191c8052,1
3613,apache/paimon,paimon-core,-27,287a487f051eb220a3290387dc75800bf47e13c8,1
3613,apache/paimon,paimon-core,-26,1031a01ab61ec6a4db6ed41fedd20c4b89635db7,1
3613,apache/paimon,paimon-core,-25,a154047e8ccc02607aa08b7a68f294766c96c59d,1
3613,apache/paimon,paimon-core,-24,87d4f528dcc03191388189b158f9356fbb909d9f,1
3613,apache/paimon,paimon-core,-23,626e338c55340a3f494aeff6d9b345f971657f18,1
3613,apache/paimon,paimon-core,-22,decd9b594295d204393251200eebb58e037f163c,1
3613,apache/paimon,paimon-core,-21,1c438ee9d591fc7b3d12831fe593dfe3984ede78,1
3613,apache/paimon,paimon-core,-20,e56ebb5180e06c7b867105fc80897352535b4e53,1
3613,apache/paimon,paimon-core,-19,0b3ed9dc01594a2b5e8d97a5ce15c7b392edf308,1
3613,apache/paimon,paimon-core,-18,d9a31da7d01e911be4830ef874e40a20121fc5cc,1
3613,apache/paimon,paimon-core,-17,d31adc85c4344d388c5814adf146f29302a2018f,1
3613,apache/paimon,paimon-core,-16,9349579d9bc787492ee62723b596b1208c33dbd4,1
3613,apache/paimon,paimon-core,-15,6bf7ddccac44e285f338b17e25507c2ed7d110dd,1
3613,apache/paimon,paimon-core,-14,9d55aaea9e1914117b682ad692d2c0aa3d9e58e1,1
3613,apache/paimon,paimon-core,-13,5988af160cd20abb6d7dd8a0ada17d6920b83608,1
3613,apache/paimon,paimon-core,-12,20657050fbb51f348797004be1f8cd2457288333,1
3613,apache/paimon,paimon-core,-11,28c21c2cb935e3c3f506e7087ffc81a1db0c6170,1
3613,apache/paimon,paimon-core,-10,2cb9acc3da3f1e91d0c177d15203345412f42182,1
3613,apache/paimon,paimon-core,-9,9422995a3dc82f24a373a0c2a0a69ae8a9864427,1
3613,apache/paimon,paimon-core,-8,6d844c25195e0f5e4e11f224305bcb217c786059,1
3613,apache/paimon,paimon-core,-7,5c496a10828d1913eac806d2123ad5e35d852f24,1
3613,apache/paimon,paimon-core,-6,5c91df1613f5f6a53686c04c636d2109561bbcfb,1
3613,apache/paimon,paimon-core,-5,4362b79429142b0777d162a9d54d4fe1300f4a6c,1
3613,apache/paimon,paimon-core,-4,f5c7e14914670e3e87e9b00f89aea9098539640d,1
3613,apache/paimon,paimon-core,-3,de141e88628794019371b2c211206ba66837e4df,1
3613,apache/paimon,paimon-core,-2,8d28a0302234cc1bf7a15c882b924f9d58b2eeea,1
3613,apache/paimon,paimon-core,-1,e6ad7d1c4a72d99b58e1dbd998199c3fc45c9dc3,1
3613,apache/paimon,paimon-core,0,1baa49444461e21d18c12de610e1c7957f9c07ab,1
3613,apache/paimon,paimon-core,1,f201bbf4d69c866771d2de2f870a64bd2518e892,1
3613,apache/paimon,paimon-core,2,cc67e93594fad277138f03f188cc31bc4b0a0ee7,1
3613,apache/paimon,paimon-core,3,c0e4d313df54ce891e4f3dc4b8a16d0f24b1c374,1
3613,apache/paimon,paimon-core,4,37dbe90d353427cfd3de1cc01751b160cba9e95c,1
3613,apache/paimon,paimon-core,5,e3e7899cf8b8c691f535854354c70b573630116a,1
3613,apache/paimon,paimon-core,6,94e5265ddf43b6232809571c240205ddcfa0ed3b,1
3613,apache/paimon,paimon-core,7,cd5829f72c8ef055f16db7a68dc12a1884063ac7,1
3613,apache/paimon,paimon-core,8,1bfdb517e28c8a227bcc333a578f12d126d6440b,1
3613,apache/paimon,paimon-core,9,e2b5efa322e7d4ca569ae750a10c0b7607fa3a14,1
3613,apache/paimon,paimon-core,10,2ba38390687dbcc489d4557e484b41301880269c,1
3613,apache/paimon,paimon-core,11,30a7495fc49c2393eb0ce7edd89047b27aa79e24,1
3613,apache/paimon,paimon-core,12,abe5b4b496581b0a37a11965d4a72398e1695eb4,1
3613,apache/paimon,paimon-core,13,09e660c8732aaa683e3bfe861b539aa6a8085cd8,1
3613,apache/paimon,paimon-core,14,a39ff58e0451266ea4d5fd2b65bed005bfcbc4a5,1
3613,apache/paimon,paimon-core,15,fb80af280cd0c6fd9a7ac8ec23804d9a22721208,1
3613,apache/paimon,paimon-core,16,400e41782330c51892602574b040b9a7c90ec05e,1
3613,apache/paimon,paimon-core,17,d09f10f46f1b762df70e8ba2bfef0a8829ccad8a,1
3613,apache/paimon,paimon-core,18,8d65ce3343688e000468147379c4592c9f06cd69,1
3613,apache/paimon,paimon-core,19,eca41dd054975d6e3ae5bf2075424f5dcbd6b4cc,1
3613,apache/paimon,paimon-core,20,43b898a617adf3593c024f38db4e1bc43c61844b,1
3613,apache/paimon,paimon-core,21,4edc41b7a0b34c7b65e4368b13f5e215025b7362,1
3613,apache/paimon,paimon-core,22,317b4c58a72505717c97164dcf4dd8d19fe9ec69,1
3613,apache/paimon,paimon-core,23,eac27980ee298abb5a6f0fd1b850b03078e5df10,1
3613,apache/paimon,paimon-core,24,329e37b9179853af953f1eab47a19e7b2637f487,1
3613,apache/paimon,paimon-core,25,720a7a3a91a901411fafb781bfbc2c60a214869d,1
3613,apache/paimon,paimon-core,26,f4cd8c20cca6b2a052f2c93431b9a7af92ff7241,1
3613,apache/paimon,paimon-core,27,98e46495cd4849ab3be73916cf8c15ea6e5c5a3c,1
3613,apache/paimon,paimon-core,28,f84d830705798dd204f18a4c7cbbdaf5993a35a5,1
3613,apache/paimon,paimon-core,29,dd0a9f37d1c1e940c351db50bfc0e3adb670e3ee,1
3613,apache/paimon,paimon-core,30,0f6384b99369685f1c8f17d27b0e9f7d91d578d7,1
3613,apache/paimon,paimon-core,31,064db80c47bb2d4b3959bb61b8a1d07e5896bfec,1
3613,apache/paimon,paimon-core,32,082bbb13b8b9c96e984140c99a4d24c15821995f,1
3613,apache/paimon,paimon-core,33,3cd509e37e63d58823fdc89926ef415e08803171,1
3613,apache/paimon,paimon-core,34,701cf88c332b1449a352742cef013c589b0d975f,1
3613,apache/paimon,paimon-core,35,8c0c8f20a290698523611ee78d862166dd51f956,1
3613,apache/paimon,paimon-core,36,e33fa1e76285d9a56eea153b235701d1b0080304,1
3613,apache/paimon,paimon-core,37,ab957145c7d38c9faa74537a600aed430e7faf90,1
3613,apache/paimon,paimon-core,38,10e61f74dd5b8ebb5193ef2ad4f80f5dfd28493a,1
3613,apache/paimon,paimon-core,39,fde87c7073aa0dacc36c73bdbf31d7506991ee78,1
3613,apache/paimon,paimon-core,40,f7bf856b4b57ad3509117a1205e1376663eba27e,1
3613,apache/paimon,paimon-core,41,0c93d2033a0e5f6daa7a096140701fc475935583,1
3613,apache/paimon,paimon-core,42,2e850393dc0a326cf7a35ed91b64ecf5e5e1438b,1
3613,apache/paimon,paimon-core,43,c943c1ecf38ac4b61c3297352373aecb0a7b4f0d,1
3613,apache/paimon,paimon-core,44,247c13a383cfc3669d33ede2b986aad6254af3a9,1
3613,apache/paimon,paimon-core,45,70b56566104a8f6d66dd7e1f08ebab386ee0c44a,1
3613,apache/paimon,paimon-core,46,62f3a47947bd80c58e90057bef6cf50ed5a59a06,1
3613,apache/paimon,paimon-core,47,371fa748ce7b03ab12012656c8e39e20062439bb,1
3613,apache/paimon,paimon-core,48,6bc04261a1df8720ba9163d334022fd9764f6f8c,1
3613,apache/paimon,paimon-core,49,1a8c173dc07d7192e40e3ccb413e88d765f9cfbe,1
3613,apache/paimon,paimon-core,50,5ec8f4efe9355080d87196a259cc195b8e32ee4d,1
3613,apache/paimon,paimon-core,51,c29b1621bd59ca69041afe15d88d8012af4d88f0,1
3613,apache/paimon,paimon-core,52,8feb1be82b56aedff5bc93e10aab0fe73c5ac013,1
3613,apache/paimon,paimon-core,53,5690dff018ab4d6178f0f4f895593467b1478a68,1
3613,apache/paimon,paimon-core,54,ca5d7a12f680cb8ff76e2c7ae64a907596e82a60,1
3613,apache/paimon,paimon-core,55,892646ea85e2ab5baf0eb022c172166f5e8b164d,1
3613,apache/paimon,paimon-core,56,d1e733a9f335ef34deec0b2c0431511b1785df85,1
3613,apache/paimon,paimon-core,57,3e911f647bc11304e0c5c91176081617e8aec948,1
3613,apache/paimon,paimon-core,58,f350fb81cbe7a242f88be46873e4ffec7b566d67,1
3613,apache/paimon,paimon-core,59,f757b5258cd0f64ed27aeb432240fb5bbb379284,1
3613,apache/paimon,paimon-core,60,680aad70c3f50cb9293f91fb75eb773389475320,1
3613,apache/paimon,paimon-core,61,5aa1fc70e31921d689d83bfcb165b5255613d657,1
3613,apache/paimon,paimon-core,62,ce16065adb413a64d46f6c71e4b6a94b4b827022,1
3613,apache/paimon,paimon-core,63,f4d524e5ec6ab0eb2dd7572be6a08702cb73b81c,1
3613,apache/paimon,paimon-core,64,ed9698b683bb3e237bbaf952c36f556d25db793a,1
3613,apache/paimon,paimon-core,65,2439245fde3a392d16ced20b5377b40fd90394a1,1
3613,apache/paimon,paimon-core,66,9caef2b9659647548e1ca492a0a3724f58e4e1a0,1
3613,apache/paimon,paimon-core,67,8dee2a013a9d253a934f44111e302fb1d795db45,1
3613,apache/paimon,paimon-core,68,a04a08fb68d6466e3dc81f37efef4bfec6b65822,1
3613,apache/paimon,paimon-core,69,c933bfd337fee24dfedcea9469eaf1d21f8dbdb5,1
3613,apache/paimon,paimon-core,70,d257de5ca9d3eb567ef5e6c2407f0ff4f65a1897,1
3613,apache/paimon,paimon-core,71,91a89b4da99bc58f980f158c33c1f3c3b5e16e7b,1
3613,apache/paimon,paimon-core,72,6926fc3a7a7de4ede02cada8d0ed8e878815cfd7,1
3613,apache/paimon,paimon-core,73,25e06f2bce707afd03ff99f519af3891da4c80b1,1
3613,apache/paimon,paimon-core,74,eb30920396dfaa505e649561351b3d7e6b0aac68,1
3613,apache/paimon,paimon-core,75,9cfb5ccd859da7b3380be9e32678f3de1443674b,1
3613,apache/paimon,paimon-core,76,85eeda8d726e8a7ead2313ad3d4ad2dd08c89fd3,1
3613,apache/paimon,paimon-core,77,1ffca5da95bdfe94f745a64c614faeeb13a70fd0,1
3613,apache/paimon,paimon-core,78,0e400e68ddbc775c9acfaf80008cd3bc3bd9ffe3,1
3613,apache/paimon,paimon-core,79,7624b00ce4e66a0af97c7f7e09da3ee4a9f0e5c7,1
3613,apache/paimon,paimon-core,80,98bfcc770f92c6d6d6d2b4f5293169ebe57b73e0,1
3613,apache/paimon,paimon-core,81,b8e5a4b16495150730b0876f563f348e78339dff,1
3613,apache/paimon,paimon-core,82,82db6db575fa1068a818fb5afdb332c8ec12eb01,1
3613,apache/paimon,paimon-core,83,4762ff0bc6e5c352493d17eb8c59686afd512edb,1
3613,apache/paimon,paimon-core,84,ada017e7dc49d17364dc9ee5cbd83ca331d4d44a,1
3613,apache/paimon,paimon-core,85,6409d17c2c2b0c64f9a9eb50a0f9397f3bc60b4c,1
3613,apache/paimon,paimon-core,86,9b6d1a5d581df4bfd0a102af36a069bc9ad91607,1
3613,apache/paimon,paimon-core,87,f2be7c8c8be476abd9fa1a6ab0db8d1abbe1d841,1
3613,apache/paimon,paimon-core,88,e6c913216ce19a42f030bf463a9010454435df05,1
3613,apache/paimon,paimon-core,89,9aafa2a689554645baf6abbcf4b07e52279d8ce5,1
3613,apache/paimon,paimon-core,90,c44c0e6974be3b0871521ea2238c341eb72b8db0,1
3613,apache/paimon,paimon-core,91,e60ba2b704f295aa9f322a48f75ce80a8a595737,1
3613,apache/paimon,paimon-core,92,91f8e7d3f17a9df5f2426f88f80a3d683a7886fb,1
3613,apache/paimon,paimon-core,93,93d70104e4c2596d1d941bd71b7014257a7bf280,1
3613,apache/paimon,paimon-core,94,baff5050d51486716ee2e6bfd70cd06ae9a29fdf,1
3613,apache/paimon,paimon-core,95,f9c7891f6002cab4674c1a7f78074f5524b499e8,1
3613,apache/paimon,paimon-core,96,d52f438838d5b6ede3a92493a3059d8b78034369,1
3613,apache/paimon,paimon-core,97,65f2b731f0268f37077913db56b7de5edb716cb4,1
3613,apache/paimon,paimon-core,98,bc6eaac84af9cc5d4ab1ff0ea3d82cb6aaa6c25f,1
3613,apache/paimon,paimon-core,99,bc25e885c32bb6a69c397262438ff5c5f23880cd,1
3613,apache/paimon,paimon-core,100,ff2b49cb1b34168f8c4b6d978fcdff0cc3076358,1
